round,benchmark,stata_seconds,r_seconds,stata_over_r,max_stata_over_r
1,aggregation_bootstrap_dynamic_medium,0.054,0.031,1.74194,3
1,aggregation_calendar_medium,0.00185,0.00755,0.245033,1.8
1,aggregation_group_medium,0.00095,0.0011,0.863636,1.8
1,aggregation_medium,0.0025,0.0121,0.206612,1.8
1,aggregation_simple_medium,0.0014,0.00125,1.12,1.8
1,medium_panel,0.056,0.034,1.64706,1.8
1,medium_panel_bootstrap_cband_reg,0.15,0.072,2.08333,3
1,medium_panel_bootstrap_clustered_reg,0.088,0.053,1.66038,3
1,medium_panel_bootstrap_covariate_dr,0.198,0.11,1.8,3
1,medium_panel_bootstrap_default,0.127,0.08,1.5875,1.8
1,medium_panel_bootstrap_reg,0.15,0.072,2.08333,3
1,medium_panel_bootstrap_weighted_ipw,0.166,0.084,1.97619,3
1,medium_panel_clustered_reg,0.067,0.054,1.24074,1.8
1,medium_panel_covariate_dr,0.105,0.068,1.54412,1.8
1,medium_panel_fast_lean,0.055,0.034,1.61765,1.8
1,medium_panel_performance_auto,0.056,0.034,1.64706,1.8
1,medium_panel_weighted_ipw,0.0726667,0.0433333,1.67692,1.8
1,medium_unbalanced_bootstrap_cov_weight_dr,0.44,0.361,1.21884,3
1,medium_unbalanced_cov_weight_dr,0.347,0.154,2.25325,3
1,plot_attgt_medium,0.0017,0.03025,0.0561983,1.8
1,plot_calendar_medium,0.00065,0.0238,0.0273109,1.8
1,plot_dynamic_medium,0.00065,0.0234,0.0277778,1.8
1,plot_group_medium,0.00065,0.0238,0.0273109,1.8
1,small_smoke,0.003,0.029,0.103448,1.8
2,aggregation_bootstrap_dynamic_medium,0.057,0.031,1.83871,3
2,aggregation_calendar_medium,0.0018,0.00755,0.238411,1.8
2,aggregation_group_medium,0.00095,0.001,0.95,1.8
2,aggregation_medium,0.00265,0.0122,0.217213,1.8
2,aggregation_simple_medium,0.0015,0.00125,1.2,1.8
2,medium_panel,0.056,0.033,1.69697,1.8
2,medium_panel_bootstrap_cband_reg,0.151,0.073,2.06849,3
2,medium_panel_bootstrap_clustered_reg,0.088,0.053,1.66038,3
2,medium_panel_bootstrap_covariate_dr,0.199,0.106,1.87736,3
2,medium_panel_bootstrap_default,0.129,0.08,1.6125,1.8
2,medium_panel_bootstrap_reg,0.152,0.071,2.14085,3
2,medium_panel_bootstrap_weighted_ipw,0.166,0.083,2,3
2,medium_panel_clustered_reg,0.067,0.054,1.24074,1.8
2,medium_panel_covariate_dr,0.106,0.067,1.58209,1.8
2,medium_panel_fast_lean,0.055,0.033,1.66667,1.8
2,medium_panel_performance_auto,0.055,0.033,1.66667,1.8
2,medium_panel_weighted_ipw,0.074,0.044,1.68182,1.8
2,medium_unbalanced_bootstrap_cov_weight_dr,0.444,0.363,1.22314,3
2,medium_unbalanced_cov_weight_dr,0.348,0.151,2.30464,3
2,plot_attgt_medium,0.00195,0.03105,0.0628019,1.8
2,plot_calendar_medium,0.00065,0.02375,0.0273684,1.8
2,plot_dynamic_medium,0.00065,0.02335,0.0278373,1.8
2,plot_group_medium,0.00065,0.02345,0.0277186,1.8
2,small_smoke,0.003,0.028,0.107143,1.8
3,aggregation_bootstrap_dynamic_medium,0.055,0.031,1.77419,3
3,aggregation_calendar_medium,0.0019,0.00765,0.248366,1.8
3,aggregation_group_medium,0.001,0.001,1,1.8
3,aggregation_medium,0.0025,0.0121,0.206612,1.8
3,aggregation_simple_medium,0.0015,0.0013,1.15385,1.8
3,medium_panel,0.056,0.034,1.64706,1.8
3,medium_panel_bootstrap_cband_reg,0.15,0.073,2.05479,3
3,medium_panel_bootstrap_clustered_reg,0.087,0.053,1.64151,3
3,medium_panel_bootstrap_covariate_dr,0.198,0.107,1.85047,3
3,medium_panel_bootstrap_default,0.13,0.079,1.64557,1.8
3,medium_panel_bootstrap_reg,0.151,0.072,2.09722,3
3,medium_panel_bootstrap_weighted_ipw,0.164,0.086,1.90698,3
3,medium_panel_clustered_reg,0.068,0.055,1.23636,1.8
3,medium_panel_covariate_dr,0.111,0.068,1.63235,1.8
3,medium_panel_fast_lean,0.055,0.034,1.61765,1.8
3,medium_panel_performance_auto,0.055,0.034,1.61765,1.8
3,medium_panel_weighted_ipw,0.0726667,0.0436667,1.66412,1.8
3,medium_unbalanced_bootstrap_cov_weight_dr,0.442,0.362,1.22099,3
3,medium_unbalanced_cov_weight_dr,0.346,0.154,2.24675,3
3,plot_attgt_medium,0.0018,0.0299,0.0602007,1.8
3,plot_calendar_medium,0.0006,0.0241,0.0248963,1.8
3,plot_dynamic_medium,0.00065,0.0234,0.0277778,1.8
3,plot_group_medium,0.0006,0.0236,0.0254237,1.8
3,small_smoke,0.003,0.027,0.111111,1.8
4,aggregation_bootstrap_dynamic_medium,0.054,0.031,1.74194,3
4,aggregation_calendar_medium,0.0019,0.00775,0.245161,1.8
4,aggregation_group_medium,0.001,0.00095,1.05263,1.8
4,aggregation_medium,0.0025,0.0121,0.206612,1.8
4,aggregation_simple_medium,0.0014,0.00115,1.21739,1.8
4,medium_panel,0.055,0.033,1.66667,1.8
4,medium_panel_bootstrap_cband_reg,0.15,0.073,2.05479,3
4,medium_panel_bootstrap_clustered_reg,0.087,0.052,1.67308,3
4,medium_panel_bootstrap_covariate_dr,0.198,0.107,1.85047,3
4,medium_panel_bootstrap_default,0.128,0.08,1.6,1.8
4,medium_panel_bootstrap_reg,0.151,0.071,2.12676,3
4,medium_panel_bootstrap_weighted_ipw,0.164,0.085,1.92941,3
4,medium_panel_clustered_reg,0.084,0.055,1.52727,1.8
4,medium_panel_covariate_dr,0.105,0.07,1.5,1.8
4,medium_panel_fast_lean,0.055,0.033,1.66667,1.8
4,medium_panel_performance_auto,0.055,0.033,1.66667,1.8
4,medium_panel_weighted_ipw,0.0723333,0.0433333,1.66923,1.8
4,medium_unbalanced_bootstrap_cov_weight_dr,0.441,0.362,1.21823,3
4,medium_unbalanced_cov_weight_dr,0.345,0.153,2.2549,3
4,plot_attgt_medium,0.0018,0.0299,0.0602007,1.8
4,plot_calendar_medium,0.0006,0.02345,0.0255864,1.8
4,plot_dynamic_medium,0.00065,0.0232,0.0280172,1.8
4,plot_group_medium,0.0006,0.0234,0.025641,1.8
4,small_smoke,0.003,0.026,0.115385,1.8
5,aggregation_bootstrap_dynamic_medium,0.053,0.032,1.65625,3
5,aggregation_calendar_medium,0.0018,0.00775,0.232258,1.8
5,aggregation_group_medium,0.00095,0.001,0.95,1.8
5,aggregation_medium,0.00245,0.01215,0.201646,1.8
5,aggregation_simple_medium,0.0014,0.0011,1.27273,1.8
5,medium_panel,0.056,0.034,1.64706,1.8
5,medium_panel_bootstrap_cband_reg,0.15,0.072,2.08333,3
5,medium_panel_bootstrap_clustered_reg,0.089,0.054,1.64815,3
5,medium_panel_bootstrap_covariate_dr,0.198,0.107,1.85047,3
5,medium_panel_bootstrap_default,0.129,0.08,1.6125,1.8
5,medium_panel_bootstrap_reg,0.152,0.071,2.14085,3
5,medium_panel_bootstrap_weighted_ipw,0.167,0.083,2.01205,3
5,medium_panel_clustered_reg,0.067,0.054,1.24074,1.8
5,medium_panel_covariate_dr,0.104,0.068,1.52941,1.8
5,medium_panel_fast_lean,0.054,0.034,1.58824,1.8
5,medium_panel_performance_auto,0.054,0.034,1.58824,1.8
5,medium_panel_weighted_ipw,0.0726667,0.0433333,1.67692,1.8
5,medium_unbalanced_bootstrap_cov_weight_dr,0.443,0.36,1.23056,3
5,medium_unbalanced_cov_weight_dr,0.348,0.153,2.27451,3
5,plot_attgt_medium,0.00175,0.0301,0.0581395,1.8
5,plot_calendar_medium,0.00065,0.0233,0.027897,1.8
5,plot_dynamic_medium,0.00065,0.02365,0.0274841,1.8
5,plot_group_medium,0.0006,0.0236,0.0254237,1.8
5,small_smoke,0.003,0.027,0.111111,1.8
6,aggregation_bootstrap_dynamic_medium,0.054,0.031,1.74194,3
6,aggregation_calendar_medium,0.00185,0.0076,0.243421,1.8
6,aggregation_group_medium,0.001,0.001,1,1.8
6,aggregation_medium,0.00245,0.01235,0.198381,1.8
6,aggregation_simple_medium,0.0014,0.0012,1.16667,1.8
6,medium_panel,0.183,0.034,5.38235,1.8
6,medium_panel_bootstrap_cband_reg,0.15,0.073,2.05479,3
6,medium_panel_bootstrap_clustered_reg,0.088,0.053,1.66038,3
6,medium_panel_bootstrap_covariate_dr,0.197,0.107,1.84112,3
6,medium_panel_bootstrap_default,0.13,0.08,1.625,1.8
6,medium_panel_bootstrap_reg,0.152,0.072,2.11111,3
6,medium_panel_bootstrap_weighted_ipw,0.166,0.084,1.97619,3
6,medium_panel_clustered_reg,0.066,0.054,1.22222,1.8
6,medium_panel_covariate_dr,0.114,0.067,1.70149,1.8
6,medium_panel_fast_lean,0.055,0.034,1.61765,1.8
6,medium_panel_performance_auto,0.057,0.034,1.67647,1.8
6,medium_panel_weighted_ipw,0.072,0.0436667,1.64885,1.8
6,medium_unbalanced_bootstrap_cov_weight_dr,0.444,0.358,1.24022,3
6,medium_unbalanced_cov_weight_dr,0.349,0.15,2.32667,3
6,plot_attgt_medium,0.0018,0.03,0.06,1.8
6,plot_calendar_medium,0.0006,0.0232,0.0258621,1.8
6,plot_dynamic_medium,0.00065,0.02345,0.0277186,1.8
6,plot_group_medium,0.0006,0.02355,0.0254777,1.8
6,small_smoke,0.003,0.027,0.111111,1.8
7,aggregation_bootstrap_dynamic_medium,0.054,0.031,1.74194,3
7,aggregation_calendar_medium,0.00185,0.0077,0.24026,1.8
7,aggregation_group_medium,0.00095,0.00095,1,1.8
7,aggregation_medium,0.0025,0.0121,0.206612,1.8
7,aggregation_simple_medium,0.00145,0.00135,1.07407,1.8
7,medium_panel,0.056,0.033,1.69697,1.8
7,medium_panel_bootstrap_cband_reg,0.15,0.073,2.05479,3
7,medium_panel_bootstrap_clustered_reg,0.088,0.053,1.66038,3
7,medium_panel_bootstrap_covariate_dr,0.199,0.107,1.85981,3
7,medium_panel_bootstrap_default,0.127,0.08,1.5875,1.8
7,medium_panel_bootstrap_reg,0.151,0.071,2.12676,3
7,medium_panel_bootstrap_weighted_ipw,0.165,0.085,1.94118,3
7,medium_panel_clustered_reg,0.068,0.054,1.25926,1.8
7,medium_panel_covariate_dr,0.107,0.068,1.57353,1.8
7,medium_panel_fast_lean,0.056,0.033,1.69697,1.8
7,medium_panel_performance_auto,0.056,0.033,1.69697,1.8
7,medium_panel_weighted_ipw,0.0783333,0.0433333,1.80769,1.8
7,medium_unbalanced_bootstrap_cov_weight_dr,0.442,0.357,1.2381,3
7,medium_unbalanced_cov_weight_dr,0.347,0.151,2.29801,3
7,plot_attgt_medium,0.0017,0.03005,0.0565724,1.8
7,plot_calendar_medium,0.0006,0.0234,0.025641,1.8
7,plot_dynamic_medium,0.0006,0.02335,0.0256959,1.8
7,plot_group_medium,0.0006,0.0238,0.0252101,1.8
7,small_smoke,0.003,0.028,0.107143,1.8
8,aggregation_bootstrap_dynamic_medium,0.055,0.031,1.77419,3
8,aggregation_calendar_medium,0.0018,0.0075,0.24,1.8
8,aggregation_group_medium,0.0009,0.001,0.9,1.8
8,aggregation_medium,0.00245,0.0122,0.20082,1.8
8,aggregation_simple_medium,0.00145,0.0013,1.11538,1.8
8,medium_panel,0.056,0.033,1.69697,1.8
8,medium_panel_bootstrap_cband_reg,0.151,0.073,2.06849,3
8,medium_panel_bootstrap_clustered_reg,0.088,0.053,1.66038,3
8,medium_panel_bootstrap_covariate_dr,0.197,0.105,1.87619,3
8,medium_panel_bootstrap_default,0.128,0.08,1.6,1.8
8,medium_panel_bootstrap_reg,0.152,0.071,2.14085,3
8,medium_panel_bootstrap_weighted_ipw,0.165,0.084,1.96429,3
8,medium_panel_clustered_reg,0.068,0.054,1.25926,1.8
8,medium_panel_covariate_dr,0.107,0.068,1.57353,1.8
8,medium_panel_fast_lean,0.055,0.033,1.66667,1.8
8,medium_panel_performance_auto,0.055,0.033,1.66667,1.8
8,medium_panel_weighted_ipw,0.0736667,0.0443333,1.66165,1.8
8,medium_unbalanced_bootstrap_cov_weight_dr,0.443,0.359,1.23398,3
8,medium_unbalanced_cov_weight_dr,0.347,0.152,2.28289,3
8,plot_attgt_medium,0.00175,0.0299,0.0585284,1.8
8,plot_calendar_medium,0.00065,0.02325,0.027957,1.8
8,plot_dynamic_medium,0.00065,0.0233,0.027897,1.8
8,plot_group_medium,0.00065,0.0233,0.027897,1.8
8,small_smoke,0.003,0.026,0.115385,1.8
9,aggregation_bootstrap_dynamic_medium,0.056,0.031,1.80645,3
9,aggregation_calendar_medium,0.00185,0.0076,0.243421,1.8
9,aggregation_group_medium,0.00095,0.00105,0.904762,1.8
9,aggregation_medium,0.00255,0.0121,0.210744,1.8
9,aggregation_simple_medium,0.00145,0.00125,1.16,1.8
9,medium_panel,0.055,0.034,1.61765,1.8
9,medium_panel_bootstrap_cband_reg,0.15,0.072,2.08333,3
9,medium_panel_bootstrap_clustered_reg,0.087,0.053,1.64151,3
9,medium_panel_bootstrap_covariate_dr,0.197,0.107,1.84112,3
9,medium_panel_bootstrap_default,0.128,0.08,1.6,1.8
9,medium_panel_bootstrap_reg,0.151,0.072,2.09722,3
9,medium_panel_bootstrap_weighted_ipw,0.166,0.084,1.97619,3
9,medium_panel_clustered_reg,0.071,0.055,1.29091,1.8
9,medium_panel_covariate_dr,0.106,0.064,1.65625,1.8
9,medium_panel_fast_lean,0.055,0.034,1.61765,1.8
9,medium_panel_performance_auto,0.055,0.034,1.61765,1.8
9,medium_panel_weighted_ipw,0.0736667,0.0436667,1.68702,1.8
9,medium_unbalanced_bootstrap_cov_weight_dr,0.44,0.358,1.22905,3
9,medium_unbalanced_cov_weight_dr,0.347,0.149,2.32886,3
9,plot_attgt_medium,0.0018,0.03015,0.0597015,1.8
9,plot_calendar_medium,0.0006,0.02345,0.0255864,1.8
9,plot_dynamic_medium,0.00065,0.02325,0.027957,1.8
9,plot_group_medium,0.0006,0.0234,0.025641,1.8
9,small_smoke,0.003,0.026,0.115385,1.8
10,aggregation_bootstrap_dynamic_medium,0.056,0.031,1.80645,3
10,aggregation_calendar_medium,0.00185,0.00755,0.245033,1.8
10,aggregation_group_medium,0.0009,0.001,0.9,1.8
10,aggregation_medium,0.0025,0.0124,0.201613,1.8
10,aggregation_simple_medium,0.0015,0.00125,1.2,1.8
10,medium_panel,0.056,0.034,1.64706,1.8
10,medium_panel_bootstrap_cband_reg,0.151,0.073,2.06849,3
10,medium_panel_bootstrap_clustered_reg,0.089,0.053,1.67925,3
10,medium_panel_bootstrap_covariate_dr,0.198,0.109,1.81651,3
10,medium_panel_bootstrap_default,0.13,0.08,1.625,1.8
10,medium_panel_bootstrap_reg,0.151,0.072,2.09722,3
10,medium_panel_bootstrap_weighted_ipw,0.168,0.083,2.0241,3
10,medium_panel_clustered_reg,0.069,0.055,1.25455,1.8
10,medium_panel_covariate_dr,0.107,0.07,1.52857,1.8
10,medium_panel_fast_lean,0.055,0.034,1.61765,1.8
10,medium_panel_performance_auto,0.056,0.034,1.64706,1.8
10,medium_panel_weighted_ipw,0.0736667,0.0433333,1.7,1.8
10,medium_unbalanced_bootstrap_cov_weight_dr,0.445,0.362,1.22928,3
10,medium_unbalanced_cov_weight_dr,0.347,0.154,2.25325,3
10,plot_attgt_medium,0.0018,0.03035,0.0593081,1.8
10,plot_calendar_medium,0.0006,0.02355,0.0254777,1.8
10,plot_dynamic_medium,0.00065,0.0236,0.0275424,1.8
10,plot_group_medium,0.0006,0.02355,0.0254777,1.8
10,small_smoke,0.003,0.027,0.111111,1.8
11,aggregation_bootstrap_dynamic_medium,0.056,0.031,1.80645,3
11,aggregation_calendar_medium,0.00185,0.00755,0.245033,1.8
11,aggregation_group_medium,0.001,0.001,1,1.8
11,aggregation_medium,0.00245,0.0122,0.20082,1.8
11,aggregation_simple_medium,0.0014,0.0012,1.16667,1.8
11,medium_panel,0.055,0.033,1.66667,1.8
11,medium_panel_bootstrap_cband_reg,0.151,0.073,2.06849,3
11,medium_panel_bootstrap_clustered_reg,0.088,0.053,1.66038,3
11,medium_panel_bootstrap_covariate_dr,0.199,0.113,1.76106,3
11,medium_panel_bootstrap_default,0.129,0.079,1.63291,1.8
11,medium_panel_bootstrap_reg,0.153,0.072,2.125,3
11,medium_panel_bootstrap_weighted_ipw,0.166,0.084,1.97619,3
11,medium_panel_clustered_reg,0.068,0.053,1.28302,1.8
11,medium_panel_covariate_dr,0.108,0.067,1.61194,1.8
11,medium_panel_fast_lean,0.055,0.033,1.66667,1.8
11,medium_panel_performance_auto,0.055,0.033,1.66667,1.8
11,medium_panel_weighted_ipw,0.0736667,0.0436667,1.68702,1.8
11,medium_unbalanced_bootstrap_cov_weight_dr,0.447,0.358,1.2486,3
11,medium_unbalanced_cov_weight_dr,0.351,0.152,2.30921,3
11,plot_attgt_medium,0.0019,0.031,0.0612903,1.8
11,plot_calendar_medium,0.00065,0.0236,0.0275424,1.8
11,plot_dynamic_medium,0.00065,0.02335,0.0278373,1.8
11,plot_group_medium,0.0006,0.0237,0.0253165,1.8
11,small_smoke,0.003,0.027,0.111111,1.8
12,aggregation_bootstrap_dynamic_medium,0.054,0.031,1.74194,3
12,aggregation_calendar_medium,0.0018,0.00755,0.238411,1.8
12,aggregation_group_medium,0.001,0.001,1,1.8
12,aggregation_medium,0.0026,0.01225,0.212245,1.8
12,aggregation_simple_medium,0.0015,0.00115,1.30435,1.8
12,medium_panel,0.055,0.033,1.66667,1.8
12,medium_panel_bootstrap_cband_reg,0.15,0.074,2.02703,3
12,medium_panel_bootstrap_clustered_reg,0.086,0.053,1.62264,3
12,medium_panel_bootstrap_covariate_dr,0.198,0.107,1.85047,3
12,medium_panel_bootstrap_default,0.129,0.079,1.63291,1.8
12,medium_panel_bootstrap_reg,0.152,0.072,2.11111,3
12,medium_panel_bootstrap_weighted_ipw,0.167,0.084,1.9881,3
12,medium_panel_clustered_reg,0.067,0.054,1.24074,1.8
12,medium_panel_covariate_dr,0.107,0.065,1.64615,1.8
12,medium_panel_fast_lean,0.055,0.033,1.66667,1.8
12,medium_panel_performance_auto,0.055,0.033,1.66667,1.8
12,medium_panel_weighted_ipw,0.079,0.0453333,1.74265,1.8
12,medium_unbalanced_bootstrap_cov_weight_dr,0.446,0.354,1.25989,3
12,medium_unbalanced_cov_weight_dr,0.347,0.152,2.28289,3
12,plot_attgt_medium,0.00175,0.0299,0.0585284,1.8
12,plot_calendar_medium,0.00065,0.02325,0.027957,1.8
12,plot_dynamic_medium,0.0007,0.0233,0.0300429,1.8
12,plot_group_medium,0.0006,0.0237,0.0253165,1.8
12,small_smoke,0.003,0.026,0.115385,1.8
