qual-agg-small,seed400,0,agg_storeall,1,1,5000,6,.102
qual-agg-small,seed400,0,agg_storeall,1,2,5000,6,.099
qual-agg-small,seed400,0,agg_storeall,1,3,5000,6,.099
qual-agg-small,seed400,0,agg_calendar,2,1,5000,25,.0094
qual-agg-small,seed400,0,agg_calendar,2,2,5000,25,.00916
qual-agg-small,seed400,0,agg_calendar,2,3,5000,25,.0092
qual-agg-small,seed400,0,agg_simple,3,1,5000,25,.00728
qual-agg-small,seed400,0,agg_simple,3,2,5000,25,.00756
qual-agg-small,seed400,0,agg_simple,3,3,5000,25,.0074
qual-agg-small,seed400,0,agg_group,4,1,5000,25,.004
qual-agg-small,seed400,0,agg_group,4,2,5000,25,.00392
qual-agg-small,seed400,0,agg_group,4,3,5000,25,.004
qual-agg-small,seed400,0,agg_dynamic,5,1,5000,25,.0148
qual-agg-small,seed400,0,agg_dynamic,5,2,5000,25,.01432
qual-agg-small,seed400,0,agg_dynamic,5,3,5000,25,.01432
qual-agg-small,head,0,agg_storeall,1,1,5000,6,.098
qual-agg-small,head,0,agg_storeall,1,2,5000,6,.0978333333333333
qual-agg-small,head,0,agg_storeall,1,3,5000,6,.1023333333333333
qual-agg-small,head,0,agg_calendar,2,1,5000,25,.00884
qual-agg-small,head,0,agg_calendar,2,2,5000,25,.00996
qual-agg-small,head,0,agg_calendar,2,3,5000,25,.00872
qual-agg-small,head,0,agg_simple,3,1,5000,25,.0076
qual-agg-small,head,0,agg_simple,3,2,5000,25,.008
qual-agg-small,head,0,agg_simple,3,3,5000,25,.00752
qual-agg-small,head,0,agg_group,4,1,5000,25,.00384
qual-agg-small,head,0,agg_group,4,2,5000,25,.00376
qual-agg-small,head,0,agg_group,4,3,5000,25,.00368
qual-agg-small,head,0,agg_dynamic,5,1,5000,25,.02056
qual-agg-small,head,0,agg_dynamic,5,2,5000,25,.01384
qual-agg-small,head,0,agg_dynamic,5,3,5000,25,.01856
qual-agg-small,seed400,1,agg_simple,1,1,5000,25,.00764
qual-agg-small,seed400,1,agg_simple,1,2,5000,25,.0074
qual-agg-small,seed400,1,agg_simple,1,3,5000,25,.00756
qual-agg-small,seed400,1,agg_group,2,1,5000,25,.00396
qual-agg-small,seed400,1,agg_group,2,2,5000,25,.00392
qual-agg-small,seed400,1,agg_group,2,3,5000,25,.00384
qual-agg-small,seed400,1,agg_dynamic,3,1,5000,25,.0144
qual-agg-small,seed400,1,agg_dynamic,3,2,5000,25,.01444
qual-agg-small,seed400,1,agg_dynamic,3,3,5000,25,.01456
qual-agg-small,seed400,1,agg_calendar,4,1,5000,25,.00936
qual-agg-small,seed400,1,agg_calendar,4,2,5000,25,.00928
qual-agg-small,seed400,1,agg_calendar,4,3,5000,25,.00916
qual-agg-small,seed400,1,agg_storeall,5,1,5000,6,.0981666666666667
qual-agg-small,seed400,1,agg_storeall,5,2,5000,6,.0983333333333333
qual-agg-small,seed400,1,agg_storeall,5,3,5000,6,.0983333333333333
qual-agg-small,head,1,agg_simple,1,1,5000,25,.0074
qual-agg-small,head,1,agg_simple,1,2,5000,25,.00736
qual-agg-small,head,1,agg_simple,1,3,5000,25,.00748
qual-agg-small,head,1,agg_group,2,1,5000,25,.00376
qual-agg-small,head,1,agg_group,2,2,5000,25,.00372
qual-agg-small,head,1,agg_group,2,3,5000,25,.0038
qual-agg-small,head,1,agg_dynamic,3,1,5000,25,.01436
qual-agg-small,head,1,agg_dynamic,3,2,5000,25,.01376
qual-agg-small,head,1,agg_dynamic,3,3,5000,25,.01372
qual-agg-small,head,1,agg_calendar,4,1,5000,25,.00888
qual-agg-small,head,1,agg_calendar,4,2,5000,25,.0088
qual-agg-small,head,1,agg_calendar,4,3,5000,25,.00892
qual-agg-small,head,1,agg_storeall,5,1,5000,6,.0981666666666667
qual-agg-small,head,1,agg_storeall,5,2,5000,6,.0986666666666667
qual-agg-small,head,1,agg_storeall,5,3,5000,6,.0995
qual-agg-small,seed400,2,agg_storeall,1,1,5000,6,.098
qual-agg-small,seed400,2,agg_storeall,1,2,5000,6,.098
qual-agg-small,seed400,2,agg_storeall,1,3,5000,6,.0981666666666667
qual-agg-small,seed400,2,agg_group,2,1,5000,25,.00396
qual-agg-small,seed400,2,agg_group,2,2,5000,25,.00384
qual-agg-small,seed400,2,agg_group,2,3,5000,25,.00392
qual-agg-small,seed400,2,agg_dynamic,3,1,5000,25,.01424
qual-agg-small,seed400,2,agg_dynamic,3,2,5000,25,.01452
qual-agg-small,seed400,2,agg_dynamic,3,3,5000,25,.01596
qual-agg-small,seed400,2,agg_calendar,4,1,5000,25,.00928
qual-agg-small,seed400,2,agg_calendar,4,2,5000,25,.00944
qual-agg-small,seed400,2,agg_calendar,4,3,5000,25,.00908
qual-agg-small,seed400,2,agg_simple,5,1,5000,25,.0074
qual-agg-small,seed400,2,agg_simple,5,2,5000,25,.0074
qual-agg-small,seed400,2,agg_simple,5,3,5000,25,.00752
qual-agg-small,head,2,agg_storeall,1,1,5000,6,.0981666666666667
qual-agg-small,head,2,agg_storeall,1,2,5000,6,.0981666666666667
qual-agg-small,head,2,agg_storeall,1,3,5000,6,.0995
qual-agg-small,head,2,agg_group,2,1,5000,25,.00392
qual-agg-small,head,2,agg_group,2,2,5000,25,.00392
qual-agg-small,head,2,agg_group,2,3,5000,25,.00372
qual-agg-small,head,2,agg_dynamic,3,1,5000,25,.014
qual-agg-small,head,2,agg_dynamic,3,2,5000,25,.01396
qual-agg-small,head,2,agg_dynamic,3,3,5000,25,.01404
qual-agg-small,head,2,agg_calendar,4,1,5000,25,.00892
qual-agg-small,head,2,agg_calendar,4,2,5000,25,.009
qual-agg-small,head,2,agg_calendar,4,3,5000,25,.00912
qual-agg-small,head,2,agg_simple,5,1,5000,25,.00744
qual-agg-small,head,2,agg_simple,5,2,5000,25,.00744
qual-agg-small,head,2,agg_simple,5,3,5000,25,.00752
qual-agg-small,seed400,3,agg_dynamic,1,1,5000,25,.01432
qual-agg-small,seed400,3,agg_dynamic,1,2,5000,25,.0142
qual-agg-small,seed400,3,agg_dynamic,1,3,5000,25,.0158
qual-agg-small,seed400,3,agg_calendar,2,1,5000,25,.00932
qual-agg-small,seed400,3,agg_calendar,2,2,5000,25,.0094
qual-agg-small,seed400,3,agg_calendar,2,3,5000,25,.00908
qual-agg-small,seed400,3,agg_simple,3,1,5000,25,.00744
qual-agg-small,seed400,3,agg_simple,3,2,5000,25,.00768
qual-agg-small,seed400,3,agg_simple,3,3,5000,25,.00732
qual-agg-small,seed400,3,agg_group,4,1,5000,25,.00388
qual-agg-small,seed400,3,agg_group,4,2,5000,25,.00384
qual-agg-small,seed400,3,agg_group,4,3,5000,25,.00388
qual-agg-small,seed400,3,agg_storeall,5,1,5000,6,.0986666666666667
qual-agg-small,seed400,3,agg_storeall,5,2,5000,6,.0985
qual-agg-small,seed400,3,agg_storeall,5,3,5000,6,.0986666666666667
qual-agg-small,head,3,agg_dynamic,1,1,5000,25,.01352
qual-agg-small,head,3,agg_dynamic,1,2,5000,25,.01368
qual-agg-small,head,3,agg_dynamic,1,3,5000,25,.01364
qual-agg-small,head,3,agg_calendar,2,1,5000,25,.00912
qual-agg-small,head,3,agg_calendar,2,2,5000,25,.0092
qual-agg-small,head,3,agg_calendar,2,3,5000,25,.00912
qual-agg-small,head,3,agg_simple,3,1,5000,25,.0074
qual-agg-small,head,3,agg_simple,3,2,5000,25,.00732
qual-agg-small,head,3,agg_simple,3,3,5000,25,.00736
qual-agg-small,head,3,agg_group,4,1,5000,25,.00404
qual-agg-small,head,3,agg_group,4,2,5000,25,.00388
qual-agg-small,head,3,agg_group,4,3,5000,25,.00376
qual-agg-small,head,3,agg_storeall,5,1,5000,6,.0975
qual-agg-small,head,3,agg_storeall,5,2,5000,6,.0978333333333333
qual-agg-small,head,3,agg_storeall,5,3,5000,6,.0976666666666667
qual-agg-small,seed400,4,agg_storeall,1,1,5000,6,.0996666666666667
qual-agg-small,seed400,4,agg_storeall,1,2,5000,6,.1
qual-agg-small,seed400,4,agg_storeall,1,3,5000,6,.0983333333333333
qual-agg-small,seed400,4,agg_calendar,2,1,5000,25,.009
qual-agg-small,seed400,4,agg_calendar,2,2,5000,25,.00892
qual-agg-small,seed400,4,agg_calendar,2,3,5000,25,.0088
qual-agg-small,seed400,4,agg_simple,3,1,5000,25,.00752
qual-agg-small,seed400,4,agg_simple,3,2,5000,25,.00732
qual-agg-small,seed400,4,agg_simple,3,3,5000,25,.00744
qual-agg-small,seed400,4,agg_group,4,1,5000,25,.00376
qual-agg-small,seed400,4,agg_group,4,2,5000,25,.0038
qual-agg-small,seed400,4,agg_group,4,3,5000,25,.0038
qual-agg-small,seed400,4,agg_dynamic,5,1,5000,25,.01384
qual-agg-small,seed400,4,agg_dynamic,5,2,5000,25,.01396
qual-agg-small,seed400,4,agg_dynamic,5,3,5000,25,.0138
qual-agg-small,head,4,agg_storeall,1,1,5000,6,.0985
qual-agg-small,head,4,agg_storeall,1,2,5000,6,.0986666666666667
qual-agg-small,head,4,agg_storeall,1,3,5000,6,.0981666666666667
qual-agg-small,head,4,agg_calendar,2,1,5000,25,.00856
qual-agg-small,head,4,agg_calendar,2,2,5000,25,.00876
qual-agg-small,head,4,agg_calendar,2,3,5000,25,.0088
qual-agg-small,head,4,agg_simple,3,1,5000,25,.00732
qual-agg-small,head,4,agg_simple,3,2,5000,25,.00724
qual-agg-small,head,4,agg_simple,3,3,5000,25,.00716
qual-agg-small,head,4,agg_group,4,1,5000,25,.00368
qual-agg-small,head,4,agg_group,4,2,5000,25,.00368
qual-agg-small,head,4,agg_group,4,3,5000,25,.00368
qual-agg-small,head,4,agg_dynamic,5,1,5000,25,.01368
qual-agg-small,head,4,agg_dynamic,5,2,5000,25,.0134
qual-agg-small,head,4,agg_dynamic,5,3,5000,25,.01348
qual-agg-small,seed400,5,agg_simple,1,1,5000,25,.00732
qual-agg-small,seed400,5,agg_simple,1,2,5000,25,.00728
qual-agg-small,seed400,5,agg_simple,1,3,5000,25,.00728
qual-agg-small,seed400,5,agg_group,2,1,5000,25,.00392
qual-agg-small,seed400,5,agg_group,2,2,5000,25,.00412
qual-agg-small,seed400,5,agg_group,2,3,5000,25,.00388
qual-agg-small,seed400,5,agg_dynamic,3,1,5000,25,.0138
qual-agg-small,seed400,5,agg_dynamic,3,2,5000,25,.01396
qual-agg-small,seed400,5,agg_dynamic,3,3,5000,25,.0142
qual-agg-small,seed400,5,agg_calendar,4,1,5000,25,.00896
qual-agg-small,seed400,5,agg_calendar,4,2,5000,25,.00904
qual-agg-small,seed400,5,agg_calendar,4,3,5000,25,.00884
qual-agg-small,seed400,5,agg_storeall,5,1,5000,6,.0986666666666667
qual-agg-small,seed400,5,agg_storeall,5,2,5000,6,.1016666666666667
qual-agg-small,seed400,5,agg_storeall,5,3,5000,6,.0985
qual-agg-small,head,5,agg_simple,1,1,5000,25,.00736
qual-agg-small,head,5,agg_simple,1,2,5000,25,.00744
qual-agg-small,head,5,agg_simple,1,3,5000,25,.00784
qual-agg-small,head,5,agg_group,2,1,5000,25,.00364
qual-agg-small,head,5,agg_group,2,2,5000,25,.00364
qual-agg-small,head,5,agg_group,2,3,5000,25,.00364
qual-agg-small,head,5,agg_dynamic,3,1,5000,25,.01376
qual-agg-small,head,5,agg_dynamic,3,2,5000,25,.01344
qual-agg-small,head,5,agg_dynamic,3,3,5000,25,.01356
qual-agg-small,head,5,agg_calendar,4,1,5000,25,.00872
qual-agg-small,head,5,agg_calendar,4,2,5000,25,.00868
qual-agg-small,head,5,agg_calendar,4,3,5000,25,.00872
qual-agg-small,head,5,agg_storeall,5,1,5000,6,.098
qual-agg-small,head,5,agg_storeall,5,2,5000,6,.098
qual-agg-small,head,5,agg_storeall,5,3,5000,6,.0978333333333333
qual-agg-small,seed400,6,agg_storeall,1,1,5000,6,.0985
qual-agg-small,seed400,6,agg_storeall,1,2,5000,6,.0985
qual-agg-small,seed400,6,agg_storeall,1,3,5000,6,.0978333333333333
qual-agg-small,seed400,6,agg_group,2,1,5000,25,.00376
qual-agg-small,seed400,6,agg_group,2,2,5000,25,.0038
qual-agg-small,seed400,6,agg_group,2,3,5000,25,.00384
qual-agg-small,seed400,6,agg_dynamic,3,1,5000,25,.01376
qual-agg-small,seed400,6,agg_dynamic,3,2,5000,25,.01404
qual-agg-small,seed400,6,agg_dynamic,3,3,5000,25,.01412
qual-agg-small,seed400,6,agg_calendar,4,1,5000,25,.00884
qual-agg-small,seed400,6,agg_calendar,4,2,5000,25,.0088
qual-agg-small,seed400,6,agg_calendar,4,3,5000,25,.00912
qual-agg-small,seed400,6,agg_simple,5,1,5000,25,.00728
qual-agg-small,seed400,6,agg_simple,5,2,5000,25,.00728
qual-agg-small,seed400,6,agg_simple,5,3,5000,25,.00732
qual-agg-small,head,6,agg_storeall,1,1,5000,6,.0978333333333333
qual-agg-small,head,6,agg_storeall,1,2,5000,6,.0978333333333333
qual-agg-small,head,6,agg_storeall,1,3,5000,6,.0981666666666667
qual-agg-small,head,6,agg_group,2,1,5000,25,.00372
qual-agg-small,head,6,agg_group,2,2,5000,25,.00376
qual-agg-small,head,6,agg_group,2,3,5000,25,.00372
qual-agg-small,head,6,agg_dynamic,3,1,5000,25,.014
qual-agg-small,head,6,agg_dynamic,3,2,5000,25,.01368
qual-agg-small,head,6,agg_dynamic,3,3,5000,25,.0138
qual-agg-small,head,6,agg_calendar,4,1,5000,25,.00896
qual-agg-small,head,6,agg_calendar,4,2,5000,25,.00956
qual-agg-small,head,6,agg_calendar,4,3,5000,25,.00888
qual-agg-small,head,6,agg_simple,5,1,5000,25,.00732
qual-agg-small,head,6,agg_simple,5,2,5000,25,.00752
qual-agg-small,head,6,agg_simple,5,3,5000,25,.00736
qual-agg-small,seed400,7,agg_dynamic,1,1,5000,25,.01376
qual-agg-small,seed400,7,agg_dynamic,1,2,5000,25,.01384
qual-agg-small,seed400,7,agg_dynamic,1,3,5000,25,.01372
qual-agg-small,seed400,7,agg_calendar,2,1,5000,25,.00872
qual-agg-small,seed400,7,agg_calendar,2,2,5000,25,.00884
qual-agg-small,seed400,7,agg_calendar,2,3,5000,25,.0088
qual-agg-small,seed400,7,agg_simple,3,1,5000,25,.0072
qual-agg-small,seed400,7,agg_simple,3,2,5000,25,.0072
qual-agg-small,seed400,7,agg_simple,3,3,5000,25,.00716
qual-agg-small,seed400,7,agg_group,4,1,5000,25,.00376
qual-agg-small,seed400,7,agg_group,4,2,5000,25,.00384
qual-agg-small,seed400,7,agg_group,4,3,5000,25,.0038
qual-agg-small,seed400,7,agg_storeall,5,1,5000,6,.0978333333333333
qual-agg-small,seed400,7,agg_storeall,5,2,5000,6,.0983333333333333
qual-agg-small,seed400,7,agg_storeall,5,3,5000,6,.0985
qual-agg-small,head,7,agg_dynamic,1,1,5000,25,.01384
qual-agg-small,head,7,agg_dynamic,1,2,5000,25,.01368
qual-agg-small,head,7,agg_dynamic,1,3,5000,25,.01388
qual-agg-small,head,7,agg_calendar,2,1,5000,25,.0094
qual-agg-small,head,7,agg_calendar,2,2,5000,25,.009
qual-agg-small,head,7,agg_calendar,2,3,5000,25,.00876
qual-agg-small,head,7,agg_simple,3,1,5000,25,.008
qual-agg-small,head,7,agg_simple,3,2,5000,25,.00732
qual-agg-small,head,7,agg_simple,3,3,5000,25,.00732
qual-agg-small,head,7,agg_group,4,1,5000,25,.00368
qual-agg-small,head,7,agg_group,4,2,5000,25,.00376
qual-agg-small,head,7,agg_group,4,3,5000,25,.00372
qual-agg-small,head,7,agg_storeall,5,1,5000,6,.0983333333333333
qual-agg-small,head,7,agg_storeall,5,2,5000,6,.0976666666666667
qual-agg-small,head,7,agg_storeall,5,3,5000,6,.0985
qual-agg-small,seed400,8,agg_storeall,1,1,5000,6,.0983333333333333
qual-agg-small,seed400,8,agg_storeall,1,2,5000,6,.0983333333333333
qual-agg-small,seed400,8,agg_storeall,1,3,5000,6,.098
qual-agg-small,seed400,8,agg_calendar,2,1,5000,25,.00892
qual-agg-small,seed400,8,agg_calendar,2,2,5000,25,.00888
qual-agg-small,seed400,8,agg_calendar,2,3,5000,25,.00904
qual-agg-small,seed400,8,agg_simple,3,1,5000,25,.00732
qual-agg-small,seed400,8,agg_simple,3,2,5000,25,.00736
qual-agg-small,seed400,8,agg_simple,3,3,5000,25,.00724
qual-agg-small,seed400,8,agg_group,4,1,5000,25,.00376
qual-agg-small,seed400,8,agg_group,4,2,5000,25,.0038
qual-agg-small,seed400,8,agg_group,4,3,5000,25,.00392
qual-agg-small,seed400,8,agg_dynamic,5,1,5000,25,.01428
qual-agg-small,seed400,8,agg_dynamic,5,2,5000,25,.01388
qual-agg-small,seed400,8,agg_dynamic,5,3,5000,25,.014
qual-agg-small,head,8,agg_storeall,1,1,5000,6,.0978333333333333
qual-agg-small,head,8,agg_storeall,1,2,5000,6,.0983333333333333
qual-agg-small,head,8,agg_storeall,1,3,5000,6,.098
qual-agg-small,head,8,agg_calendar,2,1,5000,25,.00892
qual-agg-small,head,8,agg_calendar,2,2,5000,25,.00876
qual-agg-small,head,8,agg_calendar,2,3,5000,25,.00864
qual-agg-small,head,8,agg_simple,3,1,5000,25,.00728
qual-agg-small,head,8,agg_simple,3,2,5000,25,.00824
qual-agg-small,head,8,agg_simple,3,3,5000,25,.00756
qual-agg-small,head,8,agg_group,4,1,5000,25,.00376
qual-agg-small,head,8,agg_group,4,2,5000,25,.0038
qual-agg-small,head,8,agg_group,4,3,5000,25,.00376
qual-agg-small,head,8,agg_dynamic,5,1,5000,25,.01368
qual-agg-small,head,8,agg_dynamic,5,2,5000,25,.01376
qual-agg-small,head,8,agg_dynamic,5,3,5000,25,.01368
qual-agg-small,seed400,9,agg_simple,1,1,5000,25,.00744
qual-agg-small,seed400,9,agg_simple,1,2,5000,25,.0076
qual-agg-small,seed400,9,agg_simple,1,3,5000,25,.00744
qual-agg-small,seed400,9,agg_group,2,1,5000,25,.00392
qual-agg-small,seed400,9,agg_group,2,2,5000,25,.00392
qual-agg-small,seed400,9,agg_group,2,3,5000,25,.00388
qual-agg-small,seed400,9,agg_dynamic,3,1,5000,25,.01484
qual-agg-small,seed400,9,agg_dynamic,3,2,5000,25,.01436
qual-agg-small,seed400,9,agg_dynamic,3,3,5000,25,.01464
qual-agg-small,seed400,9,agg_calendar,4,1,5000,25,.00912
qual-agg-small,seed400,9,agg_calendar,4,2,5000,25,.00912
qual-agg-small,seed400,9,agg_calendar,4,3,5000,25,.0092
qual-agg-small,seed400,9,agg_storeall,5,1,5000,6,.0985
qual-agg-small,seed400,9,agg_storeall,5,2,5000,6,.0985
qual-agg-small,seed400,9,agg_storeall,5,3,5000,6,.0986666666666667
qual-agg-small,head,9,agg_simple,1,1,5000,25,.00724
qual-agg-small,head,9,agg_simple,1,2,5000,25,.00728
qual-agg-small,head,9,agg_simple,1,3,5000,25,.00732
qual-agg-small,head,9,agg_group,2,1,5000,25,.0052
qual-agg-small,head,9,agg_group,2,2,5000,25,.00452
qual-agg-small,head,9,agg_group,2,3,5000,25,.00456
qual-agg-small,head,9,agg_dynamic,3,1,5000,25,.01384
qual-agg-small,head,9,agg_dynamic,3,2,5000,25,.01392
qual-agg-small,head,9,agg_dynamic,3,3,5000,25,.01384
qual-agg-small,head,9,agg_calendar,4,1,5000,25,.00888
qual-agg-small,head,9,agg_calendar,4,2,5000,25,.009
qual-agg-small,head,9,agg_calendar,4,3,5000,25,.00896
qual-agg-small,head,9,agg_storeall,5,1,5000,6,.0983333333333333
qual-agg-small,head,9,agg_storeall,5,2,5000,6,.0983333333333333
qual-agg-small,head,9,agg_storeall,5,3,5000,6,.0981666666666667
qual-agg-small,seed400,10,agg_storeall,1,1,5000,6,.0983333333333333
qual-agg-small,seed400,10,agg_storeall,1,2,5000,6,.0983333333333333
qual-agg-small,seed400,10,agg_storeall,1,3,5000,6,.0981666666666667
qual-agg-small,seed400,10,agg_group,2,1,5000,25,.00372
qual-agg-small,seed400,10,agg_group,2,2,5000,25,.00384
qual-agg-small,seed400,10,agg_group,2,3,5000,25,.00392
qual-agg-small,seed400,10,agg_dynamic,3,1,5000,25,.01388
qual-agg-small,seed400,10,agg_dynamic,3,2,5000,25,.0138
qual-agg-small,seed400,10,agg_dynamic,3,3,5000,25,.01404
qual-agg-small,seed400,10,agg_calendar,4,1,5000,25,.0088
qual-agg-small,seed400,10,agg_calendar,4,2,5000,25,.0088
qual-agg-small,seed400,10,agg_calendar,4,3,5000,25,.00872
qual-agg-small,seed400,10,agg_simple,5,1,5000,25,.00736
qual-agg-small,seed400,10,agg_simple,5,2,5000,25,.00736
qual-agg-small,seed400,10,agg_simple,5,3,5000,25,.0072
qual-agg-small,head,10,agg_storeall,1,1,5000,6,.0981666666666667
qual-agg-small,head,10,agg_storeall,1,2,5000,6,.098
qual-agg-small,head,10,agg_storeall,1,3,5000,6,.0981666666666667
qual-agg-small,head,10,agg_group,2,1,5000,25,.0038
qual-agg-small,head,10,agg_group,2,2,5000,25,.00452
qual-agg-small,head,10,agg_group,2,3,5000,25,.00436
qual-agg-small,head,10,agg_dynamic,3,1,5000,25,.01396
qual-agg-small,head,10,agg_dynamic,3,2,5000,25,.01392
qual-agg-small,head,10,agg_dynamic,3,3,5000,25,.01384
qual-agg-small,head,10,agg_calendar,4,1,5000,25,.00888
qual-agg-small,head,10,agg_calendar,4,2,5000,25,.00892
qual-agg-small,head,10,agg_calendar,4,3,5000,25,.00892
qual-agg-small,head,10,agg_simple,5,1,5000,25,.00736
qual-agg-small,head,10,agg_simple,5,2,5000,25,.0074
qual-agg-small,head,10,agg_simple,5,3,5000,25,.0074
qual-agg-small,seed400,11,agg_dynamic,1,1,5000,25,.01424
qual-agg-small,seed400,11,agg_dynamic,1,2,5000,25,.014
qual-agg-small,seed400,11,agg_dynamic,1,3,5000,25,.01376
qual-agg-small,seed400,11,agg_calendar,2,1,5000,25,.00872
qual-agg-small,seed400,11,agg_calendar,2,2,5000,25,.0088
qual-agg-small,seed400,11,agg_calendar,2,3,5000,25,.00896
qual-agg-small,seed400,11,agg_simple,3,1,5000,25,.0074
qual-agg-small,seed400,11,agg_simple,3,2,5000,25,.00728
qual-agg-small,seed400,11,agg_simple,3,3,5000,25,.0072
qual-agg-small,seed400,11,agg_group,4,1,5000,25,.00384
qual-agg-small,seed400,11,agg_group,4,2,5000,25,.0038
qual-agg-small,seed400,11,agg_group,4,3,5000,25,.00376
qual-agg-small,seed400,11,agg_storeall,5,1,5000,6,.0983333333333333
qual-agg-small,seed400,11,agg_storeall,5,2,5000,6,.098
qual-agg-small,seed400,11,agg_storeall,5,3,5000,6,.0983333333333333
qual-agg-small,head,11,agg_dynamic,1,1,5000,25,.01416
qual-agg-small,head,11,agg_dynamic,1,2,5000,25,.01384
qual-agg-small,head,11,agg_dynamic,1,3,5000,25,.01392
qual-agg-small,head,11,agg_calendar,2,1,5000,25,.009
qual-agg-small,head,11,agg_calendar,2,2,5000,25,.00884
qual-agg-small,head,11,agg_calendar,2,3,5000,25,.00884
qual-agg-small,head,11,agg_simple,3,1,5000,25,.00732
qual-agg-small,head,11,agg_simple,3,2,5000,25,.00744
qual-agg-small,head,11,agg_simple,3,3,5000,25,.00732
qual-agg-small,head,11,agg_group,4,1,5000,25,.00372
qual-agg-small,head,11,agg_group,4,2,5000,25,.00372
qual-agg-small,head,11,agg_group,4,3,5000,25,.00376
qual-agg-small,head,11,agg_storeall,5,1,5000,6,.0986666666666667
qual-agg-small,head,11,agg_storeall,5,2,5000,6,.0985
qual-agg-small,head,11,agg_storeall,5,3,5000,6,.0986666666666667
qual-agg-small,seed400,12,agg_storeall,1,1,5000,6,.0981666666666667
qual-agg-small,seed400,12,agg_storeall,1,2,5000,6,.0985
qual-agg-small,seed400,12,agg_storeall,1,3,5000,6,.0981666666666667
qual-agg-small,seed400,12,agg_calendar,2,1,5000,25,.00888
qual-agg-small,seed400,12,agg_calendar,2,2,5000,25,.00888
qual-agg-small,seed400,12,agg_calendar,2,3,5000,25,.00888
qual-agg-small,seed400,12,agg_simple,3,1,5000,25,.0074
qual-agg-small,seed400,12,agg_simple,3,2,5000,25,.00748
qual-agg-small,seed400,12,agg_simple,3,3,5000,25,.0072
qual-agg-small,seed400,12,agg_group,4,1,5000,25,.0038
qual-agg-small,seed400,12,agg_group,4,2,5000,25,.0038
qual-agg-small,seed400,12,agg_group,4,3,5000,25,.00392
qual-agg-small,seed400,12,agg_dynamic,5,1,5000,25,.01388
qual-agg-small,seed400,12,agg_dynamic,5,2,5000,25,.01476
qual-agg-small,seed400,12,agg_dynamic,5,3,5000,25,.01384
qual-agg-small,head,12,agg_storeall,1,1,5000,6,.0983333333333333
qual-agg-small,head,12,agg_storeall,1,2,5000,6,.0981666666666667
qual-agg-small,head,12,agg_storeall,1,3,5000,6,.0976666666666667
qual-agg-small,head,12,agg_calendar,2,1,5000,25,.00868
qual-agg-small,head,12,agg_calendar,2,2,5000,25,.00888
qual-agg-small,head,12,agg_calendar,2,3,5000,25,.00868
qual-agg-small,head,12,agg_simple,3,1,5000,25,.00724
qual-agg-small,head,12,agg_simple,3,2,5000,25,.00724
qual-agg-small,head,12,agg_simple,3,3,5000,25,.00728
qual-agg-small,head,12,agg_group,4,1,5000,25,.0038
qual-agg-small,head,12,agg_group,4,2,5000,25,.00392
qual-agg-small,head,12,agg_group,4,3,5000,25,.00376
qual-agg-small,head,12,agg_dynamic,5,1,5000,25,.0136
qual-agg-small,head,12,agg_dynamic,5,2,5000,25,.01348
qual-agg-small,head,12,agg_dynamic,5,3,5000,25,.01372
