design,campaign,tree,cell,seconds
cell-design,per-commit,base,fast_reg,.595
cell-design,per-commit,base,panel_reg,.6619999999999999
cell-design,per-commit,base,panel_dr_cov,1.71
cell-design,per-commit,base,unbal_reg,1.743
cell-design,per-commit,base,rcs_reg,1.259
cell-design,per-commit,174d27b,fast_reg,.581
cell-design,per-commit,174d27b,panel_reg,.652
cell-design,per-commit,174d27b,panel_dr_cov,1.709
cell-design,per-commit,174d27b,unbal_reg,1.7
cell-design,per-commit,174d27b,rcs_reg,1.227
cell-design,per-commit,5280996,fast_reg,.586
cell-design,per-commit,5280996,panel_reg,.6579999999999999
cell-design,per-commit,5280996,panel_dr_cov,1.74
cell-design,per-commit,5280996,unbal_reg,1.712
cell-design,per-commit,5280996,rcs_reg,1.227
cell-design,per-commit,15ad1ca,fast_reg,.583
cell-design,per-commit,15ad1ca,panel_reg,.652
cell-design,per-commit,15ad1ca,panel_dr_cov,1.71
cell-design,per-commit,15ad1ca,unbal_reg,1.701
cell-design,per-commit,15ad1ca,rcs_reg,1.228
cell-design,per-commit,33c41a3,fast_reg,.596
cell-design,per-commit,33c41a3,panel_reg,.661
cell-design,per-commit,33c41a3,panel_dr_cov,1.725
cell-design,per-commit,33c41a3,unbal_reg,1.718
cell-design,per-commit,33c41a3,rcs_reg,1.232
cell-design,per-commit,fb7ca7b,fast_reg,.58
cell-design,per-commit,fb7ca7b,panel_reg,.649
cell-design,per-commit,fb7ca7b,panel_dr_cov,1.712
cell-design,per-commit,fb7ca7b,unbal_reg,1.699
cell-design,per-commit,fb7ca7b,rcs_reg,1.23
cell-design,per-commit,f3d6f15,fast_reg,.581
cell-design,per-commit,f3d6f15,panel_reg,.65
cell-design,per-commit,f3d6f15,panel_dr_cov,1.705
cell-design,per-commit,f3d6f15,unbal_reg,1.699
cell-design,per-commit,f3d6f15,rcs_reg,1.227
cell-design,per-commit,c72d210,fast_reg,.5840000000000001
cell-design,per-commit,c72d210,panel_reg,.655
cell-design,per-commit,c72d210,panel_dr_cov,1.712
cell-design,per-commit,c72d210,unbal_reg,1.706
cell-design,per-commit,c72d210,rcs_reg,1.227
cell-design,per-commit,a9359ce,fast_reg,.583
cell-design,per-commit,a9359ce,panel_reg,.657
cell-design,per-commit,a9359ce,panel_dr_cov,1.733
cell-design,per-commit,a9359ce,unbal_reg,1.707
cell-design,per-commit,a9359ce,rcs_reg,1.248
cell-design,per-commit,a9359ce,fast_reg,.591
cell-design,per-commit,a9359ce,panel_reg,.6679999999999999
cell-design,per-commit,a9359ce,panel_dr_cov,1.725
cell-design,per-commit,a9359ce,unbal_reg,1.721
cell-design,per-commit,a9359ce,rcs_reg,1.254
cell-design,per-commit,c72d210,fast_reg,.583
cell-design,per-commit,c72d210,panel_reg,.656
cell-design,per-commit,c72d210,panel_dr_cov,1.714
cell-design,per-commit,c72d210,unbal_reg,1.702
cell-design,per-commit,c72d210,rcs_reg,1.233
cell-design,per-commit,f3d6f15,fast_reg,.584
cell-design,per-commit,f3d6f15,panel_reg,.658
cell-design,per-commit,f3d6f15,panel_dr_cov,1.725
cell-design,per-commit,f3d6f15,unbal_reg,1.716
cell-design,per-commit,f3d6f15,rcs_reg,1.248
cell-design,per-commit,fb7ca7b,fast_reg,.5860000000000001
cell-design,per-commit,fb7ca7b,panel_reg,.652
cell-design,per-commit,fb7ca7b,panel_dr_cov,1.713
cell-design,per-commit,fb7ca7b,unbal_reg,1.705
cell-design,per-commit,fb7ca7b,rcs_reg,1.228
cell-design,per-commit,33c41a3,fast_reg,.582
cell-design,per-commit,33c41a3,panel_reg,.653
cell-design,per-commit,33c41a3,panel_dr_cov,1.711
cell-design,per-commit,33c41a3,unbal_reg,1.708
cell-design,per-commit,33c41a3,rcs_reg,1.244
cell-design,per-commit,15ad1ca,fast_reg,.582
cell-design,per-commit,15ad1ca,panel_reg,.649
cell-design,per-commit,15ad1ca,panel_dr_cov,1.705
cell-design,per-commit,15ad1ca,unbal_reg,1.704
cell-design,per-commit,15ad1ca,rcs_reg,1.224
cell-design,per-commit,5280996,fast_reg,.5760000000000001
cell-design,per-commit,5280996,panel_reg,.6879999999999999
cell-design,per-commit,5280996,panel_dr_cov,1.724
cell-design,per-commit,5280996,unbal_reg,1.712
cell-design,per-commit,5280996,rcs_reg,1.226
cell-design,per-commit,174d27b,fast_reg,.5860000000000001
cell-design,per-commit,174d27b,panel_reg,.658
cell-design,per-commit,174d27b,panel_dr_cov,1.718
cell-design,per-commit,174d27b,unbal_reg,1.721
cell-design,per-commit,174d27b,rcs_reg,1.237
cell-design,per-commit,base,fast_reg,.579
cell-design,per-commit,base,panel_reg,.649
cell-design,per-commit,base,panel_dr_cov,1.686
cell-design,per-commit,base,unbal_reg,1.709
cell-design,per-commit,base,rcs_reg,1.23
cell-design,per-commit,base,fast_reg,.575
cell-design,per-commit,base,panel_reg,.645
cell-design,per-commit,base,panel_dr_cov,1.686
cell-design,per-commit,base,unbal_reg,1.695
cell-design,per-commit,base,rcs_reg,1.227
cell-design,per-commit,174d27b,fast_reg,.5820000000000001
cell-design,per-commit,174d27b,panel_reg,.657
cell-design,per-commit,174d27b,panel_dr_cov,1.722
cell-design,per-commit,174d27b,unbal_reg,1.709
cell-design,per-commit,174d27b,rcs_reg,1.228
cell-design,per-commit,5280996,fast_reg,.581
cell-design,per-commit,5280996,panel_reg,.651
cell-design,per-commit,5280996,panel_dr_cov,1.708
cell-design,per-commit,5280996,unbal_reg,1.703
cell-design,per-commit,5280996,rcs_reg,1.264
cell-design,per-commit,15ad1ca,fast_reg,.581
cell-design,per-commit,15ad1ca,panel_reg,.649
cell-design,per-commit,15ad1ca,panel_dr_cov,1.709
cell-design,per-commit,15ad1ca,unbal_reg,1.698
cell-design,per-commit,15ad1ca,rcs_reg,1.222
cell-design,per-commit,33c41a3,fast_reg,.591
cell-design,per-commit,33c41a3,panel_reg,.6599999999999999
cell-design,per-commit,33c41a3,panel_dr_cov,1.713
cell-design,per-commit,33c41a3,unbal_reg,1.711
cell-design,per-commit,33c41a3,rcs_reg,1.236
cell-design,per-commit,fb7ca7b,fast_reg,.594
cell-design,per-commit,fb7ca7b,panel_reg,.6599999999999999
cell-design,per-commit,fb7ca7b,panel_dr_cov,1.718
cell-design,per-commit,fb7ca7b,unbal_reg,1.662
cell-design,per-commit,fb7ca7b,rcs_reg,1.234
cell-design,per-commit,f3d6f15,fast_reg,.5780000000000001
cell-design,per-commit,f3d6f15,panel_reg,.65
cell-design,per-commit,f3d6f15,panel_dr_cov,1.718
cell-design,per-commit,f3d6f15,unbal_reg,1.707
cell-design,per-commit,f3d6f15,rcs_reg,1.23
cell-design,per-commit,c72d210,fast_reg,.583
cell-design,per-commit,c72d210,panel_reg,.653
cell-design,per-commit,c72d210,panel_dr_cov,1.707
cell-design,per-commit,c72d210,unbal_reg,1.711
cell-design,per-commit,c72d210,rcs_reg,1.23
cell-design,per-commit,a9359ce,fast_reg,.5820000000000001
cell-design,per-commit,a9359ce,panel_reg,.6639999999999999
cell-design,per-commit,a9359ce,panel_dr_cov,1.732
cell-design,per-commit,a9359ce,unbal_reg,1.713
cell-design,per-commit,a9359ce,rcs_reg,1.251
cell-design,per-commit,a9359ce,fast_reg,.584
cell-design,per-commit,a9359ce,panel_reg,.663
cell-design,per-commit,a9359ce,panel_dr_cov,1.729
cell-design,per-commit,a9359ce,unbal_reg,1.712
cell-design,per-commit,a9359ce,rcs_reg,1.241
cell-design,per-commit,c72d210,fast_reg,.581
cell-design,per-commit,c72d210,panel_reg,.6579999999999999
cell-design,per-commit,c72d210,panel_dr_cov,1.713
cell-design,per-commit,c72d210,unbal_reg,1.707
cell-design,per-commit,c72d210,rcs_reg,1.232
cell-design,per-commit,f3d6f15,fast_reg,.579
cell-design,per-commit,f3d6f15,panel_reg,.651
cell-design,per-commit,f3d6f15,panel_dr_cov,1.709
cell-design,per-commit,f3d6f15,unbal_reg,1.709
cell-design,per-commit,f3d6f15,rcs_reg,1.228
cell-design,per-commit,fb7ca7b,fast_reg,.5820000000000001
cell-design,per-commit,fb7ca7b,panel_reg,.654
cell-design,per-commit,fb7ca7b,panel_dr_cov,1.719
cell-design,per-commit,fb7ca7b,unbal_reg,1.71
cell-design,per-commit,fb7ca7b,rcs_reg,1.234
cell-design,per-commit,33c41a3,fast_reg,.585
cell-design,per-commit,33c41a3,panel_reg,.6599999999999999
cell-design,per-commit,33c41a3,panel_dr_cov,1.713
cell-design,per-commit,33c41a3,unbal_reg,1.704
cell-design,per-commit,33c41a3,rcs_reg,1.227
cell-design,per-commit,15ad1ca,fast_reg,.5840000000000001
cell-design,per-commit,15ad1ca,panel_reg,.656
cell-design,per-commit,15ad1ca,panel_dr_cov,1.711
cell-design,per-commit,15ad1ca,unbal_reg,1.729
cell-design,per-commit,15ad1ca,rcs_reg,1.225
cell-design,per-commit,5280996,fast_reg,.583
cell-design,per-commit,5280996,panel_reg,.656
cell-design,per-commit,5280996,panel_dr_cov,1.708
cell-design,per-commit,5280996,unbal_reg,1.711
cell-design,per-commit,5280996,rcs_reg,1.234
cell-design,per-commit,174d27b,fast_reg,.589
cell-design,per-commit,174d27b,panel_reg,.677
cell-design,per-commit,174d27b,panel_dr_cov,1.745
cell-design,per-commit,174d27b,unbal_reg,1.706
cell-design,per-commit,174d27b,rcs_reg,1.221
cell-design,per-commit,base,fast_reg,.5800000000000001
cell-design,per-commit,base,panel_reg,.651
cell-design,per-commit,base,panel_dr_cov,1.691
cell-design,per-commit,base,unbal_reg,1.707
cell-design,per-commit,base,rcs_reg,1.236
cell-design,per-commit,base,fast_reg,.586
cell-design,per-commit,base,panel_reg,.654
cell-design,per-commit,base,panel_dr_cov,1.697
cell-design,per-commit,base,unbal_reg,1.706
cell-design,per-commit,base,rcs_reg,1.228
cell-design,per-commit,174d27b,fast_reg,.5840000000000001
cell-design,per-commit,174d27b,panel_reg,.6619999999999999
cell-design,per-commit,174d27b,panel_dr_cov,1.718
cell-design,per-commit,174d27b,unbal_reg,1.709
cell-design,per-commit,174d27b,rcs_reg,1.232
cell-design,per-commit,5280996,fast_reg,.5840000000000001
cell-design,per-commit,5280996,panel_reg,.655
cell-design,per-commit,5280996,panel_dr_cov,1.707
cell-design,per-commit,5280996,unbal_reg,1.708
cell-design,per-commit,5280996,rcs_reg,1.23
cell-design,per-commit,15ad1ca,fast_reg,.5820000000000001
cell-design,per-commit,15ad1ca,panel_reg,.656
cell-design,per-commit,15ad1ca,panel_dr_cov,1.709
cell-design,per-commit,15ad1ca,unbal_reg,1.7
cell-design,per-commit,15ad1ca,rcs_reg,1.232
cell-design,per-commit,33c41a3,fast_reg,.581
cell-design,per-commit,33c41a3,panel_reg,.6619999999999999
cell-design,per-commit,33c41a3,panel_dr_cov,1.721
cell-design,per-commit,33c41a3,unbal_reg,1.716
cell-design,per-commit,33c41a3,rcs_reg,1.228
cell-design,per-commit,fb7ca7b,fast_reg,.5860000000000001
cell-design,per-commit,fb7ca7b,panel_reg,.659
cell-design,per-commit,fb7ca7b,panel_dr_cov,1.716
cell-design,per-commit,fb7ca7b,unbal_reg,1.71
cell-design,per-commit,fb7ca7b,rcs_reg,1.24
cell-design,per-commit,f3d6f15,fast_reg,.583
cell-design,per-commit,f3d6f15,panel_reg,.664
cell-design,per-commit,f3d6f15,panel_dr_cov,1.722
cell-design,per-commit,f3d6f15,unbal_reg,1.71
cell-design,per-commit,f3d6f15,rcs_reg,1.237
cell-design,per-commit,c72d210,fast_reg,.5820000000000001
cell-design,per-commit,c72d210,panel_reg,.655
cell-design,per-commit,c72d210,panel_dr_cov,1.711
cell-design,per-commit,c72d210,unbal_reg,1.711
cell-design,per-commit,c72d210,rcs_reg,1.224
cell-design,per-commit,a9359ce,fast_reg,.587
cell-design,per-commit,a9359ce,panel_reg,.6619999999999999
cell-design,per-commit,a9359ce,panel_dr_cov,1.741
cell-design,per-commit,a9359ce,unbal_reg,1.72
cell-design,per-commit,a9359ce,rcs_reg,1.246
cell-design,after,base,fast_reg,.5840000000000001
cell-design,after,base,panel_reg,.66
cell-design,after,base,panel_dr_cov,1.701
cell-design,after,base,unbal_reg,1.721
cell-design,after,base,rcs_reg,1.232
cell-design,after,174d27b,fast_reg,.578
cell-design,after,174d27b,panel_reg,.647
cell-design,after,174d27b,panel_dr_cov,1.708
cell-design,after,174d27b,unbal_reg,1.702
cell-design,after,174d27b,rcs_reg,1.226
cell-design,after,a9359ce,fast_reg,.592
cell-design,after,a9359ce,panel_reg,.6679999999999999
cell-design,after,a9359ce,panel_dr_cov,1.744
cell-design,after,a9359ce,unbal_reg,1.718
cell-design,after,a9359ce,rcs_reg,1.247
cell-design,after,f1,fast_reg,.573
cell-design,after,f1,panel_reg,.646
cell-design,after,f1,panel_dr_cov,1.7
cell-design,after,f1,unbal_reg,1.689
cell-design,after,f1,rcs_reg,1.216
cell-design,after,f1,fast_reg,.5820000000000001
cell-design,after,f1,panel_reg,.654
cell-design,after,f1,panel_dr_cov,1.707
cell-design,after,f1,unbal_reg,1.697
cell-design,after,f1,rcs_reg,1.224
cell-design,after,a9359ce,fast_reg,.579
cell-design,after,a9359ce,panel_reg,.659
cell-design,after,a9359ce,panel_dr_cov,1.725
cell-design,after,a9359ce,unbal_reg,1.703
cell-design,after,a9359ce,rcs_reg,1.242
cell-design,after,174d27b,fast_reg,.583
cell-design,after,174d27b,panel_reg,.649
cell-design,after,174d27b,panel_dr_cov,1.72
cell-design,after,174d27b,unbal_reg,1.712
cell-design,after,174d27b,rcs_reg,1.234
cell-design,after,base,fast_reg,.585
cell-design,after,base,panel_reg,.653
cell-design,after,base,panel_dr_cov,1.696
cell-design,after,base,unbal_reg,1.707
cell-design,after,base,rcs_reg,1.234
cell-design,after,base,fast_reg,.5880000000000001
cell-design,after,base,panel_reg,.657
cell-design,after,base,panel_dr_cov,1.712
cell-design,after,base,unbal_reg,1.713
cell-design,after,base,rcs_reg,1.222
cell-design,after,174d27b,fast_reg,.585
cell-design,after,174d27b,panel_reg,.656
cell-design,after,174d27b,panel_dr_cov,1.729
cell-design,after,174d27b,unbal_reg,1.709
cell-design,after,174d27b,rcs_reg,1.231
cell-design,after,a9359ce,fast_reg,.585
cell-design,after,a9359ce,panel_reg,.6659999999999999
cell-design,after,a9359ce,panel_dr_cov,1.726
cell-design,after,a9359ce,unbal_reg,1.714
cell-design,after,a9359ce,rcs_reg,1.244
cell-design,after,f1,fast_reg,.579
cell-design,after,f1,panel_reg,.652
cell-design,after,f1,panel_dr_cov,1.711
cell-design,after,f1,unbal_reg,1.701
cell-design,after,f1,rcs_reg,1.231
cell-design,after,f1,fast_reg,.578
cell-design,after,f1,panel_reg,.653
cell-design,after,f1,panel_dr_cov,1.713
cell-design,after,f1,unbal_reg,1.701
cell-design,after,f1,rcs_reg,1.226
cell-design,after,a9359ce,fast_reg,.59
cell-design,after,a9359ce,panel_reg,.671
cell-design,after,a9359ce,panel_dr_cov,1.743
cell-design,after,a9359ce,unbal_reg,1.737
cell-design,after,a9359ce,rcs_reg,1.253
cell-design,after,174d27b,fast_reg,.585
cell-design,after,174d27b,panel_reg,.6599999999999999
cell-design,after,174d27b,panel_dr_cov,1.72
cell-design,after,174d27b,unbal_reg,1.711
cell-design,after,174d27b,rcs_reg,1.223
cell-design,after,base,fast_reg,.5820000000000001
cell-design,after,base,panel_reg,.653
cell-design,after,base,panel_dr_cov,1.697
cell-design,after,base,unbal_reg,1.702
cell-design,after,base,rcs_reg,1.228
cell-design,after,base,fast_reg,.577
cell-design,after,base,panel_reg,.658
cell-design,after,base,panel_dr_cov,1.701
cell-design,after,base,unbal_reg,1.705
cell-design,after,base,rcs_reg,1.221
cell-design,after,174d27b,fast_reg,.585
cell-design,after,174d27b,panel_reg,.6579999999999999
cell-design,after,174d27b,panel_dr_cov,1.721
cell-design,after,174d27b,unbal_reg,1.72
cell-design,after,174d27b,rcs_reg,1.227
cell-design,after,a9359ce,fast_reg,.581
cell-design,after,a9359ce,panel_reg,.661
cell-design,after,a9359ce,panel_dr_cov,1.735
cell-design,after,a9359ce,unbal_reg,1.711
cell-design,after,a9359ce,rcs_reg,1.246
cell-design,after,f1,fast_reg,.5780000000000001
cell-design,after,f1,panel_reg,.653
cell-design,after,f1,panel_dr_cov,1.707
cell-design,after,f1,unbal_reg,1.704
cell-design,after,f1,rcs_reg,1.222
cell-design,after,f1,fast_reg,.5760000000000001
cell-design,after,f1,panel_reg,.648
cell-design,after,f1,panel_dr_cov,1.831
cell-design,after,f1,unbal_reg,1.691
cell-design,after,f1,rcs_reg,1.221
cell-design,after,a9359ce,fast_reg,.5840000000000001
cell-design,after,a9359ce,panel_reg,.6659999999999999
cell-design,after,a9359ce,panel_dr_cov,1.738
cell-design,after,a9359ce,unbal_reg,1.718
cell-design,after,a9359ce,rcs_reg,1.25
cell-design,after,174d27b,fast_reg,.5820000000000001
cell-design,after,174d27b,panel_reg,.649
cell-design,after,174d27b,panel_dr_cov,1.708
cell-design,after,174d27b,unbal_reg,1.71
cell-design,after,174d27b,rcs_reg,1.222
cell-design,after,base,fast_reg,.58
cell-design,after,base,panel_reg,.65
cell-design,after,base,panel_dr_cov,1.692
cell-design,after,base,unbal_reg,1.697
cell-design,after,base,rcs_reg,1.218
inproc-50,after-1,base,reg,.552
inproc-50,after-1,base,dr,1.717
inproc-50,after-1,base,reg,.5580000000000001
inproc-50,after-1,base,dr,1.742
inproc-50,after-1,base,reg,.5700000000000001
inproc-50,after-1,base,dr,1.719
inproc-50,after-1,174d27b,reg,.5529999999999999
inproc-50,after-1,174d27b,dr,1.722
inproc-50,after-1,174d27b,reg,.5610000000000001
inproc-50,after-1,174d27b,dr,1.716
inproc-50,after-1,174d27b,reg,.5649999999999999
inproc-50,after-1,174d27b,dr,1.733
inproc-50,after-1,a9359ce,reg,.5660000000000001
inproc-50,after-1,a9359ce,dr,1.743
inproc-50,after-1,a9359ce,reg,.5800000000000001
inproc-50,after-1,a9359ce,dr,1.733
inproc-50,after-1,a9359ce,reg,.5649999999999999
inproc-50,after-1,a9359ce,dr,1.73
inproc-50,after-1,f1,reg,.5469999999999999
inproc-50,after-1,f1,dr,1.709
inproc-50,after-1,f1,reg,.5629999999999999
inproc-50,after-1,f1,dr,1.735
inproc-50,after-1,f1,reg,.554
inproc-50,after-1,f1,dr,1.708
inproc-50,after-1,f1,reg,.553
inproc-50,after-1,f1,dr,1.714
inproc-50,after-1,f1,reg,.5610000000000001
inproc-50,after-1,f1,dr,1.706
inproc-50,after-1,f1,reg,.5620000000000001
inproc-50,after-1,f1,dr,1.723
inproc-50,after-1,a9359ce,reg,.5509999999999999
inproc-50,after-1,a9359ce,dr,1.729
inproc-50,after-1,a9359ce,reg,.5640000000000001
inproc-50,after-1,a9359ce,dr,1.735
inproc-50,after-1,a9359ce,reg,.5629999999999999
inproc-50,after-1,a9359ce,dr,1.733
inproc-50,after-1,174d27b,reg,.554
inproc-50,after-1,174d27b,dr,1.709
inproc-50,after-1,174d27b,reg,.5589999999999999
inproc-50,after-1,174d27b,dr,1.715
inproc-50,after-1,174d27b,reg,.573
inproc-50,after-1,174d27b,dr,1.711
inproc-50,after-1,base,reg,.555
inproc-50,after-1,base,dr,1.713
inproc-50,after-1,base,reg,.554
inproc-50,after-1,base,dr,1.724
inproc-50,after-1,base,reg,.5580000000000001
inproc-50,after-1,base,dr,1.694
inproc-50,after-1,base,reg,.5529999999999999
inproc-50,after-1,base,dr,1.723
inproc-50,after-1,base,reg,.5570000000000001
inproc-50,after-1,base,dr,1.718
inproc-50,after-1,base,reg,.5580000000000001
inproc-50,after-1,base,dr,1.697
inproc-50,after-1,174d27b,reg,.555
inproc-50,after-1,174d27b,dr,1.713
inproc-50,after-1,174d27b,reg,.556
inproc-50,after-1,174d27b,dr,1.709
inproc-50,after-1,174d27b,reg,.5549999999999999
inproc-50,after-1,174d27b,dr,1.707
inproc-50,after-1,a9359ce,reg,.5600000000000001
inproc-50,after-1,a9359ce,dr,1.733
inproc-50,after-1,a9359ce,reg,.5600000000000001
inproc-50,after-1,a9359ce,dr,1.72
inproc-50,after-1,a9359ce,reg,.5620000000000001
inproc-50,after-1,a9359ce,dr,1.728
inproc-50,after-1,f1,reg,.554
inproc-50,after-1,f1,dr,1.709
inproc-50,after-1,f1,reg,.5580000000000001
inproc-50,after-1,f1,dr,1.711
inproc-50,after-1,f1,reg,.5600000000000001
inproc-50,after-1,f1,dr,1.715
inproc-50,after-2,base,reg,.5610000000000001
inproc-50,after-2,base,dr,1.716
inproc-50,after-2,base,reg,.5649999999999999
inproc-50,after-2,base,dr,1.715
inproc-50,after-2,base,reg,.5720000000000001
inproc-50,after-2,base,dr,1.721
inproc-50,after-2,174d27b,reg,.5580000000000001
inproc-50,after-2,174d27b,dr,1.706
inproc-50,after-2,174d27b,reg,.5649999999999999
inproc-50,after-2,174d27b,dr,1.722
inproc-50,after-2,174d27b,reg,.5620000000000001
inproc-50,after-2,174d27b,dr,1.714
inproc-50,after-2,a9359ce,reg,.5529999999999999
inproc-50,after-2,a9359ce,dr,1.736
inproc-50,after-2,a9359ce,reg,.5600000000000001
inproc-50,after-2,a9359ce,dr,1.733
inproc-50,after-2,a9359ce,reg,.5600000000000001
inproc-50,after-2,a9359ce,dr,1.73
inproc-50,after-2,f1,reg,.5469999999999999
inproc-50,after-2,f1,dr,1.703
inproc-50,after-2,f1,reg,.552
inproc-50,after-2,f1,dr,1.702
inproc-50,after-2,f1,reg,.55
inproc-50,after-2,f1,dr,1.705
inproc-50,after-2,f1,reg,.586
inproc-50,after-2,f1,dr,1.73
inproc-50,after-2,f1,reg,.5609999999999999
inproc-50,after-2,f1,dr,1.71
inproc-50,after-2,f1,reg,.556
inproc-50,after-2,f1,dr,1.723
inproc-50,after-2,a9359ce,reg,.5580000000000001
inproc-50,after-2,a9359ce,dr,1.763
inproc-50,after-2,a9359ce,reg,.57
inproc-50,after-2,a9359ce,dr,1.741
inproc-50,after-2,a9359ce,reg,.569
inproc-50,after-2,a9359ce,dr,1.742
inproc-50,after-2,174d27b,reg,.5549999999999999
inproc-50,after-2,174d27b,dr,1.706
inproc-50,after-2,174d27b,reg,.5629999999999999
inproc-50,after-2,174d27b,dr,1.712
inproc-50,after-2,174d27b,reg,.5629999999999999
inproc-50,after-2,174d27b,dr,1.732
inproc-50,after-2,base,reg,.5570000000000001
inproc-50,after-2,base,dr,1.703
inproc-50,after-2,base,reg,.5580000000000001
inproc-50,after-2,base,dr,1.698
inproc-50,after-2,base,reg,.5600000000000001
inproc-50,after-2,base,dr,1.703
inproc-50,after-2,base,reg,.5469999999999999
inproc-50,after-2,base,dr,1.688
inproc-50,after-2,base,reg,.5589999999999999
inproc-50,after-2,base,dr,1.717
inproc-50,after-2,base,reg,.554
inproc-50,after-2,base,dr,1.7
inproc-50,after-2,174d27b,reg,.555
inproc-50,after-2,174d27b,dr,1.71
inproc-50,after-2,174d27b,reg,.5590000000000001
inproc-50,after-2,174d27b,dr,1.706
inproc-50,after-2,174d27b,reg,.5580000000000001
inproc-50,after-2,174d27b,dr,1.709
inproc-50,after-2,a9359ce,reg,.5669999999999999
inproc-50,after-2,a9359ce,dr,1.734
inproc-50,after-2,a9359ce,reg,.5590000000000001
inproc-50,after-2,a9359ce,dr,1.732
inproc-50,after-2,a9359ce,reg,.5679999999999999
inproc-50,after-2,a9359ce,dr,1.734
inproc-50,after-2,f1,reg,.5549999999999999
inproc-50,after-2,f1,dr,1.717
inproc-50,after-2,f1,reg,.5580000000000001
inproc-50,after-2,f1,dr,1.718
inproc-50,after-2,f1,reg,.5620000000000001
inproc-50,after-2,f1,dr,1.72
inproc-50,after-2,f1,reg,.55
inproc-50,after-2,f1,dr,1.704
inproc-50,after-2,f1,reg,.548
inproc-50,after-2,f1,dr,1.698
inproc-50,after-2,f1,reg,.55
inproc-50,after-2,f1,dr,1.705
inproc-50,after-2,a9359ce,reg,.5590000000000001
inproc-50,after-2,a9359ce,dr,1.731
inproc-50,after-2,a9359ce,reg,.5649999999999999
inproc-50,after-2,a9359ce,dr,1.72
inproc-50,after-2,a9359ce,reg,.5629999999999999
inproc-50,after-2,a9359ce,dr,1.723
inproc-50,after-2,174d27b,reg,.546
inproc-50,after-2,174d27b,dr,1.714
inproc-50,after-2,174d27b,reg,.55
inproc-50,after-2,174d27b,dr,1.714
inproc-50,after-2,174d27b,reg,.552
inproc-50,after-2,174d27b,dr,1.714
inproc-50,after-2,base,reg,.5680000000000001
inproc-50,after-2,base,dr,1.718
inproc-50,after-2,base,reg,.5680000000000001
inproc-50,after-2,base,dr,1.714
inproc-50,after-2,base,reg,.5620000000000001
inproc-50,after-2,base,dr,1.703
inproc-50,after-2,base,reg,.551
inproc-50,after-2,base,dr,1.818
inproc-50,after-2,base,reg,.5649999999999999
inproc-50,after-2,base,dr,1.708
inproc-50,after-2,base,reg,.5629999999999999
inproc-50,after-2,base,dr,1.71
inproc-50,after-2,174d27b,reg,.553
inproc-50,after-2,174d27b,dr,1.709
inproc-50,after-2,174d27b,reg,.5600000000000001
inproc-50,after-2,174d27b,dr,1.71
inproc-50,after-2,174d27b,reg,.5609999999999999
inproc-50,after-2,174d27b,dr,1.713
inproc-50,after-2,a9359ce,reg,.5600000000000001
inproc-50,after-2,a9359ce,dr,1.735
inproc-50,after-2,a9359ce,reg,.5609999999999999
inproc-50,after-2,a9359ce,dr,1.726
inproc-50,after-2,a9359ce,reg,.571
inproc-50,after-2,a9359ce,dr,1.729
inproc-50,after-2,f1,reg,.554
inproc-50,after-2,f1,dr,1.708
inproc-50,after-2,f1,reg,.5600000000000001
inproc-50,after-2,f1,dr,1.71
inproc-50,after-2,f1,reg,.5580000000000001
inproc-50,after-2,f1,dr,1.711
scale-400k,after,base,panel_reg_analytic,.416
scale-400k,after,base,panel_reg_analytic,.423
scale-400k,after,base,panel_reg_analytic,.42
scale-400k,after,base,panel_reg_analytic,.419
scale-400k,after,base,panel_reg_analytic,.418
scale-400k,after,base,panel_dr_cov,.825
scale-400k,after,base,panel_dr_cov,.8260000000000001
scale-400k,after,base,panel_dr_cov,.836
scale-400k,after,base,panel_dr_cov,.8169999999999999
scale-400k,after,base,panel_dr_cov,.833
scale-400k,after,base,panel_reg_cluster,.467
scale-400k,after,base,panel_reg_cluster,.47
scale-400k,after,base,panel_reg_cluster,.469
scale-400k,after,base,panel_reg_cluster,.462
scale-400k,after,base,panel_reg_cluster,.471
scale-400k,after,base,rcs_reg,1.33
scale-400k,after,base,rcs_reg,1.343
scale-400k,after,base,rcs_reg,1.36
scale-400k,after,base,rcs_reg,1.363
scale-400k,after,base,rcs_reg,1.36
scale-400k,after,base,unbal_reg_none,.408
scale-400k,after,base,unbal_reg_none,.412
scale-400k,after,base,unbal_reg_none,.42
scale-400k,after,base,unbal_reg_none,.414
scale-400k,after,base,unbal_reg_none,.419
scale-400k,after,base,panel_reg_wboot,.5409999999999999
scale-400k,after,base,panel_reg_wboot,.541
scale-400k,after,base,panel_reg_wboot,.534
scale-400k,after,base,panel_reg_wboot,.537
scale-400k,after,base,panel_reg_wboot,.538
scale-400k,after,174d27b,panel_reg_analytic,.415
scale-400k,after,174d27b,panel_reg_analytic,.424
scale-400k,after,174d27b,panel_reg_analytic,.417
scale-400k,after,174d27b,panel_reg_analytic,.419
scale-400k,after,174d27b,panel_reg_analytic,.419
scale-400k,after,174d27b,panel_dr_cov,.821
scale-400k,after,174d27b,panel_dr_cov,.8160000000000001
scale-400k,after,174d27b,panel_dr_cov,.8200000000000001
scale-400k,after,174d27b,panel_dr_cov,.83
scale-400k,after,174d27b,panel_dr_cov,.831
scale-400k,after,174d27b,panel_reg_cluster,.467
scale-400k,after,174d27b,panel_reg_cluster,.47
scale-400k,after,174d27b,panel_reg_cluster,.464
scale-400k,after,174d27b,panel_reg_cluster,.471
scale-400k,after,174d27b,panel_reg_cluster,.473
scale-400k,after,174d27b,rcs_reg,1.338
scale-400k,after,174d27b,rcs_reg,1.378
scale-400k,after,174d27b,rcs_reg,1.33
scale-400k,after,174d27b,rcs_reg,1.339
scale-400k,after,174d27b,rcs_reg,1.347
scale-400k,after,174d27b,unbal_reg_none,.411
scale-400k,after,174d27b,unbal_reg_none,.418
scale-400k,after,174d27b,unbal_reg_none,.419
scale-400k,after,174d27b,unbal_reg_none,.413
scale-400k,after,174d27b,unbal_reg_none,.416
scale-400k,after,174d27b,panel_reg_wboot,.54
scale-400k,after,174d27b,panel_reg_wboot,.5409999999999999
scale-400k,after,174d27b,panel_reg_wboot,.546
scale-400k,after,174d27b,panel_reg_wboot,.548
scale-400k,after,174d27b,panel_reg_wboot,.536
scale-400k,after,a9359ce,panel_reg_analytic,.425
scale-400k,after,a9359ce,panel_reg_analytic,.417
scale-400k,after,a9359ce,panel_reg_analytic,.419
scale-400k,after,a9359ce,panel_reg_analytic,.419
scale-400k,after,a9359ce,panel_reg_analytic,.43
scale-400k,after,a9359ce,panel_dr_cov,.827
scale-400k,after,a9359ce,panel_dr_cov,.8280000000000001
scale-400k,after,a9359ce,panel_dr_cov,.846
scale-400k,after,a9359ce,panel_dr_cov,.8169999999999999
scale-400k,after,a9359ce,panel_dr_cov,.8280000000000001
scale-400k,after,a9359ce,panel_reg_cluster,.469
scale-400k,after,a9359ce,panel_reg_cluster,.47
scale-400k,after,a9359ce,panel_reg_cluster,.47
scale-400k,after,a9359ce,panel_reg_cluster,.469
scale-400k,after,a9359ce,panel_reg_cluster,.463
scale-400k,after,a9359ce,rcs_reg,1.343
scale-400k,after,a9359ce,rcs_reg,1.344
scale-400k,after,a9359ce,rcs_reg,1.347
scale-400k,after,a9359ce,rcs_reg,1.337
scale-400k,after,a9359ce,rcs_reg,1.344
scale-400k,after,a9359ce,unbal_reg_none,.415
scale-400k,after,a9359ce,unbal_reg_none,.405
scale-400k,after,a9359ce,unbal_reg_none,.41
scale-400k,after,a9359ce,unbal_reg_none,.419
scale-400k,after,a9359ce,unbal_reg_none,.411
scale-400k,after,a9359ce,panel_reg_wboot,.54
scale-400k,after,a9359ce,panel_reg_wboot,.534
scale-400k,after,a9359ce,panel_reg_wboot,.5429999999999999
scale-400k,after,a9359ce,panel_reg_wboot,.535
scale-400k,after,a9359ce,panel_reg_wboot,.538
scale-400k,after,f1,panel_reg_analytic,.418
scale-400k,after,f1,panel_reg_analytic,.418
scale-400k,after,f1,panel_reg_analytic,.418
scale-400k,after,f1,panel_reg_analytic,.42
scale-400k,after,f1,panel_reg_analytic,.418
scale-400k,after,f1,panel_dr_cov,.837
scale-400k,after,f1,panel_dr_cov,.8260000000000001
scale-400k,after,f1,panel_dr_cov,.8260000000000001
scale-400k,after,f1,panel_dr_cov,.821
scale-400k,after,f1,panel_dr_cov,.838
scale-400k,after,f1,panel_reg_cluster,.471
scale-400k,after,f1,panel_reg_cluster,.467
scale-400k,after,f1,panel_reg_cluster,.467
scale-400k,after,f1,panel_reg_cluster,.467
scale-400k,after,f1,panel_reg_cluster,.468
scale-400k,after,f1,rcs_reg,1.34
scale-400k,after,f1,rcs_reg,1.362
scale-400k,after,f1,rcs_reg,1.356
scale-400k,after,f1,rcs_reg,1.347
scale-400k,after,f1,rcs_reg,1.357
scale-400k,after,f1,unbal_reg_none,.41
scale-400k,after,f1,unbal_reg_none,.412
scale-400k,after,f1,unbal_reg_none,.414
scale-400k,after,f1,unbal_reg_none,.413
scale-400k,after,f1,unbal_reg_none,.408
scale-400k,after,f1,panel_reg_wboot,.54
scale-400k,after,f1,panel_reg_wboot,.544
scale-400k,after,f1,panel_reg_wboot,.538
scale-400k,after,f1,panel_reg_wboot,.5529999999999999
scale-400k,after,f1,panel_reg_wboot,.542
scale-400k,after,f1,panel_reg_analytic,.418
scale-400k,after,f1,panel_reg_analytic,.418
scale-400k,after,f1,panel_reg_analytic,.43
scale-400k,after,f1,panel_reg_analytic,.418
scale-400k,after,f1,panel_reg_analytic,.418
scale-400k,after,f1,panel_dr_cov,.83
scale-400k,after,f1,panel_dr_cov,.849
scale-400k,after,f1,panel_dr_cov,.8260000000000001
scale-400k,after,f1,panel_dr_cov,.837
scale-400k,after,f1,panel_dr_cov,.823
scale-400k,after,f1,panel_reg_cluster,.471
scale-400k,after,f1,panel_reg_cluster,.483
scale-400k,after,f1,panel_reg_cluster,.47
scale-400k,after,f1,panel_reg_cluster,.475
scale-400k,after,f1,panel_reg_cluster,.472
scale-400k,after,f1,rcs_reg,1.375
scale-400k,after,f1,rcs_reg,1.364
scale-400k,after,f1,rcs_reg,1.369
scale-400k,after,f1,rcs_reg,1.38
scale-400k,after,f1,rcs_reg,1.391
scale-400k,after,f1,unbal_reg_none,.414
scale-400k,after,f1,unbal_reg_none,.406
scale-400k,after,f1,unbal_reg_none,.421
scale-400k,after,f1,unbal_reg_none,.417
scale-400k,after,f1,unbal_reg_none,.421
scale-400k,after,f1,panel_reg_wboot,.555
scale-400k,after,f1,panel_reg_wboot,.5489999999999999
scale-400k,after,f1,panel_reg_wboot,.554
scale-400k,after,f1,panel_reg_wboot,.546
scale-400k,after,f1,panel_reg_wboot,.5449999999999999
scale-400k,after,a9359ce,panel_reg_analytic,.419
scale-400k,after,a9359ce,panel_reg_analytic,.421
scale-400k,after,a9359ce,panel_reg_analytic,.416
scale-400k,after,a9359ce,panel_reg_analytic,.419
scale-400k,after,a9359ce,panel_reg_analytic,.419
scale-400k,after,a9359ce,panel_dr_cov,.839
scale-400k,after,a9359ce,panel_dr_cov,.835
scale-400k,after,a9359ce,panel_dr_cov,.834
scale-400k,after,a9359ce,panel_dr_cov,.839
scale-400k,after,a9359ce,panel_dr_cov,.842
scale-400k,after,a9359ce,panel_reg_cluster,.471
scale-400k,after,a9359ce,panel_reg_cluster,.467
scale-400k,after,a9359ce,panel_reg_cluster,.465
scale-400k,after,a9359ce,panel_reg_cluster,.468
scale-400k,after,a9359ce,panel_reg_cluster,.473
scale-400k,after,a9359ce,rcs_reg,1.339
scale-400k,after,a9359ce,rcs_reg,1.357
scale-400k,after,a9359ce,rcs_reg,1.336
scale-400k,after,a9359ce,rcs_reg,1.359
scale-400k,after,a9359ce,rcs_reg,1.332
scale-400k,after,a9359ce,unbal_reg_none,.414
scale-400k,after,a9359ce,unbal_reg_none,.425
scale-400k,after,a9359ce,unbal_reg_none,.423
scale-400k,after,a9359ce,unbal_reg_none,.421
scale-400k,after,a9359ce,unbal_reg_none,.416
scale-400k,after,a9359ce,panel_reg_wboot,.548
scale-400k,after,a9359ce,panel_reg_wboot,.5489999999999999
scale-400k,after,a9359ce,panel_reg_wboot,.539
scale-400k,after,a9359ce,panel_reg_wboot,.5389999999999999
scale-400k,after,a9359ce,panel_reg_wboot,.542
scale-400k,after,174d27b,panel_reg_analytic,.415
scale-400k,after,174d27b,panel_reg_analytic,.416
scale-400k,after,174d27b,panel_reg_analytic,.418
scale-400k,after,174d27b,panel_reg_analytic,.414
scale-400k,after,174d27b,panel_reg_analytic,.417
scale-400k,after,174d27b,panel_dr_cov,.824
scale-400k,after,174d27b,panel_dr_cov,.832
scale-400k,after,174d27b,panel_dr_cov,.823
scale-400k,after,174d27b,panel_dr_cov,.834
scale-400k,after,174d27b,panel_dr_cov,.835
scale-400k,after,174d27b,panel_reg_cluster,.465
scale-400k,after,174d27b,panel_reg_cluster,.462
scale-400k,after,174d27b,panel_reg_cluster,.468
scale-400k,after,174d27b,panel_reg_cluster,.466
scale-400k,after,174d27b,panel_reg_cluster,.465
scale-400k,after,174d27b,rcs_reg,1.33
scale-400k,after,174d27b,rcs_reg,1.338
scale-400k,after,174d27b,rcs_reg,1.359
scale-400k,after,174d27b,rcs_reg,1.339
scale-400k,after,174d27b,rcs_reg,1.382
scale-400k,after,174d27b,unbal_reg_none,.413
scale-400k,after,174d27b,unbal_reg_none,.412
scale-400k,after,174d27b,unbal_reg_none,.414
scale-400k,after,174d27b,unbal_reg_none,.421
scale-400k,after,174d27b,unbal_reg_none,.416
scale-400k,after,174d27b,panel_reg_wboot,.543
scale-400k,after,174d27b,panel_reg_wboot,.55
scale-400k,after,174d27b,panel_reg_wboot,.544
scale-400k,after,174d27b,panel_reg_wboot,.54
scale-400k,after,174d27b,panel_reg_wboot,.544
scale-400k,after,base,panel_reg_analytic,.415
scale-400k,after,base,panel_reg_analytic,.422
scale-400k,after,base,panel_reg_analytic,.417
scale-400k,after,base,panel_reg_analytic,.417
scale-400k,after,base,panel_reg_analytic,.423
scale-400k,after,base,panel_dr_cov,.829
scale-400k,after,base,panel_dr_cov,.833
scale-400k,after,base,panel_dr_cov,.833
scale-400k,after,base,panel_dr_cov,.834
scale-400k,after,base,panel_dr_cov,.849
scale-400k,after,base,panel_reg_cluster,.472
scale-400k,after,base,panel_reg_cluster,.466
scale-400k,after,base,panel_reg_cluster,.466
scale-400k,after,base,panel_reg_cluster,.462
scale-400k,after,base,panel_reg_cluster,.467
scale-400k,after,base,rcs_reg,1.351
scale-400k,after,base,rcs_reg,1.345
scale-400k,after,base,rcs_reg,1.329
scale-400k,after,base,rcs_reg,1.339
scale-400k,after,base,rcs_reg,1.318
scale-400k,after,base,unbal_reg_none,.423
scale-400k,after,base,unbal_reg_none,.416
scale-400k,after,base,unbal_reg_none,.415
scale-400k,after,base,unbal_reg_none,.428
scale-400k,after,base,unbal_reg_none,.421
scale-400k,after,base,panel_reg_wboot,.546
scale-400k,after,base,panel_reg_wboot,.54
scale-400k,after,base,panel_reg_wboot,.542
scale-400k,after,base,panel_reg_wboot,.543
scale-400k,after,base,panel_reg_wboot,.552
scale-400k,after,base,panel_reg_analytic,.412
scale-400k,after,base,panel_reg_analytic,.414
scale-400k,after,base,panel_reg_analytic,.422
scale-400k,after,base,panel_reg_analytic,.414
scale-400k,after,base,panel_reg_analytic,.421
scale-400k,after,base,panel_dr_cov,.825
scale-400k,after,base,panel_dr_cov,.838
scale-400k,after,base,panel_dr_cov,.835
scale-400k,after,base,panel_dr_cov,.829
scale-400k,after,base,panel_dr_cov,.839
scale-400k,after,base,panel_reg_cluster,.461
scale-400k,after,base,panel_reg_cluster,.461
scale-400k,after,base,panel_reg_cluster,.472
scale-400k,after,base,panel_reg_cluster,.462
scale-400k,after,base,panel_reg_cluster,.465
scale-400k,after,base,rcs_reg,1.334
scale-400k,after,base,rcs_reg,1.359
scale-400k,after,base,rcs_reg,1.327
scale-400k,after,base,rcs_reg,1.351
scale-400k,after,base,rcs_reg,1.366
scale-400k,after,base,unbal_reg_none,.424
scale-400k,after,base,unbal_reg_none,.418
scale-400k,after,base,unbal_reg_none,.412
scale-400k,after,base,unbal_reg_none,.409
scale-400k,after,base,unbal_reg_none,.415
scale-400k,after,base,panel_reg_wboot,.546
scale-400k,after,base,panel_reg_wboot,.548
scale-400k,after,base,panel_reg_wboot,.5389999999999999
scale-400k,after,base,panel_reg_wboot,.5449999999999999
scale-400k,after,base,panel_reg_wboot,.54
scale-400k,after,174d27b,panel_reg_analytic,.418
scale-400k,after,174d27b,panel_reg_analytic,.422
scale-400k,after,174d27b,panel_reg_analytic,.42
scale-400k,after,174d27b,panel_reg_analytic,.418
scale-400k,after,174d27b,panel_reg_analytic,.415
scale-400k,after,174d27b,panel_dr_cov,.821
scale-400k,after,174d27b,panel_dr_cov,.8220000000000001
scale-400k,after,174d27b,panel_dr_cov,.8260000000000001
scale-400k,after,174d27b,panel_dr_cov,.825
scale-400k,after,174d27b,panel_dr_cov,.835
scale-400k,after,174d27b,panel_reg_cluster,.463
scale-400k,after,174d27b,panel_reg_cluster,.466
scale-400k,after,174d27b,panel_reg_cluster,.468
scale-400k,after,174d27b,panel_reg_cluster,.468
scale-400k,after,174d27b,panel_reg_cluster,.472
scale-400k,after,174d27b,rcs_reg,1.332
scale-400k,after,174d27b,rcs_reg,1.332
scale-400k,after,174d27b,rcs_reg,1.333
scale-400k,after,174d27b,rcs_reg,1.351
scale-400k,after,174d27b,rcs_reg,1.342
scale-400k,after,174d27b,unbal_reg_none,.406
scale-400k,after,174d27b,unbal_reg_none,.413
scale-400k,after,174d27b,unbal_reg_none,.413
scale-400k,after,174d27b,unbal_reg_none,.421
scale-400k,after,174d27b,unbal_reg_none,.404
scale-400k,after,174d27b,panel_reg_wboot,.5429999999999999
scale-400k,after,174d27b,panel_reg_wboot,.5389999999999999
scale-400k,after,174d27b,panel_reg_wboot,.537
scale-400k,after,174d27b,panel_reg_wboot,.5349999999999999
scale-400k,after,174d27b,panel_reg_wboot,.538
scale-400k,after,a9359ce,panel_reg_analytic,.418
scale-400k,after,a9359ce,panel_reg_analytic,.416
scale-400k,after,a9359ce,panel_reg_analytic,.417
scale-400k,after,a9359ce,panel_reg_analytic,.423
scale-400k,after,a9359ce,panel_reg_analytic,.424
scale-400k,after,a9359ce,panel_dr_cov,.832
scale-400k,after,a9359ce,panel_dr_cov,.831
scale-400k,after,a9359ce,panel_dr_cov,.83
scale-400k,after,a9359ce,panel_dr_cov,.834
scale-400k,after,a9359ce,panel_dr_cov,.8220000000000001
scale-400k,after,a9359ce,panel_reg_cluster,.473
scale-400k,after,a9359ce,panel_reg_cluster,.47
scale-400k,after,a9359ce,panel_reg_cluster,.464
scale-400k,after,a9359ce,panel_reg_cluster,.474
scale-400k,after,a9359ce,panel_reg_cluster,.471
scale-400k,after,a9359ce,rcs_reg,1.356
scale-400k,after,a9359ce,rcs_reg,1.342
scale-400k,after,a9359ce,rcs_reg,1.343
scale-400k,after,a9359ce,rcs_reg,1.351
scale-400k,after,a9359ce,rcs_reg,1.355
scale-400k,after,a9359ce,unbal_reg_none,.422
scale-400k,after,a9359ce,unbal_reg_none,.417
scale-400k,after,a9359ce,unbal_reg_none,.416
scale-400k,after,a9359ce,unbal_reg_none,.413
scale-400k,after,a9359ce,unbal_reg_none,.412
scale-400k,after,a9359ce,panel_reg_wboot,.5409999999999999
scale-400k,after,a9359ce,panel_reg_wboot,.541
scale-400k,after,a9359ce,panel_reg_wboot,.5389999999999999
scale-400k,after,a9359ce,panel_reg_wboot,.541
scale-400k,after,a9359ce,panel_reg_wboot,.548
scale-400k,after,f1,panel_reg_analytic,.419
scale-400k,after,f1,panel_reg_analytic,.424
scale-400k,after,f1,panel_reg_analytic,.418
scale-400k,after,f1,panel_reg_analytic,.419
scale-400k,after,f1,panel_reg_analytic,.42
scale-400k,after,f1,panel_dr_cov,.829
scale-400k,after,f1,panel_dr_cov,.835
scale-400k,after,f1,panel_dr_cov,.835
scale-400k,after,f1,panel_dr_cov,.833
scale-400k,after,f1,panel_dr_cov,.8160000000000001
scale-400k,after,f1,panel_reg_cluster,.467
scale-400k,after,f1,panel_reg_cluster,.456
scale-400k,after,f1,panel_reg_cluster,.459
scale-400k,after,f1,panel_reg_cluster,.469
scale-400k,after,f1,panel_reg_cluster,.468
scale-400k,after,f1,rcs_reg,1.351
scale-400k,after,f1,rcs_reg,1.373
scale-400k,after,f1,rcs_reg,1.367
scale-400k,after,f1,rcs_reg,1.376
scale-400k,after,f1,rcs_reg,1.375
scale-400k,after,f1,unbal_reg_none,.416
scale-400k,after,f1,unbal_reg_none,.409
scale-400k,after,f1,unbal_reg_none,.412
scale-400k,after,f1,unbal_reg_none,.413
scale-400k,after,f1,unbal_reg_none,.413
scale-400k,after,f1,panel_reg_wboot,.542
scale-400k,after,f1,panel_reg_wboot,.5429999999999999
scale-400k,after,f1,panel_reg_wboot,.538
scale-400k,after,f1,panel_reg_wboot,.535
scale-400k,after,f1,panel_reg_wboot,.5449999999999999
scale-400k,after,f1,panel_reg_analytic,.418
scale-400k,after,f1,panel_reg_analytic,.422
scale-400k,after,f1,panel_reg_analytic,.417
scale-400k,after,f1,panel_reg_analytic,.415
scale-400k,after,f1,panel_reg_analytic,.415
scale-400k,after,f1,panel_dr_cov,.8220000000000001
scale-400k,after,f1,panel_dr_cov,.837
scale-400k,after,f1,panel_dr_cov,.829
scale-400k,after,f1,panel_dr_cov,.825
scale-400k,after,f1,panel_dr_cov,.8180000000000001
scale-400k,after,f1,panel_reg_cluster,.469
scale-400k,after,f1,panel_reg_cluster,.472
scale-400k,after,f1,panel_reg_cluster,.613
scale-400k,after,f1,panel_reg_cluster,.466
scale-400k,after,f1,panel_reg_cluster,.471
scale-400k,after,f1,rcs_reg,1.348
scale-400k,after,f1,rcs_reg,1.343
scale-400k,after,f1,rcs_reg,1.343
scale-400k,after,f1,rcs_reg,1.354
scale-400k,after,f1,rcs_reg,1.357
scale-400k,after,f1,unbal_reg_none,.407
scale-400k,after,f1,unbal_reg_none,.405
scale-400k,after,f1,unbal_reg_none,.406
scale-400k,after,f1,unbal_reg_none,.406
scale-400k,after,f1,unbal_reg_none,.409
scale-400k,after,f1,panel_reg_wboot,.54
scale-400k,after,f1,panel_reg_wboot,.5409999999999999
scale-400k,after,f1,panel_reg_wboot,.536
scale-400k,after,f1,panel_reg_wboot,.5329999999999999
scale-400k,after,f1,panel_reg_wboot,.539
scale-400k,after,a9359ce,panel_reg_analytic,.414
scale-400k,after,a9359ce,panel_reg_analytic,.421
scale-400k,after,a9359ce,panel_reg_analytic,.417
scale-400k,after,a9359ce,panel_reg_analytic,.417
scale-400k,after,a9359ce,panel_reg_analytic,.416
scale-400k,after,a9359ce,panel_dr_cov,.825
scale-400k,after,a9359ce,panel_dr_cov,.825
scale-400k,after,a9359ce,panel_dr_cov,.833
scale-400k,after,a9359ce,panel_dr_cov,.84
scale-400k,after,a9359ce,panel_dr_cov,.834
scale-400k,after,a9359ce,panel_reg_cluster,.466
scale-400k,after,a9359ce,panel_reg_cluster,.468
scale-400k,after,a9359ce,panel_reg_cluster,.471
scale-400k,after,a9359ce,panel_reg_cluster,.468
scale-400k,after,a9359ce,panel_reg_cluster,.47
scale-400k,after,a9359ce,rcs_reg,1.369
scale-400k,after,a9359ce,rcs_reg,1.347
scale-400k,after,a9359ce,rcs_reg,1.351
scale-400k,after,a9359ce,rcs_reg,1.374
scale-400k,after,a9359ce,rcs_reg,1.344
scale-400k,after,a9359ce,unbal_reg_none,.424
scale-400k,after,a9359ce,unbal_reg_none,.417
scale-400k,after,a9359ce,unbal_reg_none,.422
scale-400k,after,a9359ce,unbal_reg_none,.419
scale-400k,after,a9359ce,unbal_reg_none,.419
scale-400k,after,a9359ce,panel_reg_wboot,.556
scale-400k,after,a9359ce,panel_reg_wboot,.548
scale-400k,after,a9359ce,panel_reg_wboot,.539
scale-400k,after,a9359ce,panel_reg_wboot,.5489999999999999
scale-400k,after,a9359ce,panel_reg_wboot,.552
scale-400k,after,174d27b,panel_reg_analytic,.412
scale-400k,after,174d27b,panel_reg_analytic,.417
scale-400k,after,174d27b,panel_reg_analytic,.419
scale-400k,after,174d27b,panel_reg_analytic,.416
scale-400k,after,174d27b,panel_reg_analytic,.415
scale-400k,after,174d27b,panel_dr_cov,.829
scale-400k,after,174d27b,panel_dr_cov,.8200000000000001
scale-400k,after,174d27b,panel_dr_cov,.832
scale-400k,after,174d27b,panel_dr_cov,.83
scale-400k,after,174d27b,panel_dr_cov,.834
scale-400k,after,174d27b,panel_reg_cluster,.46
scale-400k,after,174d27b,panel_reg_cluster,.465
scale-400k,after,174d27b,panel_reg_cluster,.464
scale-400k,after,174d27b,panel_reg_cluster,.461
scale-400k,after,174d27b,panel_reg_cluster,.465
scale-400k,after,174d27b,rcs_reg,1.365
scale-400k,after,174d27b,rcs_reg,1.359
scale-400k,after,174d27b,rcs_reg,1.353
scale-400k,after,174d27b,rcs_reg,1.346
scale-400k,after,174d27b,rcs_reg,1.383
scale-400k,after,174d27b,unbal_reg_none,.419
scale-400k,after,174d27b,unbal_reg_none,.409
scale-400k,after,174d27b,unbal_reg_none,.413
scale-400k,after,174d27b,unbal_reg_none,.42
scale-400k,after,174d27b,unbal_reg_none,.423
scale-400k,after,174d27b,panel_reg_wboot,.542
scale-400k,after,174d27b,panel_reg_wboot,.548
scale-400k,after,174d27b,panel_reg_wboot,.54
scale-400k,after,174d27b,panel_reg_wboot,.5429999999999999
scale-400k,after,174d27b,panel_reg_wboot,.537
scale-400k,after,base,panel_reg_analytic,.417
scale-400k,after,base,panel_reg_analytic,.424
scale-400k,after,base,panel_reg_analytic,.42
scale-400k,after,base,panel_reg_analytic,.416
scale-400k,after,base,panel_reg_analytic,.42
scale-400k,after,base,panel_dr_cov,.834
scale-400k,after,base,panel_dr_cov,.819
scale-400k,after,base,panel_dr_cov,.823
scale-400k,after,base,panel_dr_cov,.83
scale-400k,after,base,panel_dr_cov,.834
scale-400k,after,base,panel_reg_cluster,.47
scale-400k,after,base,panel_reg_cluster,.468
scale-400k,after,base,panel_reg_cluster,.471
scale-400k,after,base,panel_reg_cluster,.474
scale-400k,after,base,panel_reg_cluster,.467
scale-400k,after,base,rcs_reg,1.352
scale-400k,after,base,rcs_reg,1.318
scale-400k,after,base,rcs_reg,1.359
scale-400k,after,base,rcs_reg,1.347
scale-400k,after,base,rcs_reg,1.37
scale-400k,after,base,unbal_reg_none,.418
scale-400k,after,base,unbal_reg_none,.412
scale-400k,after,base,unbal_reg_none,.417
scale-400k,after,base,unbal_reg_none,.411
scale-400k,after,base,unbal_reg_none,.423
scale-400k,after,base,panel_reg_wboot,.548
scale-400k,after,base,panel_reg_wboot,.546
scale-400k,after,base,panel_reg_wboot,.546
scale-400k,after,base,panel_reg_wboot,.547
scale-400k,after,base,panel_reg_wboot,.5509999999999999
scale-400k,after,base,panel_reg_analytic,.416
scale-400k,after,base,panel_reg_analytic,.423
scale-400k,after,base,panel_reg_analytic,.417
scale-400k,after,base,panel_reg_analytic,.42
scale-400k,after,base,panel_reg_analytic,.417
scale-400k,after,base,panel_dr_cov,.825
scale-400k,after,base,panel_dr_cov,.827
scale-400k,after,base,panel_dr_cov,.823
scale-400k,after,base,panel_dr_cov,.835
scale-400k,after,base,panel_dr_cov,.832
scale-400k,after,base,panel_reg_cluster,.464
scale-400k,after,base,panel_reg_cluster,.474
scale-400k,after,base,panel_reg_cluster,.465
scale-400k,after,base,panel_reg_cluster,.47
scale-400k,after,base,panel_reg_cluster,.47
scale-400k,after,base,rcs_reg,1.34
scale-400k,after,base,rcs_reg,1.366
scale-400k,after,base,rcs_reg,1.356
scale-400k,after,base,rcs_reg,1.36
scale-400k,after,base,rcs_reg,1.35
scale-400k,after,base,unbal_reg_none,.42
scale-400k,after,base,unbal_reg_none,.414
scale-400k,after,base,unbal_reg_none,.428
scale-400k,after,base,unbal_reg_none,.423
scale-400k,after,base,unbal_reg_none,.423
scale-400k,after,base,panel_reg_wboot,.548
scale-400k,after,base,panel_reg_wboot,.551
scale-400k,after,base,panel_reg_wboot,.549
scale-400k,after,base,panel_reg_wboot,.552
scale-400k,after,base,panel_reg_wboot,.5600000000000001
scale-400k,after,174d27b,panel_reg_analytic,.415
scale-400k,after,174d27b,panel_reg_analytic,.417
scale-400k,after,174d27b,panel_reg_analytic,.417
scale-400k,after,174d27b,panel_reg_analytic,.416
scale-400k,after,174d27b,panel_reg_analytic,.42
scale-400k,after,174d27b,panel_dr_cov,.825
scale-400k,after,174d27b,panel_dr_cov,.8180000000000001
scale-400k,after,174d27b,panel_dr_cov,.819
scale-400k,after,174d27b,panel_dr_cov,.8140000000000001
scale-400k,after,174d27b,panel_dr_cov,.819
scale-400k,after,174d27b,panel_reg_cluster,.463
scale-400k,after,174d27b,panel_reg_cluster,.464
scale-400k,after,174d27b,panel_reg_cluster,.482
scale-400k,after,174d27b,panel_reg_cluster,.468
scale-400k,after,174d27b,panel_reg_cluster,.469
scale-400k,after,174d27b,rcs_reg,1.318
scale-400k,after,174d27b,rcs_reg,1.335
scale-400k,after,174d27b,rcs_reg,1.32
scale-400k,after,174d27b,rcs_reg,1.453
scale-400k,after,174d27b,rcs_reg,1.386
scale-400k,after,174d27b,unbal_reg_none,.422
scale-400k,after,174d27b,unbal_reg_none,.423
scale-400k,after,174d27b,unbal_reg_none,.419
scale-400k,after,174d27b,unbal_reg_none,.423
scale-400k,after,174d27b,unbal_reg_none,.429
scale-400k,after,174d27b,panel_reg_wboot,.5649999999999999
scale-400k,after,174d27b,panel_reg_wboot,.554
scale-400k,after,174d27b,panel_reg_wboot,.549
scale-400k,after,174d27b,panel_reg_wboot,.552
scale-400k,after,174d27b,panel_reg_wboot,.554
scale-400k,after,a9359ce,panel_reg_analytic,.424
scale-400k,after,a9359ce,panel_reg_analytic,.421
scale-400k,after,a9359ce,panel_reg_analytic,.421
scale-400k,after,a9359ce,panel_reg_analytic,.419
scale-400k,after,a9359ce,panel_reg_analytic,.419
scale-400k,after,a9359ce,panel_dr_cov,.834
scale-400k,after,a9359ce,panel_dr_cov,.856
scale-400k,after,a9359ce,panel_dr_cov,.835
scale-400k,after,a9359ce,panel_dr_cov,.836
scale-400k,after,a9359ce,panel_dr_cov,.852
scale-400k,after,a9359ce,panel_reg_cluster,.471
scale-400k,after,a9359ce,panel_reg_cluster,.472
scale-400k,after,a9359ce,panel_reg_cluster,.47
scale-400k,after,a9359ce,panel_reg_cluster,.47
scale-400k,after,a9359ce,panel_reg_cluster,.478
scale-400k,after,a9359ce,rcs_reg,1.35
scale-400k,after,a9359ce,rcs_reg,1.35
scale-400k,after,a9359ce,rcs_reg,1.362
scale-400k,after,a9359ce,rcs_reg,1.372
scale-400k,after,a9359ce,rcs_reg,1.366
scale-400k,after,a9359ce,unbal_reg_none,.406
scale-400k,after,a9359ce,unbal_reg_none,.41
scale-400k,after,a9359ce,unbal_reg_none,.42
scale-400k,after,a9359ce,unbal_reg_none,.408
scale-400k,after,a9359ce,unbal_reg_none,.416
scale-400k,after,a9359ce,panel_reg_wboot,.55
scale-400k,after,a9359ce,panel_reg_wboot,.5429999999999999
scale-400k,after,a9359ce,panel_reg_wboot,.537
scale-400k,after,a9359ce,panel_reg_wboot,.5429999999999999
scale-400k,after,a9359ce,panel_reg_wboot,.556
scale-400k,after,f1,panel_reg_analytic,.415
scale-400k,after,f1,panel_reg_analytic,.417
scale-400k,after,f1,panel_reg_analytic,.422
scale-400k,after,f1,panel_reg_analytic,.414
scale-400k,after,f1,panel_reg_analytic,.414
scale-400k,after,f1,panel_dr_cov,.8180000000000001
scale-400k,after,f1,panel_dr_cov,.8180000000000001
scale-400k,after,f1,panel_dr_cov,.8220000000000001
scale-400k,after,f1,panel_dr_cov,.823
scale-400k,after,f1,panel_dr_cov,.819
scale-400k,after,f1,panel_reg_cluster,.459
scale-400k,after,f1,panel_reg_cluster,.463
scale-400k,after,f1,panel_reg_cluster,.463
scale-400k,after,f1,panel_reg_cluster,.46
scale-400k,after,f1,panel_reg_cluster,.46
scale-400k,after,f1,rcs_reg,1.355
scale-400k,after,f1,rcs_reg,1.353
scale-400k,after,f1,rcs_reg,1.342
scale-400k,after,f1,rcs_reg,1.38
scale-400k,after,f1,rcs_reg,1.353
scale-400k,after,f1,unbal_reg_none,.413
scale-400k,after,f1,unbal_reg_none,.413
scale-400k,after,f1,unbal_reg_none,.418
scale-400k,after,f1,unbal_reg_none,.413
scale-400k,after,f1,unbal_reg_none,.41
scale-400k,after,f1,panel_reg_wboot,.5509999999999999
scale-400k,after,f1,panel_reg_wboot,.55
scale-400k,after,f1,panel_reg_wboot,.5489999999999999
scale-400k,after,f1,panel_reg_wboot,.548
scale-400k,after,f1,panel_reg_wboot,.5449999999999999
scale-400k,after,f1,panel_reg_analytic,.416
scale-400k,after,f1,panel_reg_analytic,.42
scale-400k,after,f1,panel_reg_analytic,.421
scale-400k,after,f1,panel_reg_analytic,.417
scale-400k,after,f1,panel_reg_analytic,.42
scale-400k,after,f1,panel_dr_cov,.8180000000000001
scale-400k,after,f1,panel_dr_cov,.822
scale-400k,after,f1,panel_dr_cov,.8220000000000001
scale-400k,after,f1,panel_dr_cov,.83
scale-400k,after,f1,panel_dr_cov,.8280000000000001
scale-400k,after,f1,panel_reg_cluster,.465
scale-400k,after,f1,panel_reg_cluster,.469
scale-400k,after,f1,panel_reg_cluster,.473
scale-400k,after,f1,panel_reg_cluster,.47
scale-400k,after,f1,panel_reg_cluster,.476
scale-400k,after,f1,rcs_reg,1.381
scale-400k,after,f1,rcs_reg,1.35
scale-400k,after,f1,rcs_reg,1.359
scale-400k,after,f1,rcs_reg,1.362
scale-400k,after,f1,rcs_reg,1.36
scale-400k,after,f1,unbal_reg_none,.409
scale-400k,after,f1,unbal_reg_none,.415
scale-400k,after,f1,unbal_reg_none,.41
scale-400k,after,f1,unbal_reg_none,.409
scale-400k,after,f1,unbal_reg_none,.407
scale-400k,after,f1,panel_reg_wboot,.5429999999999999
scale-400k,after,f1,panel_reg_wboot,.547
scale-400k,after,f1,panel_reg_wboot,.5649999999999999
scale-400k,after,f1,panel_reg_wboot,.538
scale-400k,after,f1,panel_reg_wboot,.548
scale-400k,after,a9359ce,panel_reg_analytic,.417
scale-400k,after,a9359ce,panel_reg_analytic,.421
scale-400k,after,a9359ce,panel_reg_analytic,.4320000000000001
scale-400k,after,a9359ce,panel_reg_analytic,.416
scale-400k,after,a9359ce,panel_reg_analytic,.419
scale-400k,after,a9359ce,panel_dr_cov,.8180000000000001
scale-400k,after,a9359ce,panel_dr_cov,.834
scale-400k,after,a9359ce,panel_dr_cov,.83
scale-400k,after,a9359ce,panel_dr_cov,.866
scale-400k,after,a9359ce,panel_dr_cov,.827
scale-400k,after,a9359ce,panel_reg_cluster,.468
scale-400k,after,a9359ce,panel_reg_cluster,.466
scale-400k,after,a9359ce,panel_reg_cluster,.468
scale-400k,after,a9359ce,panel_reg_cluster,.464
scale-400k,after,a9359ce,panel_reg_cluster,.468
scale-400k,after,a9359ce,rcs_reg,1.357
scale-400k,after,a9359ce,rcs_reg,1.329
scale-400k,after,a9359ce,rcs_reg,1.36
scale-400k,after,a9359ce,rcs_reg,1.371
scale-400k,after,a9359ce,rcs_reg,1.334
scale-400k,after,a9359ce,unbal_reg_none,.424
scale-400k,after,a9359ce,unbal_reg_none,.418
scale-400k,after,a9359ce,unbal_reg_none,.42
scale-400k,after,a9359ce,unbal_reg_none,.42
scale-400k,after,a9359ce,unbal_reg_none,.437
scale-400k,after,a9359ce,panel_reg_wboot,.552
scale-400k,after,a9359ce,panel_reg_wboot,.5469999999999999
scale-400k,after,a9359ce,panel_reg_wboot,.5570000000000001
scale-400k,after,a9359ce,panel_reg_wboot,.556
scale-400k,after,a9359ce,panel_reg_wboot,.544
scale-400k,after,174d27b,panel_reg_analytic,.42
scale-400k,after,174d27b,panel_reg_analytic,.422
scale-400k,after,174d27b,panel_reg_analytic,.419
scale-400k,after,174d27b,panel_reg_analytic,.423
scale-400k,after,174d27b,panel_reg_analytic,.418
scale-400k,after,174d27b,panel_dr_cov,.83
scale-400k,after,174d27b,panel_dr_cov,.835
scale-400k,after,174d27b,panel_dr_cov,.835
scale-400k,after,174d27b,panel_dr_cov,.835
scale-400k,after,174d27b,panel_dr_cov,.83
scale-400k,after,174d27b,panel_reg_cluster,.472
scale-400k,after,174d27b,panel_reg_cluster,.477
scale-400k,after,174d27b,panel_reg_cluster,.474
scale-400k,after,174d27b,panel_reg_cluster,.471
scale-400k,after,174d27b,panel_reg_cluster,.478
scale-400k,after,174d27b,rcs_reg,1.343
scale-400k,after,174d27b,rcs_reg,1.359
scale-400k,after,174d27b,rcs_reg,1.347
scale-400k,after,174d27b,rcs_reg,1.341
scale-400k,after,174d27b,rcs_reg,1.35
scale-400k,after,174d27b,unbal_reg_none,.409
scale-400k,after,174d27b,unbal_reg_none,.412
scale-400k,after,174d27b,unbal_reg_none,.418
scale-400k,after,174d27b,unbal_reg_none,.418
scale-400k,after,174d27b,unbal_reg_none,.416
scale-400k,after,174d27b,panel_reg_wboot,.5469999999999999
scale-400k,after,174d27b,panel_reg_wboot,.5600000000000001
scale-400k,after,174d27b,panel_reg_wboot,.5409999999999999
scale-400k,after,174d27b,panel_reg_wboot,.539
scale-400k,after,174d27b,panel_reg_wboot,.5449999999999999
scale-400k,after,base,panel_reg_analytic,.413
scale-400k,after,base,panel_reg_analytic,.414
scale-400k,after,base,panel_reg_analytic,.42
scale-400k,after,base,panel_reg_analytic,.414
scale-400k,after,base,panel_reg_analytic,.415
scale-400k,after,base,panel_dr_cov,.821
scale-400k,after,base,panel_dr_cov,.8240000000000001
scale-400k,after,base,panel_dr_cov,.825
scale-400k,after,base,panel_dr_cov,.833
scale-400k,after,base,panel_dr_cov,.823
scale-400k,after,base,panel_reg_cluster,.468
scale-400k,after,base,panel_reg_cluster,.464
scale-400k,after,base,panel_reg_cluster,.468
scale-400k,after,base,panel_reg_cluster,.496
scale-400k,after,base,panel_reg_cluster,.491
scale-400k,after,base,rcs_reg,1.316
scale-400k,after,base,rcs_reg,1.354
scale-400k,after,base,rcs_reg,1.359
scale-400k,after,base,rcs_reg,1.357
scale-400k,after,base,rcs_reg,1.344
scale-400k,after,base,unbal_reg_none,.411
scale-400k,after,base,unbal_reg_none,.408
scale-400k,after,base,unbal_reg_none,.415
scale-400k,after,base,unbal_reg_none,.417
scale-400k,after,base,unbal_reg_none,.419
scale-400k,after,base,panel_reg_wboot,.5629999999999999
scale-400k,after,base,panel_reg_wboot,.548
scale-400k,after,base,panel_reg_wboot,.54
scale-400k,after,base,panel_reg_wboot,.548
scale-400k,after,base,panel_reg_wboot,.543
scale-400k-rcs,rcs-1,174d27b,rcs_reg,1.329
scale-400k-rcs,rcs-1,174d27b,rcs_reg,1.34
scale-400k-rcs,rcs-1,174d27b,rcs_reg,1.35
scale-400k-rcs,rcs-1,174d27b,rcs_reg,1.337
scale-400k-rcs,rcs-1,174d27b,rcs_reg,1.355
scale-400k-rcs,rcs-1,a9359ce,rcs_reg,1.361
scale-400k-rcs,rcs-1,a9359ce,rcs_reg,1.337
scale-400k-rcs,rcs-1,a9359ce,rcs_reg,1.355
scale-400k-rcs,rcs-1,a9359ce,rcs_reg,1.329
scale-400k-rcs,rcs-1,a9359ce,rcs_reg,1.341
scale-400k-rcs,rcs-1,f1,rcs_reg,1.345
scale-400k-rcs,rcs-1,f1,rcs_reg,1.346
scale-400k-rcs,rcs-1,f1,rcs_reg,1.328
scale-400k-rcs,rcs-1,f1,rcs_reg,1.357
scale-400k-rcs,rcs-1,f1,rcs_reg,1.34
scale-400k-rcs,rcs-1,f1,rcs_reg,1.333
scale-400k-rcs,rcs-1,f1,rcs_reg,1.32
scale-400k-rcs,rcs-1,f1,rcs_reg,1.345
scale-400k-rcs,rcs-1,f1,rcs_reg,1.35
scale-400k-rcs,rcs-1,f1,rcs_reg,1.367
scale-400k-rcs,rcs-1,a9359ce,rcs_reg,1.324
scale-400k-rcs,rcs-1,a9359ce,rcs_reg,1.341
scale-400k-rcs,rcs-1,a9359ce,rcs_reg,1.333
scale-400k-rcs,rcs-1,a9359ce,rcs_reg,1.335
scale-400k-rcs,rcs-1,a9359ce,rcs_reg,1.355
scale-400k-rcs,rcs-1,174d27b,rcs_reg,1.346
scale-400k-rcs,rcs-1,174d27b,rcs_reg,1.326
scale-400k-rcs,rcs-1,174d27b,rcs_reg,1.481
scale-400k-rcs,rcs-1,174d27b,rcs_reg,1.347
scale-400k-rcs,rcs-1,174d27b,rcs_reg,1.335
scale-400k-rcs,rcs-1,174d27b,rcs_reg,1.335
scale-400k-rcs,rcs-1,174d27b,rcs_reg,1.339
scale-400k-rcs,rcs-1,174d27b,rcs_reg,1.321
scale-400k-rcs,rcs-1,174d27b,rcs_reg,1.347
scale-400k-rcs,rcs-1,174d27b,rcs_reg,1.371
scale-400k-rcs,rcs-1,a9359ce,rcs_reg,1.317
scale-400k-rcs,rcs-1,a9359ce,rcs_reg,1.314
scale-400k-rcs,rcs-1,a9359ce,rcs_reg,1.331
scale-400k-rcs,rcs-1,a9359ce,rcs_reg,1.352
scale-400k-rcs,rcs-1,a9359ce,rcs_reg,1.351
scale-400k-rcs,rcs-1,f1,rcs_reg,1.356
scale-400k-rcs,rcs-1,f1,rcs_reg,1.342
scale-400k-rcs,rcs-1,f1,rcs_reg,1.338
scale-400k-rcs,rcs-1,f1,rcs_reg,1.356
scale-400k-rcs,rcs-1,f1,rcs_reg,1.348
scale-400k-rcs,rcs-1,f1,rcs_reg,1.332
scale-400k-rcs,rcs-1,f1,rcs_reg,1.332
scale-400k-rcs,rcs-1,f1,rcs_reg,1.371
scale-400k-rcs,rcs-1,f1,rcs_reg,1.335
scale-400k-rcs,rcs-1,f1,rcs_reg,1.346
scale-400k-rcs,rcs-1,a9359ce,rcs_reg,1.325
scale-400k-rcs,rcs-1,a9359ce,rcs_reg,1.327
scale-400k-rcs,rcs-1,a9359ce,rcs_reg,1.35
scale-400k-rcs,rcs-1,a9359ce,rcs_reg,1.36
scale-400k-rcs,rcs-1,a9359ce,rcs_reg,1.374
scale-400k-rcs,rcs-1,174d27b,rcs_reg,1.297
scale-400k-rcs,rcs-1,174d27b,rcs_reg,1.332
scale-400k-rcs,rcs-1,174d27b,rcs_reg,1.338
scale-400k-rcs,rcs-1,174d27b,rcs_reg,1.329
scale-400k-rcs,rcs-1,174d27b,rcs_reg,1.357
scale-400k-rcs,rcs-1,174d27b,rcs_reg,1.322
scale-400k-rcs,rcs-1,174d27b,rcs_reg,1.335
scale-400k-rcs,rcs-1,174d27b,rcs_reg,1.326
scale-400k-rcs,rcs-1,174d27b,rcs_reg,1.335
scale-400k-rcs,rcs-1,174d27b,rcs_reg,1.363
scale-400k-rcs,rcs-1,a9359ce,rcs_reg,1.326
scale-400k-rcs,rcs-1,a9359ce,rcs_reg,1.334
scale-400k-rcs,rcs-1,a9359ce,rcs_reg,1.368
scale-400k-rcs,rcs-1,a9359ce,rcs_reg,1.353
scale-400k-rcs,rcs-1,a9359ce,rcs_reg,1.329
scale-400k-rcs,rcs-1,f1,rcs_reg,1.308
scale-400k-rcs,rcs-1,f1,rcs_reg,1.33
scale-400k-rcs,rcs-1,f1,rcs_reg,1.353
scale-400k-rcs,rcs-1,f1,rcs_reg,1.338
scale-400k-rcs,rcs-1,f1,rcs_reg,1.357
scale-400k-rcs,rcs-1,f1,rcs_reg,1.335
scale-400k-rcs,rcs-1,f1,rcs_reg,1.333
scale-400k-rcs,rcs-1,f1,rcs_reg,1.337
scale-400k-rcs,rcs-1,f1,rcs_reg,1.314
scale-400k-rcs,rcs-1,f1,rcs_reg,1.328
scale-400k-rcs,rcs-1,a9359ce,rcs_reg,1.333
scale-400k-rcs,rcs-1,a9359ce,rcs_reg,1.35
scale-400k-rcs,rcs-1,a9359ce,rcs_reg,1.328
scale-400k-rcs,rcs-1,a9359ce,rcs_reg,1.345
scale-400k-rcs,rcs-1,a9359ce,rcs_reg,1.34
scale-400k-rcs,rcs-1,174d27b,rcs_reg,1.326
scale-400k-rcs,rcs-1,174d27b,rcs_reg,1.342
scale-400k-rcs,rcs-1,174d27b,rcs_reg,1.34
scale-400k-rcs,rcs-1,174d27b,rcs_reg,1.385
scale-400k-rcs,rcs-1,174d27b,rcs_reg,1.337
scale-400k-rcs,rcs-2,174d27b,rcs_reg,1.317
scale-400k-rcs,rcs-2,174d27b,rcs_reg,1.316
scale-400k-rcs,rcs-2,174d27b,rcs_reg,1.329
scale-400k-rcs,rcs-2,174d27b,rcs_reg,1.322
scale-400k-rcs,rcs-2,174d27b,rcs_reg,1.363
scale-400k-rcs,rcs-2,a9359ce,rcs_reg,1.332
scale-400k-rcs,rcs-2,a9359ce,rcs_reg,1.345
scale-400k-rcs,rcs-2,a9359ce,rcs_reg,1.334
scale-400k-rcs,rcs-2,a9359ce,rcs_reg,1.334
scale-400k-rcs,rcs-2,a9359ce,rcs_reg,1.329
scale-400k-rcs,rcs-2,f1,rcs_reg,1.327
scale-400k-rcs,rcs-2,f1,rcs_reg,1.33
scale-400k-rcs,rcs-2,f1,rcs_reg,1.329
scale-400k-rcs,rcs-2,f1,rcs_reg,1.326
scale-400k-rcs,rcs-2,f1,rcs_reg,1.352
scale-400k-rcs,rcs-2,f1,rcs_reg,1.341
scale-400k-rcs,rcs-2,f1,rcs_reg,1.345
scale-400k-rcs,rcs-2,f1,rcs_reg,1.339
scale-400k-rcs,rcs-2,f1,rcs_reg,1.36
scale-400k-rcs,rcs-2,f1,rcs_reg,1.347
scale-400k-rcs,rcs-2,a9359ce,rcs_reg,1.311
scale-400k-rcs,rcs-2,a9359ce,rcs_reg,1.326
scale-400k-rcs,rcs-2,a9359ce,rcs_reg,1.335
scale-400k-rcs,rcs-2,a9359ce,rcs_reg,1.339
scale-400k-rcs,rcs-2,a9359ce,rcs_reg,1.337
scale-400k-rcs,rcs-2,174d27b,rcs_reg,1.324
scale-400k-rcs,rcs-2,174d27b,rcs_reg,1.336
scale-400k-rcs,rcs-2,174d27b,rcs_reg,1.337
scale-400k-rcs,rcs-2,174d27b,rcs_reg,1.327
scale-400k-rcs,rcs-2,174d27b,rcs_reg,1.338
scale-400k-rcs,rcs-2,174d27b,rcs_reg,1.329
scale-400k-rcs,rcs-2,174d27b,rcs_reg,1.321
scale-400k-rcs,rcs-2,174d27b,rcs_reg,1.334
scale-400k-rcs,rcs-2,174d27b,rcs_reg,1.321
scale-400k-rcs,rcs-2,174d27b,rcs_reg,1.334
scale-400k-rcs,rcs-2,a9359ce,rcs_reg,1.328
scale-400k-rcs,rcs-2,a9359ce,rcs_reg,1.345
scale-400k-rcs,rcs-2,a9359ce,rcs_reg,1.36
scale-400k-rcs,rcs-2,a9359ce,rcs_reg,1.354
scale-400k-rcs,rcs-2,a9359ce,rcs_reg,1.337
scale-400k-rcs,rcs-2,f1,rcs_reg,1.318
scale-400k-rcs,rcs-2,f1,rcs_reg,1.341
scale-400k-rcs,rcs-2,f1,rcs_reg,1.328
scale-400k-rcs,rcs-2,f1,rcs_reg,1.359
scale-400k-rcs,rcs-2,f1,rcs_reg,1.336
scale-400k-rcs,rcs-2,f1,rcs_reg,1.346
scale-400k-rcs,rcs-2,f1,rcs_reg,1.333
scale-400k-rcs,rcs-2,f1,rcs_reg,1.321
scale-400k-rcs,rcs-2,f1,rcs_reg,1.358
scale-400k-rcs,rcs-2,f1,rcs_reg,1.323
scale-400k-rcs,rcs-2,a9359ce,rcs_reg,1.352
scale-400k-rcs,rcs-2,a9359ce,rcs_reg,1.344
scale-400k-rcs,rcs-2,a9359ce,rcs_reg,1.334
scale-400k-rcs,rcs-2,a9359ce,rcs_reg,1.357
scale-400k-rcs,rcs-2,a9359ce,rcs_reg,1.341
scale-400k-rcs,rcs-2,174d27b,rcs_reg,1.304
scale-400k-rcs,rcs-2,174d27b,rcs_reg,1.335
scale-400k-rcs,rcs-2,174d27b,rcs_reg,1.348
scale-400k-rcs,rcs-2,174d27b,rcs_reg,1.322
scale-400k-rcs,rcs-2,174d27b,rcs_reg,1.354
scale-400k-rcs,rcs-2,174d27b,rcs_reg,1.335
scale-400k-rcs,rcs-2,174d27b,rcs_reg,1.338
scale-400k-rcs,rcs-2,174d27b,rcs_reg,1.329
scale-400k-rcs,rcs-2,174d27b,rcs_reg,1.34
scale-400k-rcs,rcs-2,174d27b,rcs_reg,1.335
scale-400k-rcs,rcs-2,a9359ce,rcs_reg,1.324
scale-400k-rcs,rcs-2,a9359ce,rcs_reg,1.328
scale-400k-rcs,rcs-2,a9359ce,rcs_reg,1.329
scale-400k-rcs,rcs-2,a9359ce,rcs_reg,1.322
scale-400k-rcs,rcs-2,a9359ce,rcs_reg,1.329
scale-400k-rcs,rcs-2,f1,rcs_reg,1.345
scale-400k-rcs,rcs-2,f1,rcs_reg,1.337
scale-400k-rcs,rcs-2,f1,rcs_reg,1.351
scale-400k-rcs,rcs-2,f1,rcs_reg,1.364
scale-400k-rcs,rcs-2,f1,rcs_reg,1.332
scale-400k-rcs,rcs-2,f1,rcs_reg,1.333
scale-400k-rcs,rcs-2,f1,rcs_reg,1.331
scale-400k-rcs,rcs-2,f1,rcs_reg,1.355
scale-400k-rcs,rcs-2,f1,rcs_reg,1.367
scale-400k-rcs,rcs-2,f1,rcs_reg,1.353
scale-400k-rcs,rcs-2,a9359ce,rcs_reg,1.337
scale-400k-rcs,rcs-2,a9359ce,rcs_reg,1.32
scale-400k-rcs,rcs-2,a9359ce,rcs_reg,1.332
scale-400k-rcs,rcs-2,a9359ce,rcs_reg,1.328
scale-400k-rcs,rcs-2,a9359ce,rcs_reg,1.337
scale-400k-rcs,rcs-2,174d27b,rcs_reg,1.316
scale-400k-rcs,rcs-2,174d27b,rcs_reg,1.342
scale-400k-rcs,rcs-2,174d27b,rcs_reg,1.485
scale-400k-rcs,rcs-2,174d27b,rcs_reg,1.336
scale-400k-rcs,rcs-2,174d27b,rcs_reg,1.348
scale-400k-rcs,rcs-2,174d27b,rcs_reg,1.316
scale-400k-rcs,rcs-2,174d27b,rcs_reg,1.346
scale-400k-rcs,rcs-2,174d27b,rcs_reg,1.346
scale-400k-rcs,rcs-2,174d27b,rcs_reg,1.351
scale-400k-rcs,rcs-2,174d27b,rcs_reg,1.327
scale-400k-rcs,rcs-2,a9359ce,rcs_reg,1.338
scale-400k-rcs,rcs-2,a9359ce,rcs_reg,1.344
scale-400k-rcs,rcs-2,a9359ce,rcs_reg,1.331
scale-400k-rcs,rcs-2,a9359ce,rcs_reg,1.329
scale-400k-rcs,rcs-2,a9359ce,rcs_reg,1.341
scale-400k-rcs,rcs-2,f1,rcs_reg,1.332
scale-400k-rcs,rcs-2,f1,rcs_reg,1.339
scale-400k-rcs,rcs-2,f1,rcs_reg,1.344
scale-400k-rcs,rcs-2,f1,rcs_reg,1.364
scale-400k-rcs,rcs-2,f1,rcs_reg,1.336
scale-400k-rcs,rcs-2,f1,rcs_reg,1.341
scale-400k-rcs,rcs-2,f1,rcs_reg,1.35
scale-400k-rcs,rcs-2,f1,rcs_reg,1.354
scale-400k-rcs,rcs-2,f1,rcs_reg,1.383
scale-400k-rcs,rcs-2,f1,rcs_reg,1.346
scale-400k-rcs,rcs-2,a9359ce,rcs_reg,1.348
scale-400k-rcs,rcs-2,a9359ce,rcs_reg,1.345
scale-400k-rcs,rcs-2,a9359ce,rcs_reg,1.381
scale-400k-rcs,rcs-2,a9359ce,rcs_reg,1.327
scale-400k-rcs,rcs-2,a9359ce,rcs_reg,1.336
scale-400k-rcs,rcs-2,174d27b,rcs_reg,1.342
scale-400k-rcs,rcs-2,174d27b,rcs_reg,1.325
scale-400k-rcs,rcs-2,174d27b,rcs_reg,1.353
scale-400k-rcs,rcs-2,174d27b,rcs_reg,1.334
scale-400k-rcs,rcs-2,174d27b,rcs_reg,1.338
scale-400k-rcs,rcs-2,174d27b,rcs_reg,1.329
scale-400k-rcs,rcs-2,174d27b,rcs_reg,1.338
scale-400k-rcs,rcs-2,174d27b,rcs_reg,1.33
scale-400k-rcs,rcs-2,174d27b,rcs_reg,1.331
scale-400k-rcs,rcs-2,174d27b,rcs_reg,1.333
scale-400k-rcs,rcs-2,a9359ce,rcs_reg,1.36
scale-400k-rcs,rcs-2,a9359ce,rcs_reg,1.341
scale-400k-rcs,rcs-2,a9359ce,rcs_reg,1.336
scale-400k-rcs,rcs-2,a9359ce,rcs_reg,1.326
scale-400k-rcs,rcs-2,a9359ce,rcs_reg,1.324
scale-400k-rcs,rcs-2,f1,rcs_reg,1.346
scale-400k-rcs,rcs-2,f1,rcs_reg,1.344
scale-400k-rcs,rcs-2,f1,rcs_reg,1.344
scale-400k-rcs,rcs-2,f1,rcs_reg,1.354
scale-400k-rcs,rcs-2,f1,rcs_reg,1.362
scale-400k-rcs,rcs-2,f1,rcs_reg,1.342
scale-400k-rcs,rcs-2,f1,rcs_reg,1.347
scale-400k-rcs,rcs-2,f1,rcs_reg,1.366
scale-400k-rcs,rcs-2,f1,rcs_reg,1.36
scale-400k-rcs,rcs-2,f1,rcs_reg,1.371
scale-400k-rcs,rcs-2,a9359ce,rcs_reg,1.321
scale-400k-rcs,rcs-2,a9359ce,rcs_reg,1.319
scale-400k-rcs,rcs-2,a9359ce,rcs_reg,1.316
scale-400k-rcs,rcs-2,a9359ce,rcs_reg,1.388
scale-400k-rcs,rcs-2,a9359ce,rcs_reg,1.359
scale-400k-rcs,rcs-2,174d27b,rcs_reg,1.31
scale-400k-rcs,rcs-2,174d27b,rcs_reg,1.335
scale-400k-rcs,rcs-2,174d27b,rcs_reg,1.343
scale-400k-rcs,rcs-2,174d27b,rcs_reg,1.328
scale-400k-rcs,rcs-2,174d27b,rcs_reg,1.355
scale-400k-rcs,slot-swap,cfg1-slotA-parent,rcs_reg,1.332
scale-400k-rcs,slot-swap,cfg1-slotA-parent,rcs_reg,1.327
scale-400k-rcs,slot-swap,cfg1-slotA-parent,rcs_reg,1.364
scale-400k-rcs,slot-swap,cfg1-slotA-parent,rcs_reg,1.336
scale-400k-rcs,slot-swap,cfg1-slotA-parent,rcs_reg,1.334
scale-400k-rcs,slot-swap,cfg1-slotB-f1,rcs_reg,1.333
scale-400k-rcs,slot-swap,cfg1-slotB-f1,rcs_reg,1.332
scale-400k-rcs,slot-swap,cfg1-slotB-f1,rcs_reg,1.328
scale-400k-rcs,slot-swap,cfg1-slotB-f1,rcs_reg,1.327
scale-400k-rcs,slot-swap,cfg1-slotB-f1,rcs_reg,1.318
scale-400k-rcs,slot-swap,cfg1-slotB-f1,rcs_reg,1.324
scale-400k-rcs,slot-swap,cfg1-slotB-f1,rcs_reg,1.323
scale-400k-rcs,slot-swap,cfg1-slotB-f1,rcs_reg,1.345
scale-400k-rcs,slot-swap,cfg1-slotB-f1,rcs_reg,1.349
scale-400k-rcs,slot-swap,cfg1-slotB-f1,rcs_reg,1.34
scale-400k-rcs,slot-swap,cfg1-slotA-parent,rcs_reg,1.309
scale-400k-rcs,slot-swap,cfg1-slotA-parent,rcs_reg,1.336
scale-400k-rcs,slot-swap,cfg1-slotA-parent,rcs_reg,1.328
scale-400k-rcs,slot-swap,cfg1-slotA-parent,rcs_reg,1.357
scale-400k-rcs,slot-swap,cfg1-slotA-parent,rcs_reg,1.323
scale-400k-rcs,slot-swap,cfg1-slotA-parent,rcs_reg,1.323
scale-400k-rcs,slot-swap,cfg1-slotA-parent,rcs_reg,1.349
scale-400k-rcs,slot-swap,cfg1-slotA-parent,rcs_reg,1.34
scale-400k-rcs,slot-swap,cfg1-slotA-parent,rcs_reg,1.349
scale-400k-rcs,slot-swap,cfg1-slotA-parent,rcs_reg,1.358
scale-400k-rcs,slot-swap,cfg1-slotB-f1,rcs_reg,1.367
scale-400k-rcs,slot-swap,cfg1-slotB-f1,rcs_reg,1.348
scale-400k-rcs,slot-swap,cfg1-slotB-f1,rcs_reg,1.337
scale-400k-rcs,slot-swap,cfg1-slotB-f1,rcs_reg,1.354
scale-400k-rcs,slot-swap,cfg1-slotB-f1,rcs_reg,1.338
scale-400k-rcs,slot-swap,cfg1-slotB-f1,rcs_reg,1.321
scale-400k-rcs,slot-swap,cfg1-slotB-f1,rcs_reg,1.361
scale-400k-rcs,slot-swap,cfg1-slotB-f1,rcs_reg,1.342
scale-400k-rcs,slot-swap,cfg1-slotB-f1,rcs_reg,1.358
scale-400k-rcs,slot-swap,cfg1-slotB-f1,rcs_reg,1.386
scale-400k-rcs,slot-swap,cfg1-slotA-parent,rcs_reg,1.353
scale-400k-rcs,slot-swap,cfg1-slotA-parent,rcs_reg,1.341
scale-400k-rcs,slot-swap,cfg1-slotA-parent,rcs_reg,1.347
scale-400k-rcs,slot-swap,cfg1-slotA-parent,rcs_reg,1.35
scale-400k-rcs,slot-swap,cfg1-slotA-parent,rcs_reg,1.348
scale-400k-rcs,slot-swap,cfg1-slotA-parent,rcs_reg,1.333
scale-400k-rcs,slot-swap,cfg1-slotA-parent,rcs_reg,1.309
scale-400k-rcs,slot-swap,cfg1-slotA-parent,rcs_reg,1.322
scale-400k-rcs,slot-swap,cfg1-slotA-parent,rcs_reg,1.317
scale-400k-rcs,slot-swap,cfg1-slotA-parent,rcs_reg,1.321
scale-400k-rcs,slot-swap,cfg1-slotB-f1,rcs_reg,1.346
scale-400k-rcs,slot-swap,cfg1-slotB-f1,rcs_reg,1.328
scale-400k-rcs,slot-swap,cfg1-slotB-f1,rcs_reg,1.346
scale-400k-rcs,slot-swap,cfg1-slotB-f1,rcs_reg,1.34
scale-400k-rcs,slot-swap,cfg1-slotB-f1,rcs_reg,1.338
scale-400k-rcs,slot-swap,cfg2-slotA-f1,rcs_reg,1.338
scale-400k-rcs,slot-swap,cfg2-slotA-f1,rcs_reg,1.334
scale-400k-rcs,slot-swap,cfg2-slotA-f1,rcs_reg,1.321
scale-400k-rcs,slot-swap,cfg2-slotA-f1,rcs_reg,1.338
scale-400k-rcs,slot-swap,cfg2-slotA-f1,rcs_reg,1.359
scale-400k-rcs,slot-swap,cfg2-slotB-parent,rcs_reg,1.305
scale-400k-rcs,slot-swap,cfg2-slotB-parent,rcs_reg,1.323
scale-400k-rcs,slot-swap,cfg2-slotB-parent,rcs_reg,1.33
scale-400k-rcs,slot-swap,cfg2-slotB-parent,rcs_reg,1.323
scale-400k-rcs,slot-swap,cfg2-slotB-parent,rcs_reg,1.348
scale-400k-rcs,slot-swap,cfg2-slotB-parent,rcs_reg,1.327
scale-400k-rcs,slot-swap,cfg2-slotB-parent,rcs_reg,1.327
scale-400k-rcs,slot-swap,cfg2-slotB-parent,rcs_reg,1.35
scale-400k-rcs,slot-swap,cfg2-slotB-parent,rcs_reg,1.341
scale-400k-rcs,slot-swap,cfg2-slotB-parent,rcs_reg,1.329
scale-400k-rcs,slot-swap,cfg2-slotA-f1,rcs_reg,1.326
scale-400k-rcs,slot-swap,cfg2-slotA-f1,rcs_reg,1.325
scale-400k-rcs,slot-swap,cfg2-slotA-f1,rcs_reg,1.327
scale-400k-rcs,slot-swap,cfg2-slotA-f1,rcs_reg,1.328
scale-400k-rcs,slot-swap,cfg2-slotA-f1,rcs_reg,1.336
scale-400k-rcs,slot-swap,cfg2-slotA-f1,rcs_reg,1.322
scale-400k-rcs,slot-swap,cfg2-slotA-f1,rcs_reg,1.346
scale-400k-rcs,slot-swap,cfg2-slotA-f1,rcs_reg,1.341
scale-400k-rcs,slot-swap,cfg2-slotA-f1,rcs_reg,1.35
scale-400k-rcs,slot-swap,cfg2-slotA-f1,rcs_reg,1.33
scale-400k-rcs,slot-swap,cfg2-slotB-parent,rcs_reg,1.31
scale-400k-rcs,slot-swap,cfg2-slotB-parent,rcs_reg,1.318
scale-400k-rcs,slot-swap,cfg2-slotB-parent,rcs_reg,1.33
scale-400k-rcs,slot-swap,cfg2-slotB-parent,rcs_reg,1.324
scale-400k-rcs,slot-swap,cfg2-slotB-parent,rcs_reg,1.337
scale-400k-rcs,slot-swap,cfg2-slotB-parent,rcs_reg,1.316
scale-400k-rcs,slot-swap,cfg2-slotB-parent,rcs_reg,1.325
scale-400k-rcs,slot-swap,cfg2-slotB-parent,rcs_reg,1.323
scale-400k-rcs,slot-swap,cfg2-slotB-parent,rcs_reg,1.324
scale-400k-rcs,slot-swap,cfg2-slotB-parent,rcs_reg,1.322
scale-400k-rcs,slot-swap,cfg2-slotA-f1,rcs_reg,1.32
scale-400k-rcs,slot-swap,cfg2-slotA-f1,rcs_reg,1.323
scale-400k-rcs,slot-swap,cfg2-slotA-f1,rcs_reg,1.36
scale-400k-rcs,slot-swap,cfg2-slotA-f1,rcs_reg,1.332
scale-400k-rcs,slot-swap,cfg2-slotA-f1,rcs_reg,1.336
scale-400k-rcs,slot-swap,cfg2-slotA-f1,rcs_reg,1.324
scale-400k-rcs,slot-swap,cfg2-slotA-f1,rcs_reg,1.319
scale-400k-rcs,slot-swap,cfg2-slotA-f1,rcs_reg,1.335
scale-400k-rcs,slot-swap,cfg2-slotA-f1,rcs_reg,1.348
scale-400k-rcs,slot-swap,cfg2-slotA-f1,rcs_reg,1.33
scale-400k-rcs,slot-swap,cfg2-slotB-parent,rcs_reg,1.36
scale-400k-rcs,slot-swap,cfg2-slotB-parent,rcs_reg,1.355
scale-400k-rcs,slot-swap,cfg2-slotB-parent,rcs_reg,1.353
scale-400k-rcs,slot-swap,cfg2-slotB-parent,rcs_reg,1.353
scale-400k-rcs,slot-swap,cfg2-slotB-parent,rcs_reg,1.34
