design,campaign,tree,cell,seconds
scale-400k,r1,s2,panel_reg_analytic,.419
scale-400k,r1,s2,panel_dr_cov,.833
scale-400k,r1,s2,panel_reg_cluster,.4709999999999999
scale-400k,r1,s2,rcs_reg,1.207
scale-400k,r1,s2,unbal_reg_none,.416
scale-400k,r1,s2,panel_reg_wboot,.5400000000000001
cell-design,r1,s2,fast,.607
cell-design,r1,s2,preg,1.033
cell-design,r1,s2,pdr,1.926
cell-design,r1,s2,unbal,.994
cell-design,r1,s2,rcs,1.877
inproc-50,r1,s2,reg,.5549999999999999
inproc-50,r1,s2,dr,1.708
scale-400k,r1,base,panel_reg_analytic,.42
scale-400k,r1,base,panel_dr_cov,.831
scale-400k,r1,base,panel_reg_cluster,.472
scale-400k,r1,base,rcs_reg,1.356
scale-400k,r1,base,unbal_reg_none,.426
scale-400k,r1,base,panel_reg_wboot,.556
cell-design,r1,base,fast,.611
cell-design,r1,base,preg,1.062
cell-design,r1,base,pdr,1.908
cell-design,r1,base,unbal,1.01
cell-design,r1,base,rcs,1.927
inproc-50,r1,base,reg,.55
inproc-50,r1,base,dr,1.71
scale-400k,r1,head,panel_reg_analytic,.42
scale-400k,r1,head,panel_dr_cov,.831
scale-400k,r1,head,panel_reg_cluster,.472
scale-400k,r1,head,rcs_reg,1.211
scale-400k,r1,head,unbal_reg_none,.413
scale-400k,r1,head,panel_reg_wboot,.541
cell-design,r1,head,fast,.618
cell-design,r1,head,preg,1.04
cell-design,r1,head,pdr,1.924
cell-design,r1,head,unbal,.995
cell-design,r1,head,rcs,1.895
inproc-50,r1,head,reg,.55
inproc-50,r1,head,dr,1.72
scale-400k,r2,s2,panel_reg_analytic,.42
scale-400k,r2,s2,panel_dr_cov,.8290000000000001
scale-400k,r2,s2,panel_reg_cluster,.467
scale-400k,r2,s2,rcs_reg,1.194
scale-400k,r2,s2,unbal_reg_none,.41
scale-400k,r2,s2,panel_reg_wboot,.5389999999999999
cell-design,r2,s2,fast,.612
cell-design,r2,s2,preg,1.04
cell-design,r2,s2,pdr,1.928
cell-design,r2,s2,unbal,1.001
cell-design,r2,s2,rcs,1.888
inproc-50,r2,s2,reg,.549
inproc-50,r2,s2,dr,1.713
scale-400k,r2,head,panel_reg_analytic,.425
scale-400k,r2,head,panel_dr_cov,.825
scale-400k,r2,head,panel_reg_cluster,.475
scale-400k,r2,head,rcs_reg,1.219
scale-400k,r2,head,unbal_reg_none,.425
scale-400k,r2,head,panel_reg_wboot,.5469999999999999
cell-design,r2,head,fast,.626
cell-design,r2,head,preg,1.053
cell-design,r2,head,pdr,1.934
cell-design,r2,head,unbal,1.003
cell-design,r2,head,rcs,1.881
inproc-50,r2,head,reg,.556
inproc-50,r2,head,dr,1.708
scale-400k,r2,base,panel_reg_analytic,.422
scale-400k,r2,base,panel_dr_cov,.828
scale-400k,r2,base,panel_reg_cluster,.4670000000000001
scale-400k,r2,base,rcs_reg,1.349
scale-400k,r2,base,unbal_reg_none,.417
scale-400k,r2,base,panel_reg_wboot,.547
cell-design,r2,base,fast,.615
cell-design,r2,base,preg,1.046
cell-design,r2,base,pdr,1.914
cell-design,r2,base,unbal,.996
cell-design,r2,base,rcs,1.92
inproc-50,r2,base,reg,.548
inproc-50,r2,base,dr,1.689
scale-400k,r3,head,panel_reg_analytic,.421
scale-400k,r3,head,panel_dr_cov,.8220000000000001
scale-400k,r3,head,panel_reg_cluster,.47
scale-400k,r3,head,rcs_reg,1.201
scale-400k,r3,head,unbal_reg_none,.42
scale-400k,r3,head,panel_reg_wboot,.544
cell-design,r3,head,fast,.612
cell-design,r3,head,preg,1.035
cell-design,r3,head,pdr,1.93
cell-design,r3,head,unbal,1.002
cell-design,r3,head,rcs,1.882
inproc-50,r3,head,reg,.5509999999999999
inproc-50,r3,head,dr,1.702
scale-400k,r3,s2,panel_reg_analytic,.416
scale-400k,r3,s2,panel_dr_cov,.8299999999999998
scale-400k,r3,s2,panel_reg_cluster,.466
scale-400k,r3,s2,rcs_reg,1.215
scale-400k,r3,s2,unbal_reg_none,.419
scale-400k,r3,s2,panel_reg_wboot,.554
cell-design,r3,s2,fast,.619
cell-design,r3,s2,preg,1.042
cell-design,r3,s2,pdr,1.935
cell-design,r3,s2,unbal,.988
cell-design,r3,s2,rcs,1.888
inproc-50,r3,s2,reg,.553
inproc-50,r3,s2,dr,1.713
scale-400k,r3,base,panel_reg_analytic,.42
scale-400k,r3,base,panel_dr_cov,.826
scale-400k,r3,base,panel_reg_cluster,.469
scale-400k,r3,base,rcs_reg,1.349
scale-400k,r3,base,unbal_reg_none,.411
scale-400k,r3,base,panel_reg_wboot,.5429999999999998
cell-design,r3,base,fast,.621
cell-design,r3,base,preg,1.052
cell-design,r3,base,pdr,1.92
cell-design,r3,base,unbal,1.011
cell-design,r3,base,rcs,1.924
inproc-50,r3,base,reg,.554
inproc-50,r3,base,dr,1.7
scale-400k,r4,head,panel_reg_analytic,.422
scale-400k,r4,head,panel_dr_cov,.8350000000000001
scale-400k,r4,head,panel_reg_cluster,.476
scale-400k,r4,head,rcs_reg,1.197
scale-400k,r4,head,unbal_reg_none,.416
scale-400k,r4,head,panel_reg_wboot,.5489999999999999
cell-design,r4,head,fast,.617
cell-design,r4,head,preg,1.044
cell-design,r4,head,pdr,1.929
cell-design,r4,head,unbal,1.002
cell-design,r4,head,rcs,1.899
inproc-50,r4,head,reg,.548
inproc-50,r4,head,dr,1.712
scale-400k,r4,base,panel_reg_analytic,.419
scale-400k,r4,base,panel_dr_cov,.8299999999999998
scale-400k,r4,base,panel_reg_cluster,.477
scale-400k,r4,base,rcs_reg,1.347
scale-400k,r4,base,unbal_reg_none,.417
scale-400k,r4,base,panel_reg_wboot,.5470000000000002
cell-design,r4,base,fast,.62
cell-design,r4,base,preg,1.05
cell-design,r4,base,pdr,1.921
cell-design,r4,base,unbal,1.007
cell-design,r4,base,rcs,1.946
inproc-50,r4,base,reg,.55
inproc-50,r4,base,dr,1.702
scale-400k,r4,s2,panel_reg_analytic,.422
scale-400k,r4,s2,panel_dr_cov,.831
scale-400k,r4,s2,panel_reg_cluster,.472
scale-400k,r4,s2,rcs_reg,1.209
scale-400k,r4,s2,unbal_reg_none,.418
scale-400k,r4,s2,panel_reg_wboot,.5489999999999999
cell-design,r4,s2,fast,.616
cell-design,r4,s2,preg,1.04
cell-design,r4,s2,pdr,1.927
cell-design,r4,s2,unbal,1.003
cell-design,r4,s2,rcs,1.884
inproc-50,r4,s2,reg,.5549999999999999
inproc-50,r4,s2,dr,1.715
scale-400k,r5,base,panel_reg_analytic,.422
scale-400k,r5,base,panel_dr_cov,.831
scale-400k,r5,base,panel_reg_cluster,.475
scale-400k,r5,base,rcs_reg,1.379
scale-400k,r5,base,unbal_reg_none,.42
scale-400k,r5,base,panel_reg_wboot,.5449999999999998
cell-design,r5,base,fast,.613
cell-design,r5,base,preg,1.044
cell-design,r5,base,pdr,1.923
cell-design,r5,base,unbal,.999
cell-design,r5,base,rcs,1.924
inproc-50,r5,base,reg,.554
inproc-50,r5,base,dr,1.715
scale-400k,r5,head,panel_reg_analytic,.42
scale-400k,r5,head,panel_dr_cov,.827
scale-400k,r5,head,panel_reg_cluster,.47
scale-400k,r5,head,rcs_reg,1.217
scale-400k,r5,head,unbal_reg_none,.413
scale-400k,r5,head,panel_reg_wboot,.5509999999999998
cell-design,r5,head,fast,.778
cell-design,r5,head,preg,1.05
cell-design,r5,head,pdr,1.934
cell-design,r5,head,unbal,1.006
cell-design,r5,head,rcs,1.891
inproc-50,r5,head,reg,.556
inproc-50,r5,head,dr,1.704
scale-400k,r5,s2,panel_reg_analytic,.421
scale-400k,r5,s2,panel_dr_cov,.8260000000000002
scale-400k,r5,s2,panel_reg_cluster,.467
scale-400k,r5,s2,rcs_reg,1.19
scale-400k,r5,s2,unbal_reg_none,.417
scale-400k,r5,s2,panel_reg_wboot,.544
cell-design,r5,s2,fast,.616
cell-design,r5,s2,preg,1.035
cell-design,r5,s2,pdr,1.921
cell-design,r5,s2,unbal,.999
cell-design,r5,s2,rcs,1.877
inproc-50,r5,s2,reg,.552
inproc-50,r5,s2,dr,1.729
scale-400k,r6,base,panel_reg_analytic,.416
scale-400k,r6,base,panel_dr_cov,.8299999999999998
scale-400k,r6,base,panel_reg_cluster,.468
scale-400k,r6,base,rcs_reg,1.352
scale-400k,r6,base,unbal_reg_none,.417
scale-400k,r6,base,panel_reg_wboot,.539
cell-design,r6,base,fast,.619
cell-design,r6,base,preg,1.049
cell-design,r6,base,pdr,1.916
cell-design,r6,base,unbal,1.009
cell-design,r6,base,rcs,1.918
inproc-50,r6,base,reg,.554
inproc-50,r6,base,dr,1.7
scale-400k,r6,s2,panel_reg_analytic,.418
scale-400k,r6,s2,panel_dr_cov,.8320000000000001
scale-400k,r6,s2,panel_reg_cluster,.464
scale-400k,r6,s2,rcs_reg,1.207
scale-400k,r6,s2,unbal_reg_none,.415
scale-400k,r6,s2,panel_reg_wboot,.5429999999999999
cell-design,r6,s2,fast,.623
cell-design,r6,s2,preg,1.051
cell-design,r6,s2,pdr,1.931
cell-design,r6,s2,unbal,1.001
cell-design,r6,s2,rcs,1.89
inproc-50,r6,s2,reg,.548
inproc-50,r6,s2,dr,1.728
scale-400k,r6,head,panel_reg_analytic,.42
scale-400k,r6,head,panel_dr_cov,.8369999999999999
scale-400k,r6,head,panel_reg_cluster,.466
scale-400k,r6,head,rcs_reg,1.214
scale-400k,r6,head,unbal_reg_none,.424
scale-400k,r6,head,panel_reg_wboot,.544
cell-design,r6,head,fast,.612
cell-design,r6,head,preg,1.047
cell-design,r6,head,pdr,1.943
cell-design,r6,head,unbal,1.005
cell-design,r6,head,rcs,1.886
inproc-50,r6,head,reg,.5529999999999999
inproc-50,r6,head,dr,1.718
scale-400k,r7,s2,panel_reg_analytic,.419
scale-400k,r7,s2,panel_dr_cov,.832
scale-400k,r7,s2,panel_reg_cluster,.47
scale-400k,r7,s2,rcs_reg,1.22
scale-400k,r7,s2,unbal_reg_none,.417
scale-400k,r7,s2,panel_reg_wboot,.5459999999999999
cell-design,r7,s2,fast,.615
cell-design,r7,s2,preg,1.042
cell-design,r7,s2,pdr,1.924
cell-design,r7,s2,unbal,.997
cell-design,r7,s2,rcs,1.883
inproc-50,r7,s2,reg,.5629999999999999
inproc-50,r7,s2,dr,1.719
scale-400k,r7,base,panel_reg_analytic,.421
scale-400k,r7,base,panel_dr_cov,.8319999999999999
scale-400k,r7,base,panel_reg_cluster,.469
scale-400k,r7,base,rcs_reg,1.356
scale-400k,r7,base,unbal_reg_none,.412
scale-400k,r7,base,panel_reg_wboot,.5439999999999999
cell-design,r7,base,fast,.622
cell-design,r7,base,preg,1.049
cell-design,r7,base,pdr,1.923
cell-design,r7,base,unbal,1.004
cell-design,r7,base,rcs,1.925
inproc-50,r7,base,reg,.5529999999999999
inproc-50,r7,base,dr,1.698
scale-400k,r7,head,panel_reg_analytic,.419
scale-400k,r7,head,panel_dr_cov,.8220000000000002
scale-400k,r7,head,panel_reg_cluster,.4660000000000001
scale-400k,r7,head,rcs_reg,1.219
scale-400k,r7,head,unbal_reg_none,.42
scale-400k,r7,head,panel_reg_wboot,.5509999999999999
cell-design,r7,head,fast,.617
cell-design,r7,head,preg,1.041
cell-design,r7,head,pdr,1.925
cell-design,r7,head,unbal,.995
cell-design,r7,head,rcs,1.88
inproc-50,r7,head,reg,.551
inproc-50,r7,head,dr,1.707
scale-400k,r8,s2,panel_reg_analytic,.42
scale-400k,r8,s2,panel_dr_cov,.829
scale-400k,r8,s2,panel_reg_cluster,.483
scale-400k,r8,s2,rcs_reg,1.215
scale-400k,r8,s2,unbal_reg_none,.418
scale-400k,r8,s2,panel_reg_wboot,.5480000000000002
cell-design,r8,s2,fast,.618
cell-design,r8,s2,preg,1.046
cell-design,r8,s2,pdr,1.931
cell-design,r8,s2,unbal,1.008
cell-design,r8,s2,rcs,1.886
inproc-50,r8,s2,reg,.5509999999999999
inproc-50,r8,s2,dr,1.727
scale-400k,r8,head,panel_reg_analytic,.416
scale-400k,r8,head,panel_dr_cov,.8229999999999998
scale-400k,r8,head,panel_reg_cluster,.465
scale-400k,r8,head,rcs_reg,1.216
scale-400k,r8,head,unbal_reg_none,.425
scale-400k,r8,head,panel_reg_wboot,.5489999999999998
cell-design,r8,head,fast,.615
cell-design,r8,head,preg,1.04
cell-design,r8,head,pdr,1.934
cell-design,r8,head,unbal,1.005
cell-design,r8,head,rcs,1.891
inproc-50,r8,head,reg,.546
inproc-50,r8,head,dr,1.715
scale-400k,r8,base,panel_reg_analytic,.42
scale-400k,r8,base,panel_dr_cov,.8260000000000002
scale-400k,r8,base,panel_reg_cluster,.467
scale-400k,r8,base,rcs_reg,1.342
scale-400k,r8,base,unbal_reg_none,.424
scale-400k,r8,base,panel_reg_wboot,.5449999999999999
cell-design,r8,base,fast,.616
cell-design,r8,base,preg,1.052
cell-design,r8,base,pdr,1.922
cell-design,r8,base,unbal,1.009
cell-design,r8,base,rcs,1.936
inproc-50,r8,base,reg,.554
inproc-50,r8,base,dr,1.699
scale-400k,r9,head,panel_reg_analytic,.423
scale-400k,r9,head,panel_dr_cov,.845
scale-400k,r9,head,panel_reg_cluster,.471
scale-400k,r9,head,rcs_reg,1.217
scale-400k,r9,head,unbal_reg_none,.412
scale-400k,r9,head,panel_reg_wboot,.55
cell-design,r9,head,fast,.622
cell-design,r9,head,preg,1.046
cell-design,r9,head,pdr,1.934
cell-design,r9,head,unbal,1.004
cell-design,r9,head,rcs,1.885
inproc-50,r9,head,reg,.5529999999999999
inproc-50,r9,head,dr,1.718
scale-400k,r9,s2,panel_reg_analytic,.424
scale-400k,r9,s2,panel_dr_cov,.8300000000000001
scale-400k,r9,s2,panel_reg_cluster,.469
scale-400k,r9,s2,rcs_reg,1.193
scale-400k,r9,s2,unbal_reg_none,.415
scale-400k,r9,s2,panel_reg_wboot,.55
cell-design,r9,s2,fast,.624
cell-design,r9,s2,preg,1.046
cell-design,r9,s2,pdr,1.925
cell-design,r9,s2,unbal,1.013
cell-design,r9,s2,rcs,1.9
inproc-50,r9,s2,reg,.546
inproc-50,r9,s2,dr,1.707
scale-400k,r9,base,panel_reg_analytic,.42
scale-400k,r9,base,panel_dr_cov,.8269999999999998
scale-400k,r9,base,panel_reg_cluster,.47
scale-400k,r9,base,rcs_reg,1.349
scale-400k,r9,base,unbal_reg_none,.422
scale-400k,r9,base,panel_reg_wboot,.5449999999999999
cell-design,r9,base,fast,.618
cell-design,r9,base,preg,1.08
cell-design,r9,base,pdr,1.916
cell-design,r9,base,unbal,1.009
cell-design,r9,base,rcs,1.927
inproc-50,r9,base,reg,.5589999999999999
inproc-50,r9,base,dr,1.709
scale-400k,r10,head,panel_reg_analytic,.42
scale-400k,r10,head,panel_dr_cov,.8280000000000001
scale-400k,r10,head,panel_reg_cluster,.472
scale-400k,r10,head,rcs_reg,1.199
scale-400k,r10,head,unbal_reg_none,.415
scale-400k,r10,head,panel_reg_wboot,.5440000000000002
cell-design,r10,head,fast,.611
cell-design,r10,head,preg,1.038
cell-design,r10,head,pdr,1.924
cell-design,r10,head,unbal,1.001
cell-design,r10,head,rcs,1.901
inproc-50,r10,head,reg,.5529999999999999
inproc-50,r10,head,dr,1.713
scale-400k,r10,base,panel_reg_analytic,.419
scale-400k,r10,base,panel_dr_cov,.8320000000000001
scale-400k,r10,base,panel_reg_cluster,.475
scale-400k,r10,base,rcs_reg,1.344
scale-400k,r10,base,unbal_reg_none,.414
scale-400k,r10,base,panel_reg_wboot,.551
cell-design,r10,base,fast,.627
cell-design,r10,base,preg,1.054
cell-design,r10,base,pdr,1.945
cell-design,r10,base,unbal,1.014
cell-design,r10,base,rcs,1.95
inproc-50,r10,base,reg,.544
inproc-50,r10,base,dr,1.714
scale-400k,r10,s2,panel_reg_analytic,.425
scale-400k,r10,s2,panel_dr_cov,.8419999999999999
scale-400k,r10,s2,panel_reg_cluster,.4699999999999999
scale-400k,r10,s2,rcs_reg,1.199
scale-400k,r10,s2,unbal_reg_none,.416
scale-400k,r10,s2,panel_reg_wboot,.552
cell-design,r10,s2,fast,.626
cell-design,r10,s2,preg,1.053
cell-design,r10,s2,pdr,1.945
cell-design,r10,s2,unbal,1.009
cell-design,r10,s2,rcs,1.887
inproc-50,r10,s2,reg,.5610000000000001
inproc-50,r10,s2,dr,1.723
scale-400k,r11,base,panel_reg_analytic,.418
scale-400k,r11,base,panel_dr_cov,.8329999999999999
scale-400k,r11,base,panel_reg_cluster,.4689999999999999
scale-400k,r11,base,rcs_reg,1.368
scale-400k,r11,base,unbal_reg_none,.418
scale-400k,r11,base,panel_reg_wboot,.554
cell-design,r11,base,fast,.617
cell-design,r11,base,preg,1.066
cell-design,r11,base,pdr,1.946
cell-design,r11,base,unbal,1.014
cell-design,r11,base,rcs,1.938
inproc-50,r11,base,reg,.551
inproc-50,r11,base,dr,1.69
scale-400k,r11,head,panel_reg_analytic,.422
scale-400k,r11,head,panel_dr_cov,.8200000000000001
scale-400k,r11,head,panel_reg_cluster,.4719999999999999
scale-400k,r11,head,rcs_reg,1.205
scale-400k,r11,head,unbal_reg_none,.413
scale-400k,r11,head,panel_reg_wboot,.5460000000000002
cell-design,r11,head,fast,.625
cell-design,r11,head,preg,1.054
cell-design,r11,head,pdr,1.948
cell-design,r11,head,unbal,1.005
cell-design,r11,head,rcs,1.904
inproc-50,r11,head,reg,.55
inproc-50,r11,head,dr,1.726
scale-400k,r11,s2,panel_reg_analytic,.419
scale-400k,r11,s2,panel_dr_cov,.8280000000000001
scale-400k,r11,s2,panel_reg_cluster,.468
scale-400k,r11,s2,rcs_reg,1.207
scale-400k,r11,s2,unbal_reg_none,.422
scale-400k,r11,s2,panel_reg_wboot,.5429999999999999
cell-design,r11,s2,fast,.622
cell-design,r11,s2,preg,1.045
cell-design,r11,s2,pdr,1.939
cell-design,r11,s2,unbal,1.002
cell-design,r11,s2,rcs,1.894
inproc-50,r11,s2,reg,.555
inproc-50,r11,s2,dr,1.709
scale-400k,r12,base,panel_reg_analytic,.421
scale-400k,r12,base,panel_dr_cov,.835
scale-400k,r12,base,panel_reg_cluster,.473
scale-400k,r12,base,rcs_reg,1.352
scale-400k,r12,base,unbal_reg_none,.419
scale-400k,r12,base,panel_reg_wboot,.5479999999999999
cell-design,r12,base,fast,.62
cell-design,r12,base,preg,1.047
cell-design,r12,base,pdr,1.945
cell-design,r12,base,unbal,.999
cell-design,r12,base,rcs,1.929
inproc-50,r12,base,reg,.5529999999999999
inproc-50,r12,base,dr,1.702
scale-400k,r12,s2,panel_reg_analytic,.417
scale-400k,r12,s2,panel_dr_cov,.8280000000000001
scale-400k,r12,s2,panel_reg_cluster,.472
scale-400k,r12,s2,rcs_reg,1.21
scale-400k,r12,s2,unbal_reg_none,.41
scale-400k,r12,s2,panel_reg_wboot,.5439999999999999
cell-design,r12,s2,fast,.621
cell-design,r12,s2,preg,1.05
cell-design,r12,s2,pdr,1.927
cell-design,r12,s2,unbal,1.007
cell-design,r12,s2,rcs,1.91
inproc-50,r12,s2,reg,.555
inproc-50,r12,s2,dr,1.729
scale-400k,r12,head,panel_reg_analytic,.42
scale-400k,r12,head,panel_dr_cov,.8240000000000001
scale-400k,r12,head,panel_reg_cluster,.4660000000000001
scale-400k,r12,head,rcs_reg,1.202
scale-400k,r12,head,unbal_reg_none,.424
scale-400k,r12,head,panel_reg_wboot,.553
cell-design,r12,head,fast,.619
cell-design,r12,head,preg,1.045
cell-design,r12,head,pdr,1.939
cell-design,r12,head,unbal,1.007
cell-design,r12,head,rcs,1.889
inproc-50,r12,head,reg,.5629999999999999
inproc-50,r12,head,dr,1.723
inproc-50,supp1,s2,reg,.545
inproc-50,supp1,s2,dr,1.698
inproc-50,supp1,base,reg,.553
inproc-50,supp1,base,dr,1.709
inproc-50,supp1,head,reg,.554
inproc-50,supp1,head,dr,1.708
inproc-50,supp2,s2,reg,.548
inproc-50,supp2,s2,dr,1.705
inproc-50,supp2,head,reg,.553
inproc-50,supp2,head,dr,1.72
inproc-50,supp2,base,reg,.545
inproc-50,supp2,base,dr,1.697
inproc-50,supp3,head,reg,.5469999999999999
inproc-50,supp3,head,dr,1.708
inproc-50,supp3,s2,reg,.55
inproc-50,supp3,s2,dr,1.712
inproc-50,supp3,base,reg,.543
inproc-50,supp3,base,dr,1.697
inproc-50,supp4,head,reg,.544
inproc-50,supp4,head,dr,1.703
inproc-50,supp4,base,reg,.554
inproc-50,supp4,base,dr,1.705
inproc-50,supp4,s2,reg,.553
inproc-50,supp4,s2,dr,1.705
inproc-50,supp5,base,reg,.549
inproc-50,supp5,base,dr,1.699
inproc-50,supp5,head,reg,.553
inproc-50,supp5,head,dr,1.721
inproc-50,supp5,s2,reg,.5509999999999999
inproc-50,supp5,s2,dr,1.714
inproc-50,supp6,base,reg,.552
inproc-50,supp6,base,dr,1.7
inproc-50,supp6,s2,reg,.552
inproc-50,supp6,s2,dr,1.708
inproc-50,supp6,head,reg,.556
inproc-50,supp6,head,dr,1.704
inproc-50,supp7,s2,reg,.546
inproc-50,supp7,s2,dr,1.707
inproc-50,supp7,base,reg,.551
inproc-50,supp7,base,dr,1.693
inproc-50,supp7,head,reg,.55
inproc-50,supp7,head,dr,1.705
inproc-50,supp8,s2,reg,.556
inproc-50,supp8,s2,dr,1.712
inproc-50,supp8,head,reg,.5580000000000001
inproc-50,supp8,head,dr,1.713
inproc-50,supp8,base,reg,.554
inproc-50,supp8,base,dr,1.74
inproc-50,supp9,head,reg,.554
inproc-50,supp9,head,dr,1.711
inproc-50,supp9,s2,reg,.555
inproc-50,supp9,s2,dr,1.71
inproc-50,supp9,base,reg,.552
inproc-50,supp9,base,dr,1.699
inproc-50,supp10,head,reg,.552
inproc-50,supp10,head,dr,1.704
inproc-50,supp10,base,reg,.552
inproc-50,supp10,base,dr,1.701
inproc-50,supp10,s2,reg,.548
inproc-50,supp10,s2,dr,1.709
inproc-50,supp11,base,reg,.5529999999999999
inproc-50,supp11,base,dr,1.697
inproc-50,supp11,head,reg,.542
inproc-50,supp11,head,dr,1.703
inproc-50,supp11,s2,reg,.5469999999999999
inproc-50,supp11,s2,dr,1.712
inproc-50,supp12,base,reg,.5489999999999999
inproc-50,supp12,base,dr,1.724
inproc-50,supp12,s2,reg,.545
inproc-50,supp12,s2,dr,1.707
inproc-50,supp12,head,reg,.554
inproc-50,supp12,head,dr,1.718
source-compile,rep1,head,engine,.073
source-compile,rep1,s2,engine,.071
source-compile,rep1,base,engine,.667
source-compile,rep2,head,engine,.071
source-compile,rep2,s2,engine,.07
source-compile,rep2,base,engine,.667
source-compile,rep3,head,engine,.071
source-compile,rep3,s2,engine,.071
source-compile,rep3,base,engine,.668
source-compile,rep4,head,engine,.071
source-compile,rep4,s2,engine,.071
source-compile,rep4,base,engine,.6659999999999999
source-compile,rep5,head,engine,.071
source-compile,rep5,s2,engine,.071
source-compile,rep5,base,engine,.6659999999999999
source-compile,rep6,head,engine,.071
source-compile,rep6,s2,engine,.071
source-compile,rep6,base,engine,.667
source-compile,rep7,head,engine,.071
source-compile,rep7,s2,engine,.071
source-compile,rep7,base,engine,.667
