head,1,reg,total,.9350000000000001
head,1,reg,setup,.1230000000000001
head,1,reg,cell_extract,0
head,1,reg,model_fit,.3260000000000002
head,1,reg,if_assembly,.043
head,1,reg,cache_post,0
head,1,reg,cluster,0
head,1,reg,bootstrap,0
head,1,reg,aggregation,0
head,1,reg,unprofiled,.4429999999999997
head,1,ipw,total,1.441
head,1,ipw,setup,.1240000000000001
head,1,ipw,cell_extract,0
head,1,ipw,model_fit,.8240000000000006
head,1,ipw,if_assembly,.04
head,1,ipw,cache_post,.003
head,1,ipw,cluster,0
head,1,ipw,bootstrap,0
head,1,ipw,aggregation,0
head,1,ipw,unprofiled,.4499999999999993
head,1,dr,total,1.768
head,1,dr,setup,.1240000000000001
head,1,dr,cell_extract,0
head,1,dr,model_fit,1.135
head,1,dr,if_assembly,.041
head,1,dr,cache_post,.002
head,1,dr,cluster,0
head,1,dr,bootstrap,0
head,1,dr,aggregation,0
head,1,dr,unprofiled,.4659999999999991
head,1,dr_rc,total,3.498
head,1,dr_rc,setup,.2460000000000001
head,1,dr_rc,cell_extract,.038
head,1,dr_rc,model_fit,2.452
head,1,dr_rc,if_assembly,.1690000000000001
head,1,dr_rc,cache_post,.002
head,1,dr_rc,cluster,0
head,1,dr_rc,bootstrap,0
head,1,dr_rc,aggregation,0
head,1,dr_rc,unprofiled,.5909999999999993
base,1,reg,total,.947
base,1,reg,setup,.1260000000000001
base,1,reg,cell_extract,0
base,1,reg,model_fit,.3280000000000002
base,1,reg,if_assembly,.037
base,1,reg,cache_post,.001
base,1,reg,cluster,0
base,1,reg,bootstrap,0
base,1,reg,aggregation,0
base,1,reg,unprofiled,.4549999999999996
base,1,ipw,total,1.467
base,1,ipw,setup,.1250000000000001
base,1,ipw,cell_extract,0
base,1,ipw,model_fit,.8370000000000006
base,1,ipw,if_assembly,.03
base,1,ipw,cache_post,.004
base,1,ipw,cluster,0
base,1,ipw,bootstrap,0
base,1,ipw,aggregation,0
base,1,ipw,unprofiled,.4709999999999993
base,1,dr,total,1.776
base,1,dr,setup,.1260000000000001
base,1,dr,cell_extract,0
base,1,dr,model_fit,1.123000000000001
base,1,dr,if_assembly,.044
base,1,dr,cache_post,.003
base,1,dr,cluster,0
base,1,dr,bootstrap,0
base,1,dr,aggregation,0
base,1,dr,unprofiled,.4799999999999991
base,1,dr_rc,total,3.528
base,1,dr_rc,setup,.2430000000000002
base,1,dr_rc,cell_extract,.1000000000000001
base,1,dr_rc,model_fit,2.413000000000001
base,1,dr_rc,if_assembly,.1800000000000001
base,1,dr_rc,cache_post,.006
base,1,dr_rc,cluster,0
base,1,dr_rc,bootstrap,0
base,1,dr_rc,aggregation,0
base,1,dr_rc,unprofiled,.585999999999999
s2,1,reg,total,.973
s2,1,reg,setup,.1340000000000001
s2,1,reg,cell_extract,0
s2,1,reg,model_fit,.3280000000000002
s2,1,reg,if_assembly,.037
s2,1,reg,cache_post,.001
s2,1,reg,cluster,0
s2,1,reg,bootstrap,0
s2,1,reg,aggregation,0
s2,1,reg,unprofiled,.4729999999999998
s2,1,ipw,total,1.455
s2,1,ipw,setup,.1300000000000001
s2,1,ipw,cell_extract,0
s2,1,ipw,model_fit,.8240000000000006
s2,1,ipw,if_assembly,.036
s2,1,ipw,cache_post,0
s2,1,ipw,cluster,0
s2,1,ipw,bootstrap,0
s2,1,ipw,aggregation,0
s2,1,ipw,unprofiled,.4649999999999993
s2,1,dr,total,1.785
s2,1,dr,setup,.1260000000000001
s2,1,dr,cell_extract,0
s2,1,dr,model_fit,1.151
s2,1,dr,if_assembly,.028
s2,1,dr,cache_post,.004
s2,1,dr,cluster,0
s2,1,dr,bootstrap,0
s2,1,dr,aggregation,0
s2,1,dr,unprofiled,.476
s2,1,dr_rc,total,3.469
s2,1,dr_rc,setup,.2360000000000001
s2,1,dr_rc,cell_extract,.04
s2,1,dr_rc,model_fit,2.445000000000001
s2,1,dr_rc,if_assembly,.1760000000000001
s2,1,dr_rc,cache_post,.006
s2,1,dr_rc,cluster,0
s2,1,dr_rc,bootstrap,0
s2,1,dr_rc,aggregation,0
s2,1,dr_rc,unprofiled,.5659999999999989
head,2,reg,total,.944
head,2,reg,setup,.1310000000000001
head,2,reg,cell_extract,0
head,2,reg,model_fit,.3030000000000002
head,2,reg,if_assembly,.049
head,2,reg,cache_post,0
head,2,reg,cluster,0
head,2,reg,bootstrap,0
head,2,reg,aggregation,0
head,2,reg,unprofiled,.4609999999999996
head,2,ipw,total,1.468
head,2,ipw,setup,.1230000000000001
head,2,ipw,cell_extract,0
head,2,ipw,model_fit,.8360000000000006
head,2,ipw,if_assembly,.04
head,2,ipw,cache_post,.003
head,2,ipw,cluster,0
head,2,ipw,bootstrap,0
head,2,ipw,aggregation,0
head,2,ipw,unprofiled,.4659999999999991
head,2,dr,total,1.79
head,2,dr,setup,.1260000000000001
head,2,dr,cell_extract,0
head,2,dr,model_fit,1.141
head,2,dr,if_assembly,.059
head,2,dr,cache_post,.001
head,2,dr,cluster,0
head,2,dr,bootstrap,0
head,2,dr,aggregation,0
head,2,dr,unprofiled,.462999999999999
head,2,dr_rc,total,3.459
head,2,dr_rc,setup,.2360000000000002
head,2,dr_rc,cell_extract,.033
head,2,dr_rc,model_fit,2.434000000000001
head,2,dr_rc,if_assembly,.1720000000000001
head,2,dr_rc,cache_post,.002
head,2,dr_rc,cluster,0
head,2,dr_rc,bootstrap,0
head,2,dr_rc,aggregation,0
head,2,dr_rc,unprofiled,.581999999999999
s2,2,reg,total,.9319999999999999
s2,2,reg,setup,.1240000000000001
s2,2,reg,cell_extract,0
s2,2,reg,model_fit,.3230000000000002
s2,2,reg,if_assembly,.038
s2,2,reg,cache_post,.003
s2,2,reg,cluster,0
s2,2,reg,bootstrap,0
s2,2,reg,aggregation,0
s2,2,reg,unprofiled,.4439999999999996
s2,2,ipw,total,1.458
s2,2,ipw,setup,.1250000000000001
s2,2,ipw,cell_extract,0
s2,2,ipw,model_fit,.8350000000000006
s2,2,ipw,if_assembly,.043
s2,2,ipw,cache_post,.001
s2,2,ipw,cluster,0
s2,2,ipw,bootstrap,0
s2,2,ipw,aggregation,0
s2,2,ipw,unprofiled,.4539999999999991
s2,2,dr,total,1.781
s2,2,dr,setup,.1230000000000001
s2,2,dr,cell_extract,0
s2,2,dr,model_fit,1.163
s2,2,dr,if_assembly,.041
s2,2,dr,cache_post,.002
s2,2,dr,cluster,0
s2,2,dr,bootstrap,0
s2,2,dr,aggregation,0
s2,2,dr,unprofiled,.452
s2,2,dr_rc,total,3.504
s2,2,dr_rc,setup,.2420000000000001
s2,2,dr_rc,cell_extract,.026
s2,2,dr_rc,model_fit,2.482
s2,2,dr_rc,if_assembly,.1610000000000001
s2,2,dr_rc,cache_post,.006
s2,2,dr_rc,cluster,0
s2,2,dr_rc,bootstrap,0
s2,2,dr_rc,aggregation,0
s2,2,dr_rc,unprofiled,.5870000000000002
base,2,reg,total,.946
base,2,reg,setup,.1230000000000001
base,2,reg,cell_extract,0
base,2,reg,model_fit,.3280000000000002
base,2,reg,if_assembly,.033
base,2,reg,cache_post,.001
base,2,reg,cluster,0
base,2,reg,bootstrap,0
base,2,reg,aggregation,0
base,2,reg,unprofiled,.4609999999999996
base,2,ipw,total,1.451
base,2,ipw,setup,.1230000000000001
base,2,ipw,cell_extract,0
base,2,ipw,model_fit,.8270000000000006
base,2,ipw,if_assembly,.03
base,2,ipw,cache_post,.001
base,2,ipw,cluster,0
base,2,ipw,bootstrap,0
base,2,ipw,aggregation,0
base,2,ipw,unprofiled,.4699999999999993
base,2,dr,total,1.773
base,2,dr,setup,.1220000000000001
base,2,dr,cell_extract,0
base,2,dr,model_fit,1.133
base,2,dr,if_assembly,.053
base,2,dr,cache_post,0
base,2,dr,cluster,0
base,2,dr,bootstrap,0
base,2,dr,aggregation,0
base,2,dr,unprofiled,.464999999999999
base,2,dr_rc,total,3.545
base,2,dr_rc,setup,.2390000000000001
base,2,dr_rc,cell_extract,.1010000000000001
base,2,dr_rc,model_fit,2.443000000000001
base,2,dr_rc,if_assembly,.1730000000000001
base,2,dr_rc,cache_post,.007
base,2,dr_rc,cluster,0
base,2,dr_rc,bootstrap,0
base,2,dr_rc,aggregation,0
base,2,dr_rc,unprofiled,.581999999999999
s2,3,reg,total,.9350000000000001
s2,3,reg,setup,.1250000000000001
s2,3,reg,cell_extract,0
s2,3,reg,model_fit,.3120000000000002
s2,3,reg,if_assembly,.041
s2,3,reg,cache_post,.003
s2,3,reg,cluster,0
s2,3,reg,bootstrap,0
s2,3,reg,aggregation,0
s2,3,reg,unprofiled,.4539999999999997
s2,3,ipw,total,1.45
s2,3,ipw,setup,.1230000000000001
s2,3,ipw,cell_extract,0
s2,3,ipw,model_fit,.7920000000000006
s2,3,ipw,if_assembly,.055
s2,3,ipw,cache_post,0
s2,3,ipw,cluster,0
s2,3,ipw,bootstrap,0
s2,3,ipw,aggregation,0
s2,3,ipw,unprofiled,.4799999999999992
s2,3,dr,total,1.779
s2,3,dr,setup,.1150000000000001
s2,3,dr,cell_extract,0
s2,3,dr,model_fit,1.142
s2,3,dr,if_assembly,.04
s2,3,dr,cache_post,.003
s2,3,dr,cluster,0
s2,3,dr,bootstrap,0
s2,3,dr,aggregation,0
s2,3,dr,unprofiled,.478999999999999
s2,3,dr_rc,total,3.444
s2,3,dr_rc,setup,.2370000000000002
s2,3,dr_rc,cell_extract,.041
s2,3,dr_rc,model_fit,2.399
s2,3,dr_rc,if_assembly,.1930000000000001
s2,3,dr_rc,cache_post,.004
s2,3,dr_rc,cluster,0
s2,3,dr_rc,bootstrap,0
s2,3,dr_rc,aggregation,0
s2,3,dr_rc,unprofiled,.5699999999999998
head,3,reg,total,.945
head,3,reg,setup,.1310000000000001
head,3,reg,cell_extract,0
head,3,reg,model_fit,.3220000000000002
head,3,reg,if_assembly,.042
head,3,reg,cache_post,.002
head,3,reg,cluster,0
head,3,reg,bootstrap,0
head,3,reg,aggregation,0
head,3,reg,unprofiled,.4479999999999997
head,3,ipw,total,1.461
head,3,ipw,setup,.1270000000000001
head,3,ipw,cell_extract,0
head,3,ipw,model_fit,.8200000000000006
head,3,ipw,if_assembly,.048
head,3,ipw,cache_post,.002
head,3,ipw,cluster,0
head,3,ipw,bootstrap,0
head,3,ipw,aggregation,0
head,3,ipw,unprofiled,.4639999999999993
head,3,dr,total,1.784
head,3,dr,setup,.1260000000000001
head,3,dr,cell_extract,0
head,3,dr,model_fit,1.161
head,3,dr,if_assembly,.038
head,3,dr,cache_post,0
head,3,dr,cluster,0
head,3,dr,bootstrap,0
head,3,dr,aggregation,0
head,3,dr,unprofiled,.458999999999999
head,3,dr_rc,total,3.458
head,3,dr_rc,setup,.2390000000000001
head,3,dr_rc,cell_extract,.033
head,3,dr_rc,model_fit,2.422000000000001
head,3,dr_rc,if_assembly,.1790000000000001
head,3,dr_rc,cache_post,.003
head,3,dr_rc,cluster,0
head,3,dr_rc,bootstrap,0
head,3,dr_rc,aggregation,0
head,3,dr_rc,unprofiled,.5819999999999994
base,3,reg,total,.9350000000000001
base,3,reg,setup,.1200000000000001
base,3,reg,cell_extract,0
base,3,reg,model_fit,.3060000000000002
base,3,reg,if_assembly,.051
base,3,reg,cache_post,.002
base,3,reg,cluster,0
base,3,reg,bootstrap,0
base,3,reg,aggregation,0
base,3,reg,unprofiled,.4559999999999996
base,3,ipw,total,1.429
base,3,ipw,setup,.1230000000000001
base,3,ipw,cell_extract,0
base,3,ipw,model_fit,.7990000000000006
base,3,ipw,if_assembly,.051
base,3,ipw,cache_post,.002
base,3,ipw,cluster,0
base,3,ipw,bootstrap,0
base,3,ipw,aggregation,0
base,3,ipw,unprofiled,.4539999999999993
base,3,dr,total,1.778
base,3,dr,setup,.1190000000000001
base,3,dr,cell_extract,0
base,3,dr,model_fit,1.156
base,3,dr,if_assembly,.038
base,3,dr,cache_post,.002
base,3,dr,cluster,0
base,3,dr,bootstrap,0
base,3,dr,aggregation,0
base,3,dr,unprofiled,.4630000000000001
base,3,dr_rc,total,3.534
base,3,dr_rc,setup,.2400000000000001
base,3,dr_rc,cell_extract,.0990000000000001
base,3,dr_rc,model_fit,2.434
base,3,dr_rc,if_assembly,.1670000000000001
base,3,dr_rc,cache_post,.007
base,3,dr_rc,cluster,0
base,3,dr_rc,bootstrap,0
base,3,dr_rc,aggregation,0
base,3,dr_rc,unprofiled,.5869999999999989
s2,4,reg,total,.95
s2,4,reg,setup,.1210000000000001
s2,4,reg,cell_extract,0
s2,4,reg,model_fit,.3350000000000002
s2,4,reg,if_assembly,.034
s2,4,reg,cache_post,.003
s2,4,reg,cluster,0
s2,4,reg,bootstrap,0
s2,4,reg,aggregation,0
s2,4,reg,unprofiled,.4569999999999996
s2,4,ipw,total,1.457
s2,4,ipw,setup,.1250000000000001
s2,4,ipw,cell_extract,0
s2,4,ipw,model_fit,.8180000000000006
s2,4,ipw,if_assembly,.051
s2,4,ipw,cache_post,.001
s2,4,ipw,cluster,0
s2,4,ipw,bootstrap,0
s2,4,ipw,aggregation,0
s2,4,ipw,unprofiled,.4619999999999993
s2,4,dr,total,1.777
s2,4,dr,setup,.1200000000000001
s2,4,dr,cell_extract,0
s2,4,dr,model_fit,1.140000000000001
s2,4,dr,if_assembly,.042
s2,4,dr,cache_post,.002
s2,4,dr,cluster,0
s2,4,dr,bootstrap,0
s2,4,dr,aggregation,0
s2,4,dr,unprofiled,.472999999999999
s2,4,dr_rc,total,3.434
s2,4,dr_rc,setup,.2390000000000002
s2,4,dr_rc,cell_extract,.031
s2,4,dr_rc,model_fit,2.411000000000001
s2,4,dr_rc,if_assembly,.1800000000000001
s2,4,dr_rc,cache_post,.004
s2,4,dr_rc,cluster,0
s2,4,dr_rc,bootstrap,0
s2,4,dr_rc,aggregation,0
s2,4,dr_rc,unprofiled,.5689999999999991
base,4,reg,total,.9379999999999999
base,4,reg,setup,.1210000000000001
base,4,reg,cell_extract,0
base,4,reg,model_fit,.3110000000000002
base,4,reg,if_assembly,.044
base,4,reg,cache_post,.003
base,4,reg,cluster,0
base,4,reg,bootstrap,0
base,4,reg,aggregation,0
base,4,reg,unprofiled,.4589999999999996
base,4,ipw,total,1.449
base,4,ipw,setup,.1270000000000001
base,4,ipw,cell_extract,0
base,4,ipw,model_fit,.8260000000000006
base,4,ipw,if_assembly,.043
base,4,ipw,cache_post,.001
base,4,ipw,cluster,0
base,4,ipw,bootstrap,0
base,4,ipw,aggregation,0
base,4,ipw,unprofiled,.4519999999999993
base,4,dr,total,1.769
base,4,dr,setup,.1200000000000001
base,4,dr,cell_extract,0
base,4,dr,model_fit,1.142000000000001
base,4,dr,if_assembly,.041
base,4,dr,cache_post,.002
base,4,dr,cluster,0
base,4,dr,bootstrap,0
base,4,dr,aggregation,0
base,4,dr,unprofiled,.4639999999999989
base,4,dr_rc,total,3.459
base,4,dr_rc,setup,.2380000000000002
base,4,dr_rc,cell_extract,.0940000000000001
base,4,dr_rc,model_fit,2.377000000000002
base,4,dr_rc,if_assembly,.1860000000000001
base,4,dr_rc,cache_post,0
base,4,dr_rc,cluster,0
base,4,dr_rc,bootstrap,0
base,4,dr_rc,aggregation,0
base,4,dr_rc,unprofiled,.5639999999999983
head,4,reg,total,.953
head,4,reg,setup,.1220000000000001
head,4,reg,cell_extract,0
head,4,reg,model_fit,.3230000000000002
head,4,reg,if_assembly,.041
head,4,reg,cache_post,.001
head,4,reg,cluster,0
head,4,reg,bootstrap,0
head,4,reg,aggregation,0
head,4,reg,unprofiled,.4659999999999996
head,4,ipw,total,1.456
head,4,ipw,setup,.1310000000000001
head,4,ipw,cell_extract,0
head,4,ipw,model_fit,.8150000000000006
head,4,ipw,if_assembly,.038
head,4,ipw,cache_post,.002
head,4,ipw,cluster,0
head,4,ipw,bootstrap,0
head,4,ipw,aggregation,0
head,4,ipw,unprofiled,.4699999999999992
head,4,dr,total,1.789
head,4,dr,setup,.1220000000000001
head,4,dr,cell_extract,0
head,4,dr,model_fit,1.154000000000001
head,4,dr,if_assembly,.035
head,4,dr,cache_post,.002
head,4,dr,cluster,0
head,4,dr,bootstrap,0
head,4,dr,aggregation,0
head,4,dr,unprofiled,.4759999999999989
head,4,dr_rc,total,3.43
head,4,dr_rc,setup,.2340000000000002
head,4,dr_rc,cell_extract,.034
head,4,dr_rc,model_fit,2.405
head,4,dr_rc,if_assembly,.1710000000000001
head,4,dr_rc,cache_post,0
head,4,dr_rc,cluster,0
head,4,dr_rc,bootstrap,0
head,4,dr_rc,aggregation,0
head,4,dr_rc,unprofiled,.5860000000000003
base,5,reg,total,.9429999999999999
base,5,reg,setup,.1270000000000001
base,5,reg,cell_extract,0
base,5,reg,model_fit,.3160000000000002
base,5,reg,if_assembly,.048
base,5,reg,cache_post,.002
base,5,reg,cluster,0
base,5,reg,bootstrap,0
base,5,reg,aggregation,0
base,5,reg,unprofiled,.4499999999999996
base,5,ipw,total,1.452
base,5,ipw,setup,.1200000000000001
base,5,ipw,cell_extract,0
base,5,ipw,model_fit,.8290000000000006
base,5,ipw,if_assembly,.036
base,5,ipw,cache_post,.002
base,5,ipw,cluster,0
base,5,ipw,bootstrap,0
base,5,ipw,aggregation,0
base,5,ipw,unprofiled,.4649999999999992
base,5,dr,total,1.785
base,5,dr,setup,.1280000000000001
base,5,dr,cell_extract,0
base,5,dr,model_fit,1.127000000000001
base,5,dr,if_assembly,.039
base,5,dr,cache_post,.002
base,5,dr,cluster,0
base,5,dr,bootstrap,0
base,5,dr,aggregation,0
base,5,dr,unprofiled,.488999999999999
base,5,dr_rc,total,3.53
base,5,dr_rc,setup,.2380000000000002
base,5,dr_rc,cell_extract,.0980000000000001
base,5,dr_rc,model_fit,2.427
base,5,dr_rc,if_assembly,.1910000000000001
base,5,dr_rc,cache_post,.001
base,5,dr_rc,cluster,0
base,5,dr_rc,bootstrap,0
base,5,dr_rc,aggregation,0
base,5,dr_rc,unprofiled,.5749999999999988
s2,5,reg,total,.9429999999999999
s2,5,reg,setup,.1230000000000001
s2,5,reg,cell_extract,0
s2,5,reg,model_fit,.3260000000000002
s2,5,reg,if_assembly,.035
s2,5,reg,cache_post,0
s2,5,reg,cluster,0
s2,5,reg,bootstrap,0
s2,5,reg,aggregation,0
s2,5,reg,unprofiled,.4589999999999996
s2,5,ipw,total,1.45
s2,5,ipw,setup,.1240000000000001
s2,5,ipw,cell_extract,0
s2,5,ipw,model_fit,.8010000000000006
s2,5,ipw,if_assembly,.056
s2,5,ipw,cache_post,.005
s2,5,ipw,cluster,0
s2,5,ipw,bootstrap,0
s2,5,ipw,aggregation,0
s2,5,ipw,unprofiled,.4639999999999992
s2,5,dr,total,1.778
s2,5,dr,setup,.1180000000000001
s2,5,dr,cell_extract,0
s2,5,dr,model_fit,1.149
s2,5,dr,if_assembly,.037
s2,5,dr,cache_post,.004
s2,5,dr,cluster,0
s2,5,dr,bootstrap,0
s2,5,dr,aggregation,0
s2,5,dr,unprofiled,.47
s2,5,dr_rc,total,3.443
s2,5,dr_rc,setup,.2360000000000002
s2,5,dr_rc,cell_extract,.034
s2,5,dr_rc,model_fit,2.423
s2,5,dr_rc,if_assembly,.1710000000000001
s2,5,dr_rc,cache_post,.003
s2,5,dr_rc,cluster,0
s2,5,dr_rc,bootstrap,0
s2,5,dr_rc,aggregation,0
s2,5,dr_rc,unprofiled,.5759999999999992
head,5,reg,total,.9390000000000001
head,5,reg,setup,.1230000000000001
head,5,reg,cell_extract,0
head,5,reg,model_fit,.3200000000000002
head,5,reg,if_assembly,.036
head,5,reg,cache_post,.001
head,5,reg,cluster,0
head,5,reg,bootstrap,0
head,5,reg,aggregation,0
head,5,reg,unprofiled,.4589999999999997
head,5,ipw,total,1.452
head,5,ipw,setup,.1320000000000001
head,5,ipw,cell_extract,0
head,5,ipw,model_fit,.8160000000000006
head,5,ipw,if_assembly,.045
head,5,ipw,cache_post,0
head,5,ipw,cluster,0
head,5,ipw,bootstrap,0
head,5,ipw,aggregation,0
head,5,ipw,unprofiled,.4589999999999992
head,5,dr,total,1.778
head,5,dr,setup,.1260000000000001
head,5,dr,cell_extract,0
head,5,dr,model_fit,1.153
head,5,dr,if_assembly,.042
head,5,dr,cache_post,.002
head,5,dr,cluster,0
head,5,dr,bootstrap,0
head,5,dr,aggregation,0
head,5,dr,unprofiled,.454999999999999
head,5,dr_rc,total,3.444
head,5,dr_rc,setup,.2370000000000001
head,5,dr_rc,cell_extract,.031
head,5,dr_rc,model_fit,2.415
head,5,dr_rc,if_assembly,.1680000000000001
head,5,dr_rc,cache_post,.002
head,5,dr_rc,cluster,0
head,5,dr_rc,bootstrap,0
head,5,dr_rc,aggregation,0
head,5,dr_rc,unprofiled,.5909999999999989
base,6,reg,total,.9379999999999999
base,6,reg,setup,.1230000000000001
base,6,reg,cell_extract,0
base,6,reg,model_fit,.3290000000000002
base,6,reg,if_assembly,.043
base,6,reg,cache_post,.001
base,6,reg,cluster,0
base,6,reg,bootstrap,0
base,6,reg,aggregation,0
base,6,reg,unprofiled,.4419999999999997
base,6,ipw,total,1.458
base,6,ipw,setup,.1210000000000001
base,6,ipw,cell_extract,0
base,6,ipw,model_fit,.8290000000000006
base,6,ipw,if_assembly,.037
base,6,ipw,cache_post,.002
base,6,ipw,cluster,0
base,6,ipw,bootstrap,0
base,6,ipw,aggregation,0
base,6,ipw,unprofiled,.4689999999999992
base,6,dr,total,1.778
base,6,dr,setup,.1210000000000001
base,6,dr,cell_extract,0
base,6,dr,model_fit,1.13
base,6,dr,if_assembly,.059
base,6,dr,cache_post,.002
base,6,dr,cluster,0
base,6,dr,bootstrap,0
base,6,dr,aggregation,0
base,6,dr,unprofiled,.466
base,6,dr_rc,total,3.567
base,6,dr_rc,setup,.2370000000000001
base,6,dr_rc,cell_extract,.0970000000000001
base,6,dr_rc,model_fit,2.471000000000001
base,6,dr_rc,if_assembly,.1800000000000001
base,6,dr_rc,cache_post,.004
base,6,dr_rc,cluster,0
base,6,dr_rc,bootstrap,0
base,6,dr_rc,aggregation,0
base,6,dr_rc,unprofiled,.577999999999999
head,6,reg,total,.9399999999999999
head,6,reg,setup,.1290000000000001
head,6,reg,cell_extract,0
head,6,reg,model_fit,.3250000000000002
head,6,reg,if_assembly,.042
head,6,reg,cache_post,0
head,6,reg,cluster,0
head,6,reg,bootstrap,0
head,6,reg,aggregation,0
head,6,reg,unprofiled,.4439999999999997
head,6,ipw,total,1.469
head,6,ipw,setup,.1290000000000001
head,6,ipw,cell_extract,0
head,6,ipw,model_fit,.8270000000000006
head,6,ipw,if_assembly,.044
head,6,ipw,cache_post,.003
head,6,ipw,cluster,0
head,6,ipw,bootstrap,0
head,6,ipw,aggregation,0
head,6,ipw,unprofiled,.4659999999999991
head,6,dr,total,1.781
head,6,dr,setup,.1290000000000001
head,6,dr,cell_extract,0
head,6,dr,model_fit,1.130000000000001
head,6,dr,if_assembly,.041
head,6,dr,cache_post,.001
head,6,dr,cluster,0
head,6,dr,bootstrap,0
head,6,dr,aggregation,0
head,6,dr,unprofiled,.4799999999999989
head,6,dr_rc,total,3.431
head,6,dr_rc,setup,.2430000000000001
head,6,dr_rc,cell_extract,.031
head,6,dr_rc,model_fit,2.414000000000001
head,6,dr_rc,if_assembly,.1630000000000001
head,6,dr_rc,cache_post,.005
head,6,dr_rc,cluster,0
head,6,dr_rc,bootstrap,0
head,6,dr_rc,aggregation,0
head,6,dr_rc,unprofiled,.5749999999999988
s2,6,reg,total,.9429999999999999
s2,6,reg,setup,.1220000000000001
s2,6,reg,cell_extract,0
s2,6,reg,model_fit,.3220000000000002
s2,6,reg,if_assembly,.038
s2,6,reg,cache_post,0
s2,6,reg,cluster,0
s2,6,reg,bootstrap,0
s2,6,reg,aggregation,0
s2,6,reg,unprofiled,.4609999999999996
s2,6,ipw,total,1.451
s2,6,ipw,setup,.1150000000000001
s2,6,ipw,cell_extract,0
s2,6,ipw,model_fit,.8050000000000006
s2,6,ipw,if_assembly,.051
s2,6,ipw,cache_post,.001
s2,6,ipw,cluster,0
s2,6,ipw,bootstrap,0
s2,6,ipw,aggregation,0
s2,6,ipw,unprofiled,.4789999999999993
s2,6,dr,total,1.783
s2,6,dr,setup,.1260000000000001
s2,6,dr,cell_extract,0
s2,6,dr,model_fit,1.133
s2,6,dr,if_assembly,.045
s2,6,dr,cache_post,.001
s2,6,dr,cluster,0
s2,6,dr,bootstrap,0
s2,6,dr,aggregation,0
s2,6,dr,unprofiled,.4779999999999989
s2,6,dr_rc,total,3.442
s2,6,dr_rc,setup,.2390000000000001
s2,6,dr_rc,cell_extract,.033
s2,6,dr_rc,model_fit,2.407
s2,6,dr_rc,if_assembly,.1760000000000001
s2,6,dr_rc,cache_post,0
s2,6,dr_rc,cluster,0
s2,6,dr_rc,bootstrap,0
s2,6,dr_rc,aggregation,0
s2,6,dr_rc,unprofiled,.5870000000000002
head,7,reg,total,.944
head,7,reg,setup,.1210000000000001
head,7,reg,cell_extract,0
head,7,reg,model_fit,.3190000000000002
head,7,reg,if_assembly,.035
head,7,reg,cache_post,.001
head,7,reg,cluster,0
head,7,reg,bootstrap,0
head,7,reg,aggregation,0
head,7,reg,unprofiled,.4679999999999996
head,7,ipw,total,1.46
head,7,ipw,setup,.1300000000000001
head,7,ipw,cell_extract,0
head,7,ipw,model_fit,.8310000000000006
head,7,ipw,if_assembly,.036
head,7,ipw,cache_post,0
head,7,ipw,cluster,0
head,7,ipw,bootstrap,0
head,7,ipw,aggregation,0
head,7,ipw,unprofiled,.4629999999999992
head,7,dr,total,1.8
head,7,dr,setup,.1280000000000001
head,7,dr,cell_extract,0
head,7,dr,model_fit,1.156
head,7,dr,if_assembly,.045
head,7,dr,cache_post,.001
head,7,dr,cluster,0
head,7,dr,bootstrap,0
head,7,dr,aggregation,0
head,7,dr,unprofiled,.47
head,7,dr_rc,total,3.445
head,7,dr_rc,setup,.2380000000000002
head,7,dr_rc,cell_extract,.036
head,7,dr_rc,model_fit,2.42
head,7,dr_rc,if_assembly,.1590000000000001
head,7,dr_rc,cache_post,.002
head,7,dr_rc,cluster,0
head,7,dr_rc,bootstrap,0
head,7,dr_rc,aggregation,0
head,7,dr_rc,unprofiled,.5899999999999999
base,7,reg,total,.965
base,7,reg,setup,.1250000000000001
base,7,reg,cell_extract,0
base,7,reg,model_fit,.3270000000000002
base,7,reg,if_assembly,.039
base,7,reg,cache_post,0
base,7,reg,cluster,0
base,7,reg,bootstrap,0
base,7,reg,aggregation,0
base,7,reg,unprofiled,.4739999999999996
base,7,ipw,total,1.447
base,7,ipw,setup,.1190000000000001
base,7,ipw,cell_extract,0
base,7,ipw,model_fit,.8080000000000006
base,7,ipw,if_assembly,.049
base,7,ipw,cache_post,.003
base,7,ipw,cluster,0
base,7,ipw,bootstrap,0
base,7,ipw,aggregation,0
base,7,ipw,unprofiled,.4679999999999993
base,7,dr,total,1.775
base,7,dr,setup,.1220000000000001
base,7,dr,cell_extract,0
base,7,dr,model_fit,1.126
base,7,dr,if_assembly,.04
base,7,dr,cache_post,.004
base,7,dr,cluster,0
base,7,dr,bootstrap,0
base,7,dr,aggregation,0
base,7,dr,unprofiled,.4829999999999999
base,7,dr_rc,total,3.508
base,7,dr_rc,setup,.2420000000000001
base,7,dr_rc,cell_extract,.0980000000000001
base,7,dr_rc,model_fit,2.399
base,7,dr_rc,if_assembly,.1820000000000001
base,7,dr_rc,cache_post,.005
base,7,dr_rc,cluster,0
base,7,dr_rc,bootstrap,0
base,7,dr_rc,aggregation,0
base,7,dr_rc,unprofiled,.581999999999999
s2,7,reg,total,.9410000000000001
s2,7,reg,setup,.1210000000000001
s2,7,reg,cell_extract,0
s2,7,reg,model_fit,.3110000000000002
s2,7,reg,if_assembly,.044
s2,7,reg,cache_post,.004
s2,7,reg,cluster,0
s2,7,reg,bootstrap,0
s2,7,reg,aggregation,0
s2,7,reg,unprofiled,.4609999999999997
s2,7,ipw,total,1.447
s2,7,ipw,setup,.1200000000000001
s2,7,ipw,cell_extract,0
s2,7,ipw,model_fit,.8330000000000006
s2,7,ipw,if_assembly,.039
s2,7,ipw,cache_post,.001
s2,7,ipw,cluster,0
s2,7,ipw,bootstrap,0
s2,7,ipw,aggregation,0
s2,7,ipw,unprofiled,.4539999999999993
s2,7,dr,total,1.776
s2,7,dr,setup,.1190000000000001
s2,7,dr,cell_extract,0
s2,7,dr,model_fit,1.144000000000001
s2,7,dr,if_assembly,.051
s2,7,dr,cache_post,.001
s2,7,dr,cluster,0
s2,7,dr,bootstrap,0
s2,7,dr,aggregation,0
s2,7,dr,unprofiled,.460999999999999
s2,7,dr_rc,total,3.443
s2,7,dr_rc,setup,.2380000000000001
s2,7,dr_rc,cell_extract,.041
s2,7,dr_rc,model_fit,2.407
s2,7,dr_rc,if_assembly,.1600000000000001
s2,7,dr_rc,cache_post,.002
s2,7,dr_rc,cluster,0
s2,7,dr_rc,bootstrap,0
s2,7,dr_rc,aggregation,0
s2,7,dr_rc,unprofiled,.5950000000000002
head,8,reg,total,.9410000000000001
head,8,reg,setup,.1260000000000001
head,8,reg,cell_extract,0
head,8,reg,model_fit,.3170000000000002
head,8,reg,if_assembly,.043
head,8,reg,cache_post,.002
head,8,reg,cluster,0
head,8,reg,bootstrap,0
head,8,reg,aggregation,0
head,8,reg,unprofiled,.4529999999999997
head,8,ipw,total,1.446
head,8,ipw,setup,.1270000000000001
head,8,ipw,cell_extract,0
head,8,ipw,model_fit,.8270000000000006
head,8,ipw,if_assembly,.042
head,8,ipw,cache_post,.002
head,8,ipw,cluster,0
head,8,ipw,bootstrap,0
head,8,ipw,aggregation,0
head,8,ipw,unprofiled,.4479999999999992
head,8,dr,total,1.775
head,8,dr,setup,.1240000000000001
head,8,dr,cell_extract,0
head,8,dr,model_fit,1.135
head,8,dr,if_assembly,.052
head,8,dr,cache_post,.001
head,8,dr,cluster,0
head,8,dr,bootstrap,0
head,8,dr,aggregation,0
head,8,dr,unprofiled,.462999999999999
head,8,dr_rc,total,3.45
head,8,dr_rc,setup,.2380000000000001
head,8,dr_rc,cell_extract,.038
head,8,dr_rc,model_fit,2.422
head,8,dr_rc,if_assembly,.1610000000000001
head,8,dr_rc,cache_post,.004
head,8,dr_rc,cluster,0
head,8,dr_rc,bootstrap,0
head,8,dr_rc,aggregation,0
head,8,dr_rc,unprofiled,.5870000000000002
s2,8,reg,total,.9410000000000001
s2,8,reg,setup,.1230000000000001
s2,8,reg,cell_extract,0
s2,8,reg,model_fit,.3380000000000002
s2,8,reg,if_assembly,.031
s2,8,reg,cache_post,.002
s2,8,reg,cluster,0
s2,8,reg,bootstrap,0
s2,8,reg,aggregation,0
s2,8,reg,unprofiled,.4469999999999997
s2,8,ipw,total,1.449
s2,8,ipw,setup,.1210000000000001
s2,8,ipw,cell_extract,0
s2,8,ipw,model_fit,.8010000000000006
s2,8,ipw,if_assembly,.06
s2,8,ipw,cache_post,.003
s2,8,ipw,cluster,0
s2,8,ipw,bootstrap,0
s2,8,ipw,aggregation,0
s2,8,ipw,unprofiled,.4639999999999993
s2,8,dr,total,1.777
s2,8,dr,setup,.1250000000000001
s2,8,dr,cell_extract,0
s2,8,dr,model_fit,1.151
s2,8,dr,if_assembly,.035
s2,8,dr,cache_post,.001
s2,8,dr,cluster,0
s2,8,dr,bootstrap,0
s2,8,dr,aggregation,0
s2,8,dr,unprofiled,.464999999999999
s2,8,dr_rc,total,3.476
s2,8,dr_rc,setup,.2420000000000002
s2,8,dr_rc,cell_extract,.036
s2,8,dr_rc,model_fit,2.452
s2,8,dr_rc,if_assembly,.1700000000000001
s2,8,dr_rc,cache_post,.003
s2,8,dr_rc,cluster,0
s2,8,dr_rc,bootstrap,0
s2,8,dr_rc,aggregation,0
s2,8,dr_rc,unprofiled,.573
base,8,reg,total,.945
base,8,reg,setup,.1200000000000001
base,8,reg,cell_extract,0
base,8,reg,model_fit,.3270000000000002
base,8,reg,if_assembly,.043
base,8,reg,cache_post,.003
base,8,reg,cluster,0
base,8,reg,bootstrap,0
base,8,reg,aggregation,0
base,8,reg,unprofiled,.4519999999999996
base,8,ipw,total,1.458
base,8,ipw,setup,.1240000000000001
base,8,ipw,cell_extract,0
base,8,ipw,model_fit,.8100000000000006
base,8,ipw,if_assembly,.049
base,8,ipw,cache_post,.001
base,8,ipw,cluster,0
base,8,ipw,bootstrap,0
base,8,ipw,aggregation,0
base,8,ipw,unprofiled,.4739999999999992
base,8,dr,total,1.822
base,8,dr,setup,.1300000000000001
base,8,dr,cell_extract,0
base,8,dr,model_fit,1.143000000000001
base,8,dr,if_assembly,.052
base,8,dr,cache_post,.002
base,8,dr,cluster,0
base,8,dr,bootstrap,0
base,8,dr,aggregation,0
base,8,dr,unprofiled,.494999999999999
base,8,dr_rc,total,3.461
base,8,dr_rc,setup,.2430000000000001
base,8,dr_rc,cell_extract,.0980000000000001
base,8,dr_rc,model_fit,2.374
base,8,dr_rc,if_assembly,.1620000000000001
base,8,dr_rc,cache_post,.005
base,8,dr_rc,cluster,0
base,8,dr_rc,bootstrap,0
base,8,dr_rc,aggregation,0
base,8,dr_rc,unprofiled,.5789999999999997
s2,9,reg,total,.931
s2,9,reg,setup,.1230000000000001
s2,9,reg,cell_extract,0
s2,9,reg,model_fit,.3060000000000002
s2,9,reg,if_assembly,.043
s2,9,reg,cache_post,.003
s2,9,reg,cluster,0
s2,9,reg,bootstrap,0
s2,9,reg,aggregation,0
s2,9,reg,unprofiled,.4559999999999996
s2,9,ipw,total,1.449
s2,9,ipw,setup,.1250000000000001
s2,9,ipw,cell_extract,0
s2,9,ipw,model_fit,.8230000000000006
s2,9,ipw,if_assembly,.043
s2,9,ipw,cache_post,.002
s2,9,ipw,cluster,0
s2,9,ipw,bootstrap,0
s2,9,ipw,aggregation,0
s2,9,ipw,unprofiled,.4559999999999993
s2,9,dr,total,1.778
s2,9,dr,setup,.1250000000000001
s2,9,dr,cell_extract,0
s2,9,dr,model_fit,1.152000000000001
s2,9,dr,if_assembly,.042
s2,9,dr,cache_post,.003
s2,9,dr,cluster,0
s2,9,dr,bootstrap,0
s2,9,dr,aggregation,0
s2,9,dr,unprofiled,.4559999999999991
s2,9,dr_rc,total,3.439
s2,9,dr_rc,setup,.2360000000000001
s2,9,dr_rc,cell_extract,.037
s2,9,dr_rc,model_fit,2.42
s2,9,dr_rc,if_assembly,.1850000000000001
s2,9,dr_rc,cache_post,.006
s2,9,dr_rc,cluster,0
s2,9,dr_rc,bootstrap,0
s2,9,dr_rc,aggregation,0
s2,9,dr_rc,unprofiled,.5550000000000002
head,9,reg,total,.9370000000000001
head,9,reg,setup,.1280000000000001
head,9,reg,cell_extract,0
head,9,reg,model_fit,.3150000000000002
head,9,reg,if_assembly,.045
head,9,reg,cache_post,.002
head,9,reg,cluster,0
head,9,reg,bootstrap,0
head,9,reg,aggregation,0
head,9,reg,unprofiled,.4469999999999997
head,9,ipw,total,1.46
head,9,ipw,setup,.1250000000000001
head,9,ipw,cell_extract,0
head,9,ipw,model_fit,.8270000000000006
head,9,ipw,if_assembly,.042
head,9,ipw,cache_post,.003
head,9,ipw,cluster,0
head,9,ipw,bootstrap,0
head,9,ipw,aggregation,0
head,9,ipw,unprofiled,.4629999999999992
head,9,dr,total,1.788
head,9,dr,setup,.1250000000000001
head,9,dr,cell_extract,0
head,9,dr,model_fit,1.158000000000001
head,9,dr,if_assembly,.046
head,9,dr,cache_post,0
head,9,dr,cluster,0
head,9,dr,bootstrap,0
head,9,dr,aggregation,0
head,9,dr,unprofiled,.458999999999999
head,9,dr_rc,total,3.497
head,9,dr_rc,setup,.2410000000000001
head,9,dr_rc,cell_extract,.039
head,9,dr_rc,model_fit,2.450000000000001
head,9,dr_rc,if_assembly,.1930000000000001
head,9,dr_rc,cache_post,.003
head,9,dr_rc,cluster,0
head,9,dr_rc,bootstrap,0
head,9,dr_rc,aggregation,0
head,9,dr_rc,unprofiled,.5709999999999988
base,9,reg,total,.9410000000000001
base,9,reg,setup,.1190000000000001
base,9,reg,cell_extract,0
base,9,reg,model_fit,.3140000000000002
base,9,reg,if_assembly,.045
base,9,reg,cache_post,.001
base,9,reg,cluster,0
base,9,reg,bootstrap,0
base,9,reg,aggregation,0
base,9,reg,unprofiled,.4619999999999997
base,9,ipw,total,1.45
base,9,ipw,setup,.1270000000000001
base,9,ipw,cell_extract,0
base,9,ipw,model_fit,.8340000000000006
base,9,ipw,if_assembly,.034
base,9,ipw,cache_post,.001
base,9,ipw,cluster,0
base,9,ipw,bootstrap,0
base,9,ipw,aggregation,0
base,9,ipw,unprofiled,.4539999999999992
base,9,dr,total,1.775
base,9,dr,setup,.1280000000000001
base,9,dr,cell_extract,0
base,9,dr,model_fit,1.126
base,9,dr,if_assembly,.056
base,9,dr,cache_post,0
base,9,dr,cluster,0
base,9,dr,bootstrap,0
base,9,dr,aggregation,0
base,9,dr,unprofiled,.4649999999999999
base,9,dr_rc,total,3.503
base,9,dr_rc,setup,.2340000000000002
base,9,dr_rc,cell_extract,.0980000000000001
base,9,dr_rc,model_fit,2.425000000000001
base,9,dr_rc,if_assembly,.1760000000000001
base,9,dr_rc,cache_post,.002
base,9,dr_rc,cluster,0
base,9,dr_rc,bootstrap,0
base,9,dr_rc,aggregation,0
base,9,dr_rc,unprofiled,.5679999999999992
s2,10,reg,total,.951
s2,10,reg,setup,.1260000000000001
s2,10,reg,cell_extract,0
s2,10,reg,model_fit,.3240000000000002
s2,10,reg,if_assembly,.038
s2,10,reg,cache_post,.005
s2,10,reg,cluster,0
s2,10,reg,bootstrap,0
s2,10,reg,aggregation,0
s2,10,reg,unprofiled,.4579999999999996
s2,10,ipw,total,1.441
s2,10,ipw,setup,.1210000000000001
s2,10,ipw,cell_extract,0
s2,10,ipw,model_fit,.8250000000000006
s2,10,ipw,if_assembly,.042
s2,10,ipw,cache_post,.001
s2,10,ipw,cluster,0
s2,10,ipw,bootstrap,0
s2,10,ipw,aggregation,0
s2,10,ipw,unprofiled,.4519999999999993
s2,10,dr,total,1.775
s2,10,dr,setup,.1290000000000001
s2,10,dr,cell_extract,0
s2,10,dr,model_fit,1.131
s2,10,dr,if_assembly,.049
s2,10,dr,cache_post,.003
s2,10,dr,cluster,0
s2,10,dr,bootstrap,0
s2,10,dr,aggregation,0
s2,10,dr,unprofiled,.4629999999999999
s2,10,dr_rc,total,3.435
s2,10,dr_rc,setup,.2390000000000002
s2,10,dr_rc,cell_extract,.036
s2,10,dr_rc,model_fit,2.393
s2,10,dr_rc,if_assembly,.1720000000000001
s2,10,dr_rc,cache_post,.005
s2,10,dr_rc,cluster,0
s2,10,dr_rc,bootstrap,0
s2,10,dr_rc,aggregation,0
s2,10,dr_rc,unprofiled,.589999999999999
base,10,reg,total,.9399999999999999
base,10,reg,setup,.1220000000000001
base,10,reg,cell_extract,0
base,10,reg,model_fit,.3300000000000002
base,10,reg,if_assembly,.036
base,10,reg,cache_post,0
base,10,reg,cluster,0
base,10,reg,bootstrap,0
base,10,reg,aggregation,0
base,10,reg,unprofiled,.4519999999999996
base,10,ipw,total,1.468
base,10,ipw,setup,.1260000000000001
base,10,ipw,cell_extract,0
base,10,ipw,model_fit,.8240000000000006
base,10,ipw,if_assembly,.042
base,10,ipw,cache_post,.002
base,10,ipw,cluster,0
base,10,ipw,bootstrap,0
base,10,ipw,aggregation,0
base,10,ipw,unprofiled,.4739999999999992
base,10,dr,total,1.763
base,10,dr,setup,.1240000000000001
base,10,dr,cell_extract,0
base,10,dr,model_fit,1.138000000000001
base,10,dr,if_assembly,.041
base,10,dr,cache_post,0
base,10,dr,cluster,0
base,10,dr,bootstrap,0
base,10,dr,aggregation,0
base,10,dr,unprofiled,.4599999999999989
base,10,dr_rc,total,3.509
base,10,dr_rc,setup,.2400000000000001
base,10,dr_rc,cell_extract,.0960000000000001
base,10,dr_rc,model_fit,2.415
base,10,dr_rc,if_assembly,.1680000000000001
base,10,dr_rc,cache_post,.002
base,10,dr_rc,cluster,0
base,10,dr_rc,bootstrap,0
base,10,dr_rc,aggregation,0
base,10,dr_rc,unprofiled,.5880000000000001
head,10,reg,total,.95
head,10,reg,setup,.1290000000000001
head,10,reg,cell_extract,0
head,10,reg,model_fit,.3220000000000002
head,10,reg,if_assembly,.037
head,10,reg,cache_post,.001
head,10,reg,cluster,0
head,10,reg,bootstrap,0
head,10,reg,aggregation,0
head,10,reg,unprofiled,.4609999999999996
head,10,ipw,total,1.46
head,10,ipw,setup,.1220000000000001
head,10,ipw,cell_extract,0
head,10,ipw,model_fit,.8250000000000006
head,10,ipw,if_assembly,.039
head,10,ipw,cache_post,.003
head,10,ipw,cluster,0
head,10,ipw,bootstrap,0
head,10,ipw,aggregation,0
head,10,ipw,unprofiled,.4709999999999992
head,10,dr,total,1.783
head,10,dr,setup,.1290000000000001
head,10,dr,cell_extract,0
head,10,dr,model_fit,1.158
head,10,dr,if_assembly,.033
head,10,dr,cache_post,0
head,10,dr,cluster,0
head,10,dr,bootstrap,0
head,10,dr,aggregation,0
head,10,dr,unprofiled,.4629999999999999
head,10,dr_rc,total,3.479
head,10,dr_rc,setup,.2360000000000002
head,10,dr_rc,cell_extract,.037
head,10,dr_rc,model_fit,2.436
head,10,dr_rc,if_assembly,.1780000000000001
head,10,dr_rc,cache_post,.002
head,10,dr_rc,cluster,0
head,10,dr_rc,bootstrap,0
head,10,dr_rc,aggregation,0
head,10,dr_rc,unprofiled,.589999999999999
