s6-final-inproc,s4,0,dr,dr|fast-balanced-panel|panel,1,400,50,setup,.1250000000000001
s6-final-inproc,s4,0,dr,dr|fast-balanced-panel|panel,1,400,50,cell_extract,0
s6-final-inproc,s4,0,dr,dr|fast-balanced-panel|panel,1,400,50,model_fit,1.439
s6-final-inproc,s4,0,dr,dr|fast-balanced-panel|panel,1,400,50,if_assembly,.054
s6-final-inproc,s4,0,dr,dr|fast-balanced-panel|panel,1,400,50,cache_post,.001
s6-final-inproc,s4,0,dr,dr|fast-balanced-panel|panel,1,400,50,cluster,0
s6-final-inproc,s4,0,dr,dr|fast-balanced-panel|panel,1,400,50,bootstrap,0
s6-final-inproc,s4,0,dr,dr|fast-balanced-panel|panel,1,400,50,aggregation,0
s6-final-inproc,s4,0,dr,dr|fast-balanced-panel|panel,1,400,50,unprofiled,.5159999999999989
s6-final-inproc,s4,0,dr,dr|fast-balanced-panel|panel,1,400,50,total,2.134999999999999
s6-final-inproc,s4,0,ipw,ipw|fast-balanced-panel|panel,2,400,50,setup,.1230000000000001
s6-final-inproc,s4,0,ipw,ipw|fast-balanced-panel|panel,2,400,50,cell_extract,0
s6-final-inproc,s4,0,ipw,ipw|fast-balanced-panel|panel,2,400,50,model_fit,.9800000000000008
s6-final-inproc,s4,0,ipw,ipw|fast-balanced-panel|panel,2,400,50,if_assembly,.072
s6-final-inproc,s4,0,ipw,ipw|fast-balanced-panel|panel,2,400,50,cache_post,.001
s6-final-inproc,s4,0,ipw,ipw|fast-balanced-panel|panel,2,400,50,cluster,0
s6-final-inproc,s4,0,ipw,ipw|fast-balanced-panel|panel,2,400,50,bootstrap,0
s6-final-inproc,s4,0,ipw,ipw|fast-balanced-panel|panel,2,400,50,aggregation,0
s6-final-inproc,s4,0,ipw,ipw|fast-balanced-panel|panel,2,400,50,unprofiled,.5039999999999989
s6-final-inproc,s4,0,ipw,ipw|fast-balanced-panel|panel,2,400,50,total,1.68
s6-final-inproc,s4,0,reg,reg|fast-balanced-panel|panel,3,400,50,setup,.1220000000000001
s6-final-inproc,s4,0,reg,reg|fast-balanced-panel|panel,3,400,50,cell_extract,0
s6-final-inproc,s4,0,reg,reg|fast-balanced-panel|panel,3,400,50,model_fit,.3800000000000003
s6-final-inproc,s4,0,reg,reg|fast-balanced-panel|panel,3,400,50,if_assembly,.063
s6-final-inproc,s4,0,reg,reg|fast-balanced-panel|panel,3,400,50,cache_post,.003
s6-final-inproc,s4,0,reg,reg|fast-balanced-panel|panel,3,400,50,cluster,0
s6-final-inproc,s4,0,reg,reg|fast-balanced-panel|panel,3,400,50,bootstrap,0
s6-final-inproc,s4,0,reg,reg|fast-balanced-panel|panel,3,400,50,aggregation,0
s6-final-inproc,s4,0,reg,reg|fast-balanced-panel|panel,3,400,50,unprofiled,.4939999999999997
s6-final-inproc,s4,0,reg,reg|fast-balanced-panel|panel,3,400,50,total,1.062
s6-final-inproc,s4,0,dr_rc,dr|fast-repeated-cross-section|repeated-cross-section,4,400,50,setup,.2460000000000001
s6-final-inproc,s4,0,dr_rc,dr|fast-repeated-cross-section|repeated-cross-section,4,400,50,cell_extract,.036
s6-final-inproc,s4,0,dr_rc,dr|fast-repeated-cross-section|repeated-cross-section,4,400,50,model_fit,2.918
s6-final-inproc,s4,0,dr_rc,dr|fast-repeated-cross-section|repeated-cross-section,4,400,50,if_assembly,.2150000000000001
s6-final-inproc,s4,0,dr_rc,dr|fast-repeated-cross-section|repeated-cross-section,4,400,50,cache_post,.007
s6-final-inproc,s4,0,dr_rc,dr|fast-repeated-cross-section|repeated-cross-section,4,400,50,cluster,0
s6-final-inproc,s4,0,dr_rc,dr|fast-repeated-cross-section|repeated-cross-section,4,400,50,bootstrap,0
s6-final-inproc,s4,0,dr_rc,dr|fast-repeated-cross-section|repeated-cross-section,4,400,50,aggregation,0
s6-final-inproc,s4,0,dr_rc,dr|fast-repeated-cross-section|repeated-cross-section,4,400,50,unprofiled,.6749999999999976
s6-final-inproc,s4,0,dr_rc,dr|fast-repeated-cross-section|repeated-cross-section,4,400,50,total,4.096999999999998
s6-final-inproc,head,0,dr,dr|fast-balanced-panel|panel,1,400,50,setup,.1230000000000001
s6-final-inproc,head,0,dr,dr|fast-balanced-panel|panel,1,400,50,cell_extract,0
s6-final-inproc,head,0,dr,dr|fast-balanced-panel|panel,1,400,50,model_fit,1.367
s6-final-inproc,head,0,dr,dr|fast-balanced-panel|panel,1,400,50,if_assembly,.066
s6-final-inproc,head,0,dr,dr|fast-balanced-panel|panel,1,400,50,cache_post,.003
s6-final-inproc,head,0,dr,dr|fast-balanced-panel|panel,1,400,50,cluster,0
s6-final-inproc,head,0,dr,dr|fast-balanced-panel|panel,1,400,50,bootstrap,0
s6-final-inproc,head,0,dr,dr|fast-balanced-panel|panel,1,400,50,aggregation,0
s6-final-inproc,head,0,dr,dr|fast-balanced-panel|panel,1,400,50,unprofiled,.5120000000000002
s6-final-inproc,head,0,dr,dr|fast-balanced-panel|panel,1,400,50,total,2.071
s6-final-inproc,head,0,ipw,ipw|fast-balanced-panel|panel,2,400,50,setup,.1270000000000001
s6-final-inproc,head,0,ipw,ipw|fast-balanced-panel|panel,2,400,50,cell_extract,0
s6-final-inproc,head,0,ipw,ipw|fast-balanced-panel|panel,2,400,50,model_fit,.9840000000000008
s6-final-inproc,head,0,ipw,ipw|fast-balanced-panel|panel,2,400,50,if_assembly,.062
s6-final-inproc,head,0,ipw,ipw|fast-balanced-panel|panel,2,400,50,cache_post,0
s6-final-inproc,head,0,ipw,ipw|fast-balanced-panel|panel,2,400,50,cluster,0
s6-final-inproc,head,0,ipw,ipw|fast-balanced-panel|panel,2,400,50,bootstrap,0
s6-final-inproc,head,0,ipw,ipw|fast-balanced-panel|panel,2,400,50,aggregation,0
s6-final-inproc,head,0,ipw,ipw|fast-balanced-panel|panel,2,400,50,unprofiled,.5159999999999991
s6-final-inproc,head,0,ipw,ipw|fast-balanced-panel|panel,2,400,50,total,1.689
s6-final-inproc,head,0,reg,reg|fast-balanced-panel|panel,3,400,50,setup,.1260000000000001
s6-final-inproc,head,0,reg,reg|fast-balanced-panel|panel,3,400,50,cell_extract,0
s6-final-inproc,head,0,reg,reg|fast-balanced-panel|panel,3,400,50,model_fit,.3980000000000003
s6-final-inproc,head,0,reg,reg|fast-balanced-panel|panel,3,400,50,if_assembly,.035
s6-final-inproc,head,0,reg,reg|fast-balanced-panel|panel,3,400,50,cache_post,0
s6-final-inproc,head,0,reg,reg|fast-balanced-panel|panel,3,400,50,cluster,0
s6-final-inproc,head,0,reg,reg|fast-balanced-panel|panel,3,400,50,bootstrap,0
s6-final-inproc,head,0,reg,reg|fast-balanced-panel|panel,3,400,50,aggregation,0
s6-final-inproc,head,0,reg,reg|fast-balanced-panel|panel,3,400,50,unprofiled,.5109999999999996
s6-final-inproc,head,0,reg,reg|fast-balanced-panel|panel,3,400,50,total,1.07
s6-final-inproc,head,0,dr_rc,dr|fast-repeated-cross-section|repeated-cross-section,4,400,50,setup,.2400000000000001
s6-final-inproc,head,0,dr_rc,dr|fast-repeated-cross-section|repeated-cross-section,4,400,50,cell_extract,.036
s6-final-inproc,head,0,dr_rc,dr|fast-repeated-cross-section|repeated-cross-section,4,400,50,model_fit,2.897000000000001
s6-final-inproc,head,0,dr_rc,dr|fast-repeated-cross-section|repeated-cross-section,4,400,50,if_assembly,.2240000000000001
s6-final-inproc,head,0,dr_rc,dr|fast-repeated-cross-section|repeated-cross-section,4,400,50,cache_post,.005
s6-final-inproc,head,0,dr_rc,dr|fast-repeated-cross-section|repeated-cross-section,4,400,50,cluster,0
s6-final-inproc,head,0,dr_rc,dr|fast-repeated-cross-section|repeated-cross-section,4,400,50,bootstrap,0
s6-final-inproc,head,0,dr_rc,dr|fast-repeated-cross-section|repeated-cross-section,4,400,50,aggregation,0
s6-final-inproc,head,0,dr_rc,dr|fast-repeated-cross-section|repeated-cross-section,4,400,50,unprofiled,.6649999999999983
s6-final-inproc,head,0,dr_rc,dr|fast-repeated-cross-section|repeated-cross-section,4,400,50,total,4.066999999999999
s6-final-inproc,base,0,dr,dr|fast-balanced-panel|panel,1,400,50,setup,.1250000000000001
s6-final-inproc,base,0,dr,dr|fast-balanced-panel|panel,1,400,50,cell_extract,0
s6-final-inproc,base,0,dr,dr|fast-balanced-panel|panel,1,400,50,model_fit,1.362000000000001
s6-final-inproc,base,0,dr,dr|fast-balanced-panel|panel,1,400,50,if_assembly,.058
s6-final-inproc,base,0,dr,dr|fast-balanced-panel|panel,1,400,50,cache_post,.002
s6-final-inproc,base,0,dr,dr|fast-balanced-panel|panel,1,400,50,cluster,0
s6-final-inproc,base,0,dr,dr|fast-balanced-panel|panel,1,400,50,bootstrap,0
s6-final-inproc,base,0,dr,dr|fast-balanced-panel|panel,1,400,50,aggregation,0
s6-final-inproc,base,0,dr,dr|fast-balanced-panel|panel,1,400,50,unprofiled,.508999999999999
s6-final-inproc,base,0,dr,dr|fast-balanced-panel|panel,1,400,50,total,2.056
s6-final-inproc,base,0,ipw,ipw|fast-balanced-panel|panel,2,400,50,setup,.1290000000000001
s6-final-inproc,base,0,ipw,ipw|fast-balanced-panel|panel,2,400,50,cell_extract,0
s6-final-inproc,base,0,ipw,ipw|fast-balanced-panel|panel,2,400,50,model_fit,.9940000000000008
s6-final-inproc,base,0,ipw,ipw|fast-balanced-panel|panel,2,400,50,if_assembly,.056
s6-final-inproc,base,0,ipw,ipw|fast-balanced-panel|panel,2,400,50,cache_post,.001
s6-final-inproc,base,0,ipw,ipw|fast-balanced-panel|panel,2,400,50,cluster,0
s6-final-inproc,base,0,ipw,ipw|fast-balanced-panel|panel,2,400,50,bootstrap,0
s6-final-inproc,base,0,ipw,ipw|fast-balanced-panel|panel,2,400,50,aggregation,0
s6-final-inproc,base,0,ipw,ipw|fast-balanced-panel|panel,2,400,50,unprofiled,.500999999999999
s6-final-inproc,base,0,ipw,ipw|fast-balanced-panel|panel,2,400,50,total,1.681
s6-final-inproc,base,0,reg,reg|fast-balanced-panel|panel,3,400,50,setup,.1260000000000001
s6-final-inproc,base,0,reg,reg|fast-balanced-panel|panel,3,400,50,cell_extract,0
s6-final-inproc,base,0,reg,reg|fast-balanced-panel|panel,3,400,50,model_fit,.3900000000000003
s6-final-inproc,base,0,reg,reg|fast-balanced-panel|panel,3,400,50,if_assembly,.062
s6-final-inproc,base,0,reg,reg|fast-balanced-panel|panel,3,400,50,cache_post,.003
s6-final-inproc,base,0,reg,reg|fast-balanced-panel|panel,3,400,50,cluster,0
s6-final-inproc,base,0,reg,reg|fast-balanced-panel|panel,3,400,50,bootstrap,0
s6-final-inproc,base,0,reg,reg|fast-balanced-panel|panel,3,400,50,aggregation,0
s6-final-inproc,base,0,reg,reg|fast-balanced-panel|panel,3,400,50,unprofiled,.4849999999999995
s6-final-inproc,base,0,reg,reg|fast-balanced-panel|panel,3,400,50,total,1.066
s6-final-inproc,base,0,dr_rc,dr|fast-repeated-cross-section|repeated-cross-section,4,400,50,setup,.2490000000000001
s6-final-inproc,base,0,dr_rc,dr|fast-repeated-cross-section|repeated-cross-section,4,400,50,cell_extract,.1000000000000001
s6-final-inproc,base,0,dr_rc,dr|fast-repeated-cross-section|repeated-cross-section,4,400,50,model_fit,2.923000000000001
s6-final-inproc,base,0,dr_rc,dr|fast-repeated-cross-section|repeated-cross-section,4,400,50,if_assembly,.2130000000000001
s6-final-inproc,base,0,dr_rc,dr|fast-repeated-cross-section|repeated-cross-section,4,400,50,cache_post,.004
s6-final-inproc,base,0,dr_rc,dr|fast-repeated-cross-section|repeated-cross-section,4,400,50,cluster,0
s6-final-inproc,base,0,dr_rc,dr|fast-repeated-cross-section|repeated-cross-section,4,400,50,bootstrap,0
s6-final-inproc,base,0,dr_rc,dr|fast-repeated-cross-section|repeated-cross-section,4,400,50,aggregation,0
s6-final-inproc,base,0,dr_rc,dr|fast-repeated-cross-section|repeated-cross-section,4,400,50,unprofiled,.6600000000000015
s6-final-inproc,base,0,dr_rc,dr|fast-repeated-cross-section|repeated-cross-section,4,400,50,total,4.149000000000003
s6-final-inproc,head,1,reg,reg|fast-balanced-panel|panel,1,400,50,setup,.1210000000000001
s6-final-inproc,head,1,reg,reg|fast-balanced-panel|panel,1,400,50,cell_extract,0
s6-final-inproc,head,1,reg,reg|fast-balanced-panel|panel,1,400,50,model_fit,.3950000000000003
s6-final-inproc,head,1,reg,reg|fast-balanced-panel|panel,1,400,50,if_assembly,.047
s6-final-inproc,head,1,reg,reg|fast-balanced-panel|panel,1,400,50,cache_post,.003
s6-final-inproc,head,1,reg,reg|fast-balanced-panel|panel,1,400,50,cluster,0
s6-final-inproc,head,1,reg,reg|fast-balanced-panel|panel,1,400,50,bootstrap,0
s6-final-inproc,head,1,reg,reg|fast-balanced-panel|panel,1,400,50,aggregation,0
s6-final-inproc,head,1,reg,reg|fast-balanced-panel|panel,1,400,50,unprofiled,.5029999999999996
s6-final-inproc,head,1,reg,reg|fast-balanced-panel|panel,1,400,50,total,1.069
s6-final-inproc,head,1,ipw,ipw|fast-balanced-panel|panel,2,400,50,setup,.1310000000000001
s6-final-inproc,head,1,ipw,ipw|fast-balanced-panel|panel,2,400,50,cell_extract,0
s6-final-inproc,head,1,ipw,ipw|fast-balanced-panel|panel,2,400,50,model_fit,.9890000000000008
s6-final-inproc,head,1,ipw,ipw|fast-balanced-panel|panel,2,400,50,if_assembly,.063
s6-final-inproc,head,1,ipw,ipw|fast-balanced-panel|panel,2,400,50,cache_post,.002
s6-final-inproc,head,1,ipw,ipw|fast-balanced-panel|panel,2,400,50,cluster,0
s6-final-inproc,head,1,ipw,ipw|fast-balanced-panel|panel,2,400,50,bootstrap,0
s6-final-inproc,head,1,ipw,ipw|fast-balanced-panel|panel,2,400,50,aggregation,0
s6-final-inproc,head,1,ipw,ipw|fast-balanced-panel|panel,2,400,50,unprofiled,.4999999999999991
s6-final-inproc,head,1,ipw,ipw|fast-balanced-panel|panel,2,400,50,total,1.685
s6-final-inproc,head,1,dr,dr|fast-balanced-panel|panel,3,400,50,setup,.1220000000000001
s6-final-inproc,head,1,dr,dr|fast-balanced-panel|panel,3,400,50,cell_extract,0
s6-final-inproc,head,1,dr,dr|fast-balanced-panel|panel,3,400,50,model_fit,1.364
s6-final-inproc,head,1,dr,dr|fast-balanced-panel|panel,3,400,50,if_assembly,.06
s6-final-inproc,head,1,dr,dr|fast-balanced-panel|panel,3,400,50,cache_post,.001
s6-final-inproc,head,1,dr,dr|fast-balanced-panel|panel,3,400,50,cluster,0
s6-final-inproc,head,1,dr,dr|fast-balanced-panel|panel,3,400,50,bootstrap,0
s6-final-inproc,head,1,dr,dr|fast-balanced-panel|panel,3,400,50,aggregation,0
s6-final-inproc,head,1,dr,dr|fast-balanced-panel|panel,3,400,50,unprofiled,.5320000000000003
s6-final-inproc,head,1,dr,dr|fast-balanced-panel|panel,3,400,50,total,2.079
s6-final-inproc,head,1,dr_rc,dr|fast-repeated-cross-section|repeated-cross-section,4,400,50,setup,.2440000000000002
s6-final-inproc,head,1,dr_rc,dr|fast-repeated-cross-section|repeated-cross-section,4,400,50,cell_extract,.038
s6-final-inproc,head,1,dr_rc,dr|fast-repeated-cross-section|repeated-cross-section,4,400,50,model_fit,2.911
s6-final-inproc,head,1,dr_rc,dr|fast-repeated-cross-section|repeated-cross-section,4,400,50,if_assembly,.2170000000000001
s6-final-inproc,head,1,dr_rc,dr|fast-repeated-cross-section|repeated-cross-section,4,400,50,cache_post,.003
s6-final-inproc,head,1,dr_rc,dr|fast-repeated-cross-section|repeated-cross-section,4,400,50,cluster,0
s6-final-inproc,head,1,dr_rc,dr|fast-repeated-cross-section|repeated-cross-section,4,400,50,bootstrap,0
s6-final-inproc,head,1,dr_rc,dr|fast-repeated-cross-section|repeated-cross-section,4,400,50,aggregation,0
s6-final-inproc,head,1,dr_rc,dr|fast-repeated-cross-section|repeated-cross-section,4,400,50,unprofiled,.6700000000000004
s6-final-inproc,head,1,dr_rc,dr|fast-repeated-cross-section|repeated-cross-section,4,400,50,total,4.083
s6-final-inproc,s4,1,reg,reg|fast-balanced-panel|panel,1,400,50,setup,.1260000000000001
s6-final-inproc,s4,1,reg,reg|fast-balanced-panel|panel,1,400,50,cell_extract,0
s6-final-inproc,s4,1,reg,reg|fast-balanced-panel|panel,1,400,50,model_fit,.3950000000000003
s6-final-inproc,s4,1,reg,reg|fast-balanced-panel|panel,1,400,50,if_assembly,.054
s6-final-inproc,s4,1,reg,reg|fast-balanced-panel|panel,1,400,50,cache_post,.002
s6-final-inproc,s4,1,reg,reg|fast-balanced-panel|panel,1,400,50,cluster,0
s6-final-inproc,s4,1,reg,reg|fast-balanced-panel|panel,1,400,50,bootstrap,0
s6-final-inproc,s4,1,reg,reg|fast-balanced-panel|panel,1,400,50,aggregation,0
s6-final-inproc,s4,1,reg,reg|fast-balanced-panel|panel,1,400,50,unprofiled,.4829999999999997
s6-final-inproc,s4,1,reg,reg|fast-balanced-panel|panel,1,400,50,total,1.06
s6-final-inproc,s4,1,ipw,ipw|fast-balanced-panel|panel,2,400,50,setup,.1200000000000001
s6-final-inproc,s4,1,ipw,ipw|fast-balanced-panel|panel,2,400,50,cell_extract,0
s6-final-inproc,s4,1,ipw,ipw|fast-balanced-panel|panel,2,400,50,model_fit,.9680000000000007
s6-final-inproc,s4,1,ipw,ipw|fast-balanced-panel|panel,2,400,50,if_assembly,.065
s6-final-inproc,s4,1,ipw,ipw|fast-balanced-panel|panel,2,400,50,cache_post,.002
s6-final-inproc,s4,1,ipw,ipw|fast-balanced-panel|panel,2,400,50,cluster,0
s6-final-inproc,s4,1,ipw,ipw|fast-balanced-panel|panel,2,400,50,bootstrap,0
s6-final-inproc,s4,1,ipw,ipw|fast-balanced-panel|panel,2,400,50,aggregation,0
s6-final-inproc,s4,1,ipw,ipw|fast-balanced-panel|panel,2,400,50,unprofiled,.5199999999999991
s6-final-inproc,s4,1,ipw,ipw|fast-balanced-panel|panel,2,400,50,total,1.675
s6-final-inproc,s4,1,dr,dr|fast-balanced-panel|panel,3,400,50,setup,.1410000000000001
s6-final-inproc,s4,1,dr,dr|fast-balanced-panel|panel,3,400,50,cell_extract,0
s6-final-inproc,s4,1,dr,dr|fast-balanced-panel|panel,3,400,50,model_fit,1.43
s6-final-inproc,s4,1,dr,dr|fast-balanced-panel|panel,3,400,50,if_assembly,.05
s6-final-inproc,s4,1,dr,dr|fast-balanced-panel|panel,3,400,50,cache_post,.002
s6-final-inproc,s4,1,dr,dr|fast-balanced-panel|panel,3,400,50,cluster,0
s6-final-inproc,s4,1,dr,dr|fast-balanced-panel|panel,3,400,50,bootstrap,0
s6-final-inproc,s4,1,dr,dr|fast-balanced-panel|panel,3,400,50,aggregation,0
s6-final-inproc,s4,1,dr,dr|fast-balanced-panel|panel,3,400,50,unprofiled,.5900000000000001
s6-final-inproc,s4,1,dr,dr|fast-balanced-panel|panel,3,400,50,total,2.213
s6-final-inproc,s4,1,dr_rc,dr|fast-repeated-cross-section|repeated-cross-section,4,400,50,setup,.2440000000000001
s6-final-inproc,s4,1,dr_rc,dr|fast-repeated-cross-section|repeated-cross-section,4,400,50,cell_extract,.039
s6-final-inproc,s4,1,dr_rc,dr|fast-repeated-cross-section|repeated-cross-section,4,400,50,model_fit,2.906000000000002
s6-final-inproc,s4,1,dr_rc,dr|fast-repeated-cross-section|repeated-cross-section,4,400,50,if_assembly,.2320000000000002
s6-final-inproc,s4,1,dr_rc,dr|fast-repeated-cross-section|repeated-cross-section,4,400,50,cache_post,.004
s6-final-inproc,s4,1,dr_rc,dr|fast-repeated-cross-section|repeated-cross-section,4,400,50,cluster,0
s6-final-inproc,s4,1,dr_rc,dr|fast-repeated-cross-section|repeated-cross-section,4,400,50,bootstrap,0
s6-final-inproc,s4,1,dr_rc,dr|fast-repeated-cross-section|repeated-cross-section,4,400,50,aggregation,0
s6-final-inproc,s4,1,dr_rc,dr|fast-repeated-cross-section|repeated-cross-section,4,400,50,unprofiled,.6699999999999968
s6-final-inproc,s4,1,dr_rc,dr|fast-repeated-cross-section|repeated-cross-section,4,400,50,total,4.094999999999999
s6-final-inproc,base,1,reg,reg|fast-balanced-panel|panel,1,400,50,setup,.1270000000000001
s6-final-inproc,base,1,reg,reg|fast-balanced-panel|panel,1,400,50,cell_extract,0
s6-final-inproc,base,1,reg,reg|fast-balanced-panel|panel,1,400,50,model_fit,.4090000000000003
s6-final-inproc,base,1,reg,reg|fast-balanced-panel|panel,1,400,50,if_assembly,.041
s6-final-inproc,base,1,reg,reg|fast-balanced-panel|panel,1,400,50,cache_post,.001
s6-final-inproc,base,1,reg,reg|fast-balanced-panel|panel,1,400,50,cluster,0
s6-final-inproc,base,1,reg,reg|fast-balanced-panel|panel,1,400,50,bootstrap,0
s6-final-inproc,base,1,reg,reg|fast-balanced-panel|panel,1,400,50,aggregation,0
s6-final-inproc,base,1,reg,reg|fast-balanced-panel|panel,1,400,50,unprofiled,.4929999999999994
s6-final-inproc,base,1,reg,reg|fast-balanced-panel|panel,1,400,50,total,1.071
s6-final-inproc,base,1,ipw,ipw|fast-balanced-panel|panel,2,400,50,setup,.1260000000000001
s6-final-inproc,base,1,ipw,ipw|fast-balanced-panel|panel,2,400,50,cell_extract,0
s6-final-inproc,base,1,ipw,ipw|fast-balanced-panel|panel,2,400,50,model_fit,1.014000000000001
s6-final-inproc,base,1,ipw,ipw|fast-balanced-panel|panel,2,400,50,if_assembly,.052
s6-final-inproc,base,1,ipw,ipw|fast-balanced-panel|panel,2,400,50,cache_post,.001
s6-final-inproc,base,1,ipw,ipw|fast-balanced-panel|panel,2,400,50,cluster,0
s6-final-inproc,base,1,ipw,ipw|fast-balanced-panel|panel,2,400,50,bootstrap,0
s6-final-inproc,base,1,ipw,ipw|fast-balanced-panel|panel,2,400,50,aggregation,0
s6-final-inproc,base,1,ipw,ipw|fast-balanced-panel|panel,2,400,50,unprofiled,.51
s6-final-inproc,base,1,ipw,ipw|fast-balanced-panel|panel,2,400,50,total,1.703000000000001
s6-final-inproc,base,1,dr,dr|fast-balanced-panel|panel,3,400,50,setup,.1260000000000001
s6-final-inproc,base,1,dr,dr|fast-balanced-panel|panel,3,400,50,cell_extract,0
s6-final-inproc,base,1,dr,dr|fast-balanced-panel|panel,3,400,50,model_fit,1.402
s6-final-inproc,base,1,dr,dr|fast-balanced-panel|panel,3,400,50,if_assembly,.041
s6-final-inproc,base,1,dr,dr|fast-balanced-panel|panel,3,400,50,cache_post,.002
s6-final-inproc,base,1,dr,dr|fast-balanced-panel|panel,3,400,50,cluster,0
s6-final-inproc,base,1,dr,dr|fast-balanced-panel|panel,3,400,50,bootstrap,0
s6-final-inproc,base,1,dr,dr|fast-balanced-panel|panel,3,400,50,aggregation,0
s6-final-inproc,base,1,dr,dr|fast-balanced-panel|panel,3,400,50,unprofiled,.5130000000000001
s6-final-inproc,base,1,dr,dr|fast-balanced-panel|panel,3,400,50,total,2.084
s6-final-inproc,base,1,dr_rc,dr|fast-repeated-cross-section|repeated-cross-section,4,400,50,setup,.2470000000000001
s6-final-inproc,base,1,dr_rc,dr|fast-repeated-cross-section|repeated-cross-section,4,400,50,cell_extract,.1000000000000001
s6-final-inproc,base,1,dr_rc,dr|fast-repeated-cross-section|repeated-cross-section,4,400,50,model_fit,2.960999999999999
s6-final-inproc,base,1,dr_rc,dr|fast-repeated-cross-section|repeated-cross-section,4,400,50,if_assembly,.1940000000000001
s6-final-inproc,base,1,dr_rc,dr|fast-repeated-cross-section|repeated-cross-section,4,400,50,cache_post,.002
s6-final-inproc,base,1,dr_rc,dr|fast-repeated-cross-section|repeated-cross-section,4,400,50,cluster,0
s6-final-inproc,base,1,dr_rc,dr|fast-repeated-cross-section|repeated-cross-section,4,400,50,bootstrap,0
s6-final-inproc,base,1,dr_rc,dr|fast-repeated-cross-section|repeated-cross-section,4,400,50,aggregation,0
s6-final-inproc,base,1,dr_rc,dr|fast-repeated-cross-section|repeated-cross-section,4,400,50,unprofiled,.6840000000000015
s6-final-inproc,base,1,dr_rc,dr|fast-repeated-cross-section|repeated-cross-section,4,400,50,total,4.188000000000001
s6-final-inproc,head,2,reg,reg|fast-balanced-panel|panel,1,400,50,setup,.1230000000000001
s6-final-inproc,head,2,reg,reg|fast-balanced-panel|panel,1,400,50,cell_extract,0
s6-final-inproc,head,2,reg,reg|fast-balanced-panel|panel,1,400,50,model_fit,.3680000000000003
s6-final-inproc,head,2,reg,reg|fast-balanced-panel|panel,1,400,50,if_assembly,.052
s6-final-inproc,head,2,reg,reg|fast-balanced-panel|panel,1,400,50,cache_post,.006
s6-final-inproc,head,2,reg,reg|fast-balanced-panel|panel,1,400,50,cluster,0
s6-final-inproc,head,2,reg,reg|fast-balanced-panel|panel,1,400,50,bootstrap,0
s6-final-inproc,head,2,reg,reg|fast-balanced-panel|panel,1,400,50,aggregation,0
s6-final-inproc,head,2,reg,reg|fast-balanced-panel|panel,1,400,50,unprofiled,.5200000000000007
s6-final-inproc,head,2,reg,reg|fast-balanced-panel|panel,1,400,50,total,1.069000000000001
s6-final-inproc,head,2,dr_rc,dr|fast-repeated-cross-section|repeated-cross-section,2,400,50,setup,.2500000000000001
s6-final-inproc,head,2,dr_rc,dr|fast-repeated-cross-section|repeated-cross-section,2,400,50,cell_extract,.039
s6-final-inproc,head,2,dr_rc,dr|fast-repeated-cross-section|repeated-cross-section,2,400,50,model_fit,2.911
s6-final-inproc,head,2,dr_rc,dr|fast-repeated-cross-section|repeated-cross-section,2,400,50,if_assembly,.2130000000000001
s6-final-inproc,head,2,dr_rc,dr|fast-repeated-cross-section|repeated-cross-section,2,400,50,cache_post,.003
s6-final-inproc,head,2,dr_rc,dr|fast-repeated-cross-section|repeated-cross-section,2,400,50,cluster,0
s6-final-inproc,head,2,dr_rc,dr|fast-repeated-cross-section|repeated-cross-section,2,400,50,bootstrap,0
s6-final-inproc,head,2,dr_rc,dr|fast-repeated-cross-section|repeated-cross-section,2,400,50,aggregation,0
s6-final-inproc,head,2,dr_rc,dr|fast-repeated-cross-section|repeated-cross-section,2,400,50,unprofiled,.6869999999999989
s6-final-inproc,head,2,dr_rc,dr|fast-repeated-cross-section|repeated-cross-section,2,400,50,total,4.102999999999999
s6-final-inproc,head,2,dr,dr|fast-balanced-panel|panel,3,400,50,setup,.1290000000000001
s6-final-inproc,head,2,dr,dr|fast-balanced-panel|panel,3,400,50,cell_extract,0
s6-final-inproc,head,2,dr,dr|fast-balanced-panel|panel,3,400,50,model_fit,1.379
s6-final-inproc,head,2,dr,dr|fast-balanced-panel|panel,3,400,50,if_assembly,.063
s6-final-inproc,head,2,dr,dr|fast-balanced-panel|panel,3,400,50,cache_post,.002
s6-final-inproc,head,2,dr,dr|fast-balanced-panel|panel,3,400,50,cluster,0
s6-final-inproc,head,2,dr,dr|fast-balanced-panel|panel,3,400,50,bootstrap,0
s6-final-inproc,head,2,dr,dr|fast-balanced-panel|panel,3,400,50,aggregation,0
s6-final-inproc,head,2,dr,dr|fast-balanced-panel|panel,3,400,50,unprofiled,.5460000000000012
s6-final-inproc,head,2,dr,dr|fast-balanced-panel|panel,3,400,50,total,2.119000000000001
s6-final-inproc,head,2,ipw,ipw|fast-balanced-panel|panel,4,400,50,setup,.1270000000000001
s6-final-inproc,head,2,ipw,ipw|fast-balanced-panel|panel,4,400,50,cell_extract,0
s6-final-inproc,head,2,ipw,ipw|fast-balanced-panel|panel,4,400,50,model_fit,1.026000000000001
s6-final-inproc,head,2,ipw,ipw|fast-balanced-panel|panel,4,400,50,if_assembly,.043
s6-final-inproc,head,2,ipw,ipw|fast-balanced-panel|panel,4,400,50,cache_post,.004
s6-final-inproc,head,2,ipw,ipw|fast-balanced-panel|panel,4,400,50,cluster,0
s6-final-inproc,head,2,ipw,ipw|fast-balanced-panel|panel,4,400,50,bootstrap,0
s6-final-inproc,head,2,ipw,ipw|fast-balanced-panel|panel,4,400,50,aggregation,0
s6-final-inproc,head,2,ipw,ipw|fast-balanced-panel|panel,4,400,50,unprofiled,.536999999999999
s6-final-inproc,head,2,ipw,ipw|fast-balanced-panel|panel,4,400,50,total,1.737
s6-final-inproc,base,2,reg,reg|fast-balanced-panel|panel,1,400,50,setup,.1280000000000001
s6-final-inproc,base,2,reg,reg|fast-balanced-panel|panel,1,400,50,cell_extract,0
s6-final-inproc,base,2,reg,reg|fast-balanced-panel|panel,1,400,50,model_fit,.3670000000000003
s6-final-inproc,base,2,reg,reg|fast-balanced-panel|panel,1,400,50,if_assembly,.056
s6-final-inproc,base,2,reg,reg|fast-balanced-panel|panel,1,400,50,cache_post,.002
s6-final-inproc,base,2,reg,reg|fast-balanced-panel|panel,1,400,50,cluster,0
s6-final-inproc,base,2,reg,reg|fast-balanced-panel|panel,1,400,50,bootstrap,0
s6-final-inproc,base,2,reg,reg|fast-balanced-panel|panel,1,400,50,aggregation,0
s6-final-inproc,base,2,reg,reg|fast-balanced-panel|panel,1,400,50,unprofiled,.5159999999999996
s6-final-inproc,base,2,reg,reg|fast-balanced-panel|panel,1,400,50,total,1.069
s6-final-inproc,base,2,dr_rc,dr|fast-repeated-cross-section|repeated-cross-section,2,400,50,setup,.2430000000000002
s6-final-inproc,base,2,dr_rc,dr|fast-repeated-cross-section|repeated-cross-section,2,400,50,cell_extract,.1000000000000001
s6-final-inproc,base,2,dr_rc,dr|fast-repeated-cross-section|repeated-cross-section,2,400,50,model_fit,2.878
s6-final-inproc,base,2,dr_rc,dr|fast-repeated-cross-section|repeated-cross-section,2,400,50,if_assembly,.2260000000000001
s6-final-inproc,base,2,dr_rc,dr|fast-repeated-cross-section|repeated-cross-section,2,400,50,cache_post,.006
s6-final-inproc,base,2,dr_rc,dr|fast-repeated-cross-section|repeated-cross-section,2,400,50,cluster,0
s6-final-inproc,base,2,dr_rc,dr|fast-repeated-cross-section|repeated-cross-section,2,400,50,bootstrap,0
s6-final-inproc,base,2,dr_rc,dr|fast-repeated-cross-section|repeated-cross-section,2,400,50,aggregation,0
s6-final-inproc,base,2,dr_rc,dr|fast-repeated-cross-section|repeated-cross-section,2,400,50,unprofiled,.6869999999999994
s6-final-inproc,base,2,dr_rc,dr|fast-repeated-cross-section|repeated-cross-section,2,400,50,total,4.140000000000001
s6-final-inproc,base,2,dr,dr|fast-balanced-panel|panel,3,400,50,setup,.1340000000000001
s6-final-inproc,base,2,dr,dr|fast-balanced-panel|panel,3,400,50,cell_extract,0
s6-final-inproc,base,2,dr,dr|fast-balanced-panel|panel,3,400,50,model_fit,1.368
s6-final-inproc,base,2,dr,dr|fast-balanced-panel|panel,3,400,50,if_assembly,.065
s6-final-inproc,base,2,dr,dr|fast-balanced-panel|panel,3,400,50,cache_post,.001
s6-final-inproc,base,2,dr,dr|fast-balanced-panel|panel,3,400,50,cluster,0
s6-final-inproc,base,2,dr,dr|fast-balanced-panel|panel,3,400,50,bootstrap,0
s6-final-inproc,base,2,dr,dr|fast-balanced-panel|panel,3,400,50,aggregation,0
s6-final-inproc,base,2,dr,dr|fast-balanced-panel|panel,3,400,50,unprofiled,.5390000000000001
s6-final-inproc,base,2,dr,dr|fast-balanced-panel|panel,3,400,50,total,2.107
s6-final-inproc,base,2,ipw,ipw|fast-balanced-panel|panel,4,400,50,setup,.1350000000000001
s6-final-inproc,base,2,ipw,ipw|fast-balanced-panel|panel,4,400,50,cell_extract,0
s6-final-inproc,base,2,ipw,ipw|fast-balanced-panel|panel,4,400,50,model_fit,1.002000000000001
s6-final-inproc,base,2,ipw,ipw|fast-balanced-panel|panel,4,400,50,if_assembly,.059
s6-final-inproc,base,2,ipw,ipw|fast-balanced-panel|panel,4,400,50,cache_post,.002
s6-final-inproc,base,2,ipw,ipw|fast-balanced-panel|panel,4,400,50,cluster,0
s6-final-inproc,base,2,ipw,ipw|fast-balanced-panel|panel,4,400,50,bootstrap,0
s6-final-inproc,base,2,ipw,ipw|fast-balanced-panel|panel,4,400,50,aggregation,0
s6-final-inproc,base,2,ipw,ipw|fast-balanced-panel|panel,4,400,50,unprofiled,.528999999999999
s6-final-inproc,base,2,ipw,ipw|fast-balanced-panel|panel,4,400,50,total,1.727
s6-final-inproc,s4,2,reg,reg|fast-balanced-panel|panel,1,400,50,setup,.1270000000000001
s6-final-inproc,s4,2,reg,reg|fast-balanced-panel|panel,1,400,50,cell_extract,0
s6-final-inproc,s4,2,reg,reg|fast-balanced-panel|panel,1,400,50,model_fit,.3750000000000003
s6-final-inproc,s4,2,reg,reg|fast-balanced-panel|panel,1,400,50,if_assembly,.05
s6-final-inproc,s4,2,reg,reg|fast-balanced-panel|panel,1,400,50,cache_post,.002
s6-final-inproc,s4,2,reg,reg|fast-balanced-panel|panel,1,400,50,cluster,0
s6-final-inproc,s4,2,reg,reg|fast-balanced-panel|panel,1,400,50,bootstrap,0
s6-final-inproc,s4,2,reg,reg|fast-balanced-panel|panel,1,400,50,aggregation,0
s6-final-inproc,s4,2,reg,reg|fast-balanced-panel|panel,1,400,50,unprofiled,.5189999999999995
s6-final-inproc,s4,2,reg,reg|fast-balanced-panel|panel,1,400,50,total,1.073
s6-final-inproc,s4,2,dr_rc,dr|fast-repeated-cross-section|repeated-cross-section,2,400,50,setup,.2490000000000002
s6-final-inproc,s4,2,dr_rc,dr|fast-repeated-cross-section|repeated-cross-section,2,400,50,cell_extract,.037
s6-final-inproc,s4,2,dr_rc,dr|fast-repeated-cross-section|repeated-cross-section,2,400,50,model_fit,2.902000000000001
s6-final-inproc,s4,2,dr_rc,dr|fast-repeated-cross-section|repeated-cross-section,2,400,50,if_assembly,.2070000000000001
s6-final-inproc,s4,2,dr_rc,dr|fast-repeated-cross-section|repeated-cross-section,2,400,50,cache_post,.005
s6-final-inproc,s4,2,dr_rc,dr|fast-repeated-cross-section|repeated-cross-section,2,400,50,cluster,0
s6-final-inproc,s4,2,dr_rc,dr|fast-repeated-cross-section|repeated-cross-section,2,400,50,bootstrap,0
s6-final-inproc,s4,2,dr_rc,dr|fast-repeated-cross-section|repeated-cross-section,2,400,50,aggregation,0
s6-final-inproc,s4,2,dr_rc,dr|fast-repeated-cross-section|repeated-cross-section,2,400,50,unprofiled,.6619999999999986
s6-final-inproc,s4,2,dr_rc,dr|fast-repeated-cross-section|repeated-cross-section,2,400,50,total,4.061999999999999
s6-final-inproc,s4,2,dr,dr|fast-balanced-panel|panel,3,400,50,setup,.1300000000000001
s6-final-inproc,s4,2,dr,dr|fast-balanced-panel|panel,3,400,50,cell_extract,0
s6-final-inproc,s4,2,dr,dr|fast-balanced-panel|panel,3,400,50,model_fit,2.398
s6-final-inproc,s4,2,dr,dr|fast-balanced-panel|panel,3,400,50,if_assembly,.055
s6-final-inproc,s4,2,dr,dr|fast-balanced-panel|panel,3,400,50,cache_post,.002
s6-final-inproc,s4,2,dr,dr|fast-balanced-panel|panel,3,400,50,cluster,0
s6-final-inproc,s4,2,dr,dr|fast-balanced-panel|panel,3,400,50,bootstrap,0
s6-final-inproc,s4,2,dr,dr|fast-balanced-panel|panel,3,400,50,aggregation,0
s6-final-inproc,s4,2,dr,dr|fast-balanced-panel|panel,3,400,50,unprofiled,-.4630000000000001
s6-final-inproc,s4,2,dr,dr|fast-balanced-panel|panel,3,400,50,total,2.122
s6-final-inproc,s4,2,ipw,ipw|fast-balanced-panel|panel,4,400,50,setup,.1360000000000001
s6-final-inproc,s4,2,ipw,ipw|fast-balanced-panel|panel,4,400,50,cell_extract,0
s6-final-inproc,s4,2,ipw,ipw|fast-balanced-panel|panel,4,400,50,model_fit,1.009000000000001
s6-final-inproc,s4,2,ipw,ipw|fast-balanced-panel|panel,4,400,50,if_assembly,.048
s6-final-inproc,s4,2,ipw,ipw|fast-balanced-panel|panel,4,400,50,cache_post,.004
s6-final-inproc,s4,2,ipw,ipw|fast-balanced-panel|panel,4,400,50,cluster,0
s6-final-inproc,s4,2,ipw,ipw|fast-balanced-panel|panel,4,400,50,bootstrap,0
s6-final-inproc,s4,2,ipw,ipw|fast-balanced-panel|panel,4,400,50,aggregation,0
s6-final-inproc,s4,2,ipw,ipw|fast-balanced-panel|panel,4,400,50,unprofiled,.5379999999999991
s6-final-inproc,s4,2,ipw,ipw|fast-balanced-panel|panel,4,400,50,total,1.735
s6-final-inproc,base,3,dr,dr|fast-balanced-panel|panel,1,400,50,setup,.1240000000000001
s6-final-inproc,base,3,dr,dr|fast-balanced-panel|panel,1,400,50,cell_extract,0
s6-final-inproc,base,3,dr,dr|fast-balanced-panel|panel,1,400,50,model_fit,1.37
s6-final-inproc,base,3,dr,dr|fast-balanced-panel|panel,1,400,50,if_assembly,.055
s6-final-inproc,base,3,dr,dr|fast-balanced-panel|panel,1,400,50,cache_post,.002
s6-final-inproc,base,3,dr,dr|fast-balanced-panel|panel,1,400,50,cluster,0
s6-final-inproc,base,3,dr,dr|fast-balanced-panel|panel,1,400,50,bootstrap,0
s6-final-inproc,base,3,dr,dr|fast-balanced-panel|panel,1,400,50,aggregation,0
s6-final-inproc,base,3,dr,dr|fast-balanced-panel|panel,1,400,50,unprofiled,.5019999999999991
s6-final-inproc,base,3,dr,dr|fast-balanced-panel|panel,1,400,50,total,2.052999999999999
s6-final-inproc,base,3,dr_rc,dr|fast-repeated-cross-section|repeated-cross-section,2,400,50,setup,.2380000000000001
s6-final-inproc,base,3,dr_rc,dr|fast-repeated-cross-section|repeated-cross-section,2,400,50,cell_extract,.0980000000000001
s6-final-inproc,base,3,dr_rc,dr|fast-repeated-cross-section|repeated-cross-section,2,400,50,model_fit,2.902000000000001
s6-final-inproc,base,3,dr_rc,dr|fast-repeated-cross-section|repeated-cross-section,2,400,50,if_assembly,.2220000000000001
s6-final-inproc,base,3,dr_rc,dr|fast-repeated-cross-section|repeated-cross-section,2,400,50,cache_post,.006
s6-final-inproc,base,3,dr_rc,dr|fast-repeated-cross-section|repeated-cross-section,2,400,50,cluster,0
s6-final-inproc,base,3,dr_rc,dr|fast-repeated-cross-section|repeated-cross-section,2,400,50,bootstrap,0
s6-final-inproc,base,3,dr_rc,dr|fast-repeated-cross-section|repeated-cross-section,2,400,50,aggregation,0
s6-final-inproc,base,3,dr_rc,dr|fast-repeated-cross-section|repeated-cross-section,2,400,50,unprofiled,.6710000000000003
s6-final-inproc,base,3,dr_rc,dr|fast-repeated-cross-section|repeated-cross-section,2,400,50,total,4.137000000000001
s6-final-inproc,base,3,reg,reg|fast-balanced-panel|panel,3,400,50,setup,.1300000000000001
s6-final-inproc,base,3,reg,reg|fast-balanced-panel|panel,3,400,50,cell_extract,0
s6-final-inproc,base,3,reg,reg|fast-balanced-panel|panel,3,400,50,model_fit,.3960000000000003
s6-final-inproc,base,3,reg,reg|fast-balanced-panel|panel,3,400,50,if_assembly,.057
s6-final-inproc,base,3,reg,reg|fast-balanced-panel|panel,3,400,50,cache_post,.002
s6-final-inproc,base,3,reg,reg|fast-balanced-panel|panel,3,400,50,cluster,0
s6-final-inproc,base,3,reg,reg|fast-balanced-panel|panel,3,400,50,bootstrap,0
s6-final-inproc,base,3,reg,reg|fast-balanced-panel|panel,3,400,50,aggregation,0
s6-final-inproc,base,3,reg,reg|fast-balanced-panel|panel,3,400,50,unprofiled,.5339999999999996
s6-final-inproc,base,3,reg,reg|fast-balanced-panel|panel,3,400,50,total,1.119
s6-final-inproc,base,3,ipw,ipw|fast-balanced-panel|panel,4,400,50,setup,.1310000000000001
s6-final-inproc,base,3,ipw,ipw|fast-balanced-panel|panel,4,400,50,cell_extract,0
s6-final-inproc,base,3,ipw,ipw|fast-balanced-panel|panel,4,400,50,model_fit,.9950000000000008
s6-final-inproc,base,3,ipw,ipw|fast-balanced-panel|panel,4,400,50,if_assembly,.059
s6-final-inproc,base,3,ipw,ipw|fast-balanced-panel|panel,4,400,50,cache_post,.002
s6-final-inproc,base,3,ipw,ipw|fast-balanced-panel|panel,4,400,50,cluster,0
s6-final-inproc,base,3,ipw,ipw|fast-balanced-panel|panel,4,400,50,bootstrap,0
s6-final-inproc,base,3,ipw,ipw|fast-balanced-panel|panel,4,400,50,aggregation,0
s6-final-inproc,base,3,ipw,ipw|fast-balanced-panel|panel,4,400,50,unprofiled,.540999999999999
s6-final-inproc,base,3,ipw,ipw|fast-balanced-panel|panel,4,400,50,total,1.728
s6-final-inproc,head,3,dr,dr|fast-balanced-panel|panel,1,400,50,setup,.1240000000000001
s6-final-inproc,head,3,dr,dr|fast-balanced-panel|panel,1,400,50,cell_extract,0
s6-final-inproc,head,3,dr,dr|fast-balanced-panel|panel,1,400,50,model_fit,1.393
s6-final-inproc,head,3,dr,dr|fast-balanced-panel|panel,1,400,50,if_assembly,.053
s6-final-inproc,head,3,dr,dr|fast-balanced-panel|panel,1,400,50,cache_post,.004
s6-final-inproc,head,3,dr,dr|fast-balanced-panel|panel,1,400,50,cluster,0
s6-final-inproc,head,3,dr,dr|fast-balanced-panel|panel,1,400,50,bootstrap,0
s6-final-inproc,head,3,dr,dr|fast-balanced-panel|panel,1,400,50,aggregation,0
s6-final-inproc,head,3,dr,dr|fast-balanced-panel|panel,1,400,50,unprofiled,.5119999999999998
s6-final-inproc,head,3,dr,dr|fast-balanced-panel|panel,1,400,50,total,2.086
s6-final-inproc,head,3,dr_rc,dr|fast-repeated-cross-section|repeated-cross-section,2,400,50,setup,.2460000000000002
s6-final-inproc,head,3,dr_rc,dr|fast-repeated-cross-section|repeated-cross-section,2,400,50,cell_extract,.042
s6-final-inproc,head,3,dr_rc,dr|fast-repeated-cross-section|repeated-cross-section,2,400,50,model_fit,2.953000000000001
s6-final-inproc,head,3,dr_rc,dr|fast-repeated-cross-section|repeated-cross-section,2,400,50,if_assembly,.2030000000000001
s6-final-inproc,head,3,dr_rc,dr|fast-repeated-cross-section|repeated-cross-section,2,400,50,cache_post,.006
s6-final-inproc,head,3,dr_rc,dr|fast-repeated-cross-section|repeated-cross-section,2,400,50,cluster,0
s6-final-inproc,head,3,dr_rc,dr|fast-repeated-cross-section|repeated-cross-section,2,400,50,bootstrap,0
s6-final-inproc,head,3,dr_rc,dr|fast-repeated-cross-section|repeated-cross-section,2,400,50,aggregation,0
s6-final-inproc,head,3,dr_rc,dr|fast-repeated-cross-section|repeated-cross-section,2,400,50,unprofiled,.658999999999998
s6-final-inproc,head,3,dr_rc,dr|fast-repeated-cross-section|repeated-cross-section,2,400,50,total,4.108999999999999
s6-final-inproc,head,3,reg,reg|fast-balanced-panel|panel,3,400,50,setup,.1250000000000001
s6-final-inproc,head,3,reg,reg|fast-balanced-panel|panel,3,400,50,cell_extract,0
s6-final-inproc,head,3,reg,reg|fast-balanced-panel|panel,3,400,50,model_fit,.3800000000000003
s6-final-inproc,head,3,reg,reg|fast-balanced-panel|panel,3,400,50,if_assembly,.062
s6-final-inproc,head,3,reg,reg|fast-balanced-panel|panel,3,400,50,cache_post,.004
s6-final-inproc,head,3,reg,reg|fast-balanced-panel|panel,3,400,50,cluster,0
s6-final-inproc,head,3,reg,reg|fast-balanced-panel|panel,3,400,50,bootstrap,0
s6-final-inproc,head,3,reg,reg|fast-balanced-panel|panel,3,400,50,aggregation,0
s6-final-inproc,head,3,reg,reg|fast-balanced-panel|panel,3,400,50,unprofiled,.5350000000000006
s6-final-inproc,head,3,reg,reg|fast-balanced-panel|panel,3,400,50,total,1.106000000000001
s6-final-inproc,head,3,ipw,ipw|fast-balanced-panel|panel,4,400,50,setup,.1360000000000001
s6-final-inproc,head,3,ipw,ipw|fast-balanced-panel|panel,4,400,50,cell_extract,0
s6-final-inproc,head,3,ipw,ipw|fast-balanced-panel|panel,4,400,50,model_fit,1.014000000000001
s6-final-inproc,head,3,ipw,ipw|fast-balanced-panel|panel,4,400,50,if_assembly,.052
s6-final-inproc,head,3,ipw,ipw|fast-balanced-panel|panel,4,400,50,cache_post,.004
s6-final-inproc,head,3,ipw,ipw|fast-balanced-panel|panel,4,400,50,cluster,0
s6-final-inproc,head,3,ipw,ipw|fast-balanced-panel|panel,4,400,50,bootstrap,0
s6-final-inproc,head,3,ipw,ipw|fast-balanced-panel|panel,4,400,50,aggregation,0
s6-final-inproc,head,3,ipw,ipw|fast-balanced-panel|panel,4,400,50,unprofiled,.5319999999999989
s6-final-inproc,head,3,ipw,ipw|fast-balanced-panel|panel,4,400,50,total,1.738
s6-final-inproc,s4,3,dr,dr|fast-balanced-panel|panel,1,400,50,setup,.1290000000000001
s6-final-inproc,s4,3,dr,dr|fast-balanced-panel|panel,1,400,50,cell_extract,0
s6-final-inproc,s4,3,dr,dr|fast-balanced-panel|panel,1,400,50,model_fit,1.369
s6-final-inproc,s4,3,dr,dr|fast-balanced-panel|panel,1,400,50,if_assembly,.057
s6-final-inproc,s4,3,dr,dr|fast-balanced-panel|panel,1,400,50,cache_post,.004
s6-final-inproc,s4,3,dr,dr|fast-balanced-panel|panel,1,400,50,cluster,0
s6-final-inproc,s4,3,dr,dr|fast-balanced-panel|panel,1,400,50,bootstrap,0
s6-final-inproc,s4,3,dr,dr|fast-balanced-panel|panel,1,400,50,aggregation,0
s6-final-inproc,s4,3,dr,dr|fast-balanced-panel|panel,1,400,50,unprofiled,.518
s6-final-inproc,s4,3,dr,dr|fast-balanced-panel|panel,1,400,50,total,2.077
s6-final-inproc,s4,3,dr_rc,dr|fast-repeated-cross-section|repeated-cross-section,2,400,50,setup,.2450000000000002
s6-final-inproc,s4,3,dr_rc,dr|fast-repeated-cross-section|repeated-cross-section,2,400,50,cell_extract,.04
s6-final-inproc,s4,3,dr_rc,dr|fast-repeated-cross-section|repeated-cross-section,2,400,50,model_fit,2.907000000000001
s6-final-inproc,s4,3,dr_rc,dr|fast-repeated-cross-section|repeated-cross-section,2,400,50,if_assembly,.2070000000000001
s6-final-inproc,s4,3,dr_rc,dr|fast-repeated-cross-section|repeated-cross-section,2,400,50,cache_post,.007
s6-final-inproc,s4,3,dr_rc,dr|fast-repeated-cross-section|repeated-cross-section,2,400,50,cluster,0
s6-final-inproc,s4,3,dr_rc,dr|fast-repeated-cross-section|repeated-cross-section,2,400,50,bootstrap,0
s6-final-inproc,s4,3,dr_rc,dr|fast-repeated-cross-section|repeated-cross-section,2,400,50,aggregation,0
s6-final-inproc,s4,3,dr_rc,dr|fast-repeated-cross-section|repeated-cross-section,2,400,50,unprofiled,.6789999999999972
s6-final-inproc,s4,3,dr_rc,dr|fast-repeated-cross-section|repeated-cross-section,2,400,50,total,4.084999999999998
s6-final-inproc,s4,3,reg,reg|fast-balanced-panel|panel,3,400,50,setup,.1310000000000001
s6-final-inproc,s4,3,reg,reg|fast-balanced-panel|panel,3,400,50,cell_extract,0
s6-final-inproc,s4,3,reg,reg|fast-balanced-panel|panel,3,400,50,model_fit,.3810000000000003
s6-final-inproc,s4,3,reg,reg|fast-balanced-panel|panel,3,400,50,if_assembly,.049
s6-final-inproc,s4,3,reg,reg|fast-balanced-panel|panel,3,400,50,cache_post,.001
s6-final-inproc,s4,3,reg,reg|fast-balanced-panel|panel,3,400,50,cluster,0
s6-final-inproc,s4,3,reg,reg|fast-balanced-panel|panel,3,400,50,bootstrap,0
s6-final-inproc,s4,3,reg,reg|fast-balanced-panel|panel,3,400,50,aggregation,0
s6-final-inproc,s4,3,reg,reg|fast-balanced-panel|panel,3,400,50,unprofiled,.5539999999999997
s6-final-inproc,s4,3,reg,reg|fast-balanced-panel|panel,3,400,50,total,1.116
s6-final-inproc,s4,3,ipw,ipw|fast-balanced-panel|panel,4,400,50,setup,.1330000000000001
s6-final-inproc,s4,3,ipw,ipw|fast-balanced-panel|panel,4,400,50,cell_extract,0
s6-final-inproc,s4,3,ipw,ipw|fast-balanced-panel|panel,4,400,50,model_fit,1.023000000000001
s6-final-inproc,s4,3,ipw,ipw|fast-balanced-panel|panel,4,400,50,if_assembly,.048
s6-final-inproc,s4,3,ipw,ipw|fast-balanced-panel|panel,4,400,50,cache_post,.004
s6-final-inproc,s4,3,ipw,ipw|fast-balanced-panel|panel,4,400,50,cluster,0
s6-final-inproc,s4,3,ipw,ipw|fast-balanced-panel|panel,4,400,50,bootstrap,0
s6-final-inproc,s4,3,ipw,ipw|fast-balanced-panel|panel,4,400,50,aggregation,0
s6-final-inproc,s4,3,ipw,ipw|fast-balanced-panel|panel,4,400,50,unprofiled,.5239999999999989
s6-final-inproc,s4,3,ipw,ipw|fast-balanced-panel|panel,4,400,50,total,1.732
s6-final-inproc,base,4,dr,dr|fast-balanced-panel|panel,1,400,50,setup,.1280000000000001
s6-final-inproc,base,4,dr,dr|fast-balanced-panel|panel,1,400,50,cell_extract,0
s6-final-inproc,base,4,dr,dr|fast-balanced-panel|panel,1,400,50,model_fit,1.376000000000001
s6-final-inproc,base,4,dr,dr|fast-balanced-panel|panel,1,400,50,if_assembly,.059
s6-final-inproc,base,4,dr,dr|fast-balanced-panel|panel,1,400,50,cache_post,.002
s6-final-inproc,base,4,dr,dr|fast-balanced-panel|panel,1,400,50,cluster,0
s6-final-inproc,base,4,dr,dr|fast-balanced-panel|panel,1,400,50,bootstrap,0
s6-final-inproc,base,4,dr,dr|fast-balanced-panel|panel,1,400,50,aggregation,0
s6-final-inproc,base,4,dr,dr|fast-balanced-panel|panel,1,400,50,unprofiled,.5159999999999989
s6-final-inproc,base,4,dr,dr|fast-balanced-panel|panel,1,400,50,total,2.081
s6-final-inproc,base,4,ipw,ipw|fast-balanced-panel|panel,2,400,50,setup,.1230000000000001
s6-final-inproc,base,4,ipw,ipw|fast-balanced-panel|panel,2,400,50,cell_extract,0
s6-final-inproc,base,4,ipw,ipw|fast-balanced-panel|panel,2,400,50,model_fit,1.003000000000001
s6-final-inproc,base,4,ipw,ipw|fast-balanced-panel|panel,2,400,50,if_assembly,.054
s6-final-inproc,base,4,ipw,ipw|fast-balanced-panel|panel,2,400,50,cache_post,.003
s6-final-inproc,base,4,ipw,ipw|fast-balanced-panel|panel,2,400,50,cluster,0
s6-final-inproc,base,4,ipw,ipw|fast-balanced-panel|panel,2,400,50,bootstrap,0
s6-final-inproc,base,4,ipw,ipw|fast-balanced-panel|panel,2,400,50,aggregation,0
s6-final-inproc,base,4,ipw,ipw|fast-balanced-panel|panel,2,400,50,unprofiled,.524
s6-final-inproc,base,4,ipw,ipw|fast-balanced-panel|panel,2,400,50,total,1.707000000000001
s6-final-inproc,base,4,reg,reg|fast-balanced-panel|panel,3,400,50,setup,.1260000000000001
s6-final-inproc,base,4,reg,reg|fast-balanced-panel|panel,3,400,50,cell_extract,0
s6-final-inproc,base,4,reg,reg|fast-balanced-panel|panel,3,400,50,model_fit,.3810000000000003
s6-final-inproc,base,4,reg,reg|fast-balanced-panel|panel,3,400,50,if_assembly,.065
s6-final-inproc,base,4,reg,reg|fast-balanced-panel|panel,3,400,50,cache_post,.001
s6-final-inproc,base,4,reg,reg|fast-balanced-panel|panel,3,400,50,cluster,0
s6-final-inproc,base,4,reg,reg|fast-balanced-panel|panel,3,400,50,bootstrap,0
s6-final-inproc,base,4,reg,reg|fast-balanced-panel|panel,3,400,50,aggregation,0
s6-final-inproc,base,4,reg,reg|fast-balanced-panel|panel,3,400,50,unprofiled,.5049999999999998
s6-final-inproc,base,4,reg,reg|fast-balanced-panel|panel,3,400,50,total,1.078
s6-final-inproc,base,4,dr_rc,dr|fast-repeated-cross-section|repeated-cross-section,4,400,50,setup,.2420000000000001
s6-final-inproc,base,4,dr_rc,dr|fast-repeated-cross-section|repeated-cross-section,4,400,50,cell_extract,.1000000000000001
s6-final-inproc,base,4,dr_rc,dr|fast-repeated-cross-section|repeated-cross-section,4,400,50,model_fit,2.903
s6-final-inproc,base,4,dr_rc,dr|fast-repeated-cross-section|repeated-cross-section,4,400,50,if_assembly,.2170000000000001
s6-final-inproc,base,4,dr_rc,dr|fast-repeated-cross-section|repeated-cross-section,4,400,50,cache_post,.008
s6-final-inproc,base,4,dr_rc,dr|fast-repeated-cross-section|repeated-cross-section,4,400,50,cluster,0
s6-final-inproc,base,4,dr_rc,dr|fast-repeated-cross-section|repeated-cross-section,4,400,50,bootstrap,0
s6-final-inproc,base,4,dr_rc,dr|fast-repeated-cross-section|repeated-cross-section,4,400,50,aggregation,0
s6-final-inproc,base,4,dr_rc,dr|fast-repeated-cross-section|repeated-cross-section,4,400,50,unprofiled,.6760000000000015
s6-final-inproc,base,4,dr_rc,dr|fast-repeated-cross-section|repeated-cross-section,4,400,50,total,4.146000000000002
s6-final-inproc,s4,4,dr,dr|fast-balanced-panel|panel,1,400,50,setup,.1290000000000001
s6-final-inproc,s4,4,dr,dr|fast-balanced-panel|panel,1,400,50,cell_extract,0
s6-final-inproc,s4,4,dr,dr|fast-balanced-panel|panel,1,400,50,model_fit,1.376000000000001
s6-final-inproc,s4,4,dr,dr|fast-balanced-panel|panel,1,400,50,if_assembly,.051
s6-final-inproc,s4,4,dr,dr|fast-balanced-panel|panel,1,400,50,cache_post,.002
s6-final-inproc,s4,4,dr,dr|fast-balanced-panel|panel,1,400,50,cluster,0
s6-final-inproc,s4,4,dr,dr|fast-balanced-panel|panel,1,400,50,bootstrap,0
s6-final-inproc,s4,4,dr,dr|fast-balanced-panel|panel,1,400,50,aggregation,0
s6-final-inproc,s4,4,dr,dr|fast-balanced-panel|panel,1,400,50,unprofiled,.5129999999999992
s6-final-inproc,s4,4,dr,dr|fast-balanced-panel|panel,1,400,50,total,2.071
s6-final-inproc,s4,4,ipw,ipw|fast-balanced-panel|panel,2,400,50,setup,.1260000000000001
s6-final-inproc,s4,4,ipw,ipw|fast-balanced-panel|panel,2,400,50,cell_extract,0
s6-final-inproc,s4,4,ipw,ipw|fast-balanced-panel|panel,2,400,50,model_fit,.9890000000000008
s6-final-inproc,s4,4,ipw,ipw|fast-balanced-panel|panel,2,400,50,if_assembly,.046
s6-final-inproc,s4,4,ipw,ipw|fast-balanced-panel|panel,2,400,50,cache_post,.002
s6-final-inproc,s4,4,ipw,ipw|fast-balanced-panel|panel,2,400,50,cluster,0
s6-final-inproc,s4,4,ipw,ipw|fast-balanced-panel|panel,2,400,50,bootstrap,0
s6-final-inproc,s4,4,ipw,ipw|fast-balanced-panel|panel,2,400,50,aggregation,0
s6-final-inproc,s4,4,ipw,ipw|fast-balanced-panel|panel,2,400,50,unprofiled,.5239999999999991
s6-final-inproc,s4,4,ipw,ipw|fast-balanced-panel|panel,2,400,50,total,1.687
s6-final-inproc,s4,4,reg,reg|fast-balanced-panel|panel,3,400,50,setup,.1260000000000001
s6-final-inproc,s4,4,reg,reg|fast-balanced-panel|panel,3,400,50,cell_extract,0
s6-final-inproc,s4,4,reg,reg|fast-balanced-panel|panel,3,400,50,model_fit,.3850000000000003
s6-final-inproc,s4,4,reg,reg|fast-balanced-panel|panel,3,400,50,if_assembly,.064
s6-final-inproc,s4,4,reg,reg|fast-balanced-panel|panel,3,400,50,cache_post,.001
s6-final-inproc,s4,4,reg,reg|fast-balanced-panel|panel,3,400,50,cluster,0
s6-final-inproc,s4,4,reg,reg|fast-balanced-panel|panel,3,400,50,bootstrap,0
s6-final-inproc,s4,4,reg,reg|fast-balanced-panel|panel,3,400,50,aggregation,0
s6-final-inproc,s4,4,reg,reg|fast-balanced-panel|panel,3,400,50,unprofiled,.4980000000000006
s6-final-inproc,s4,4,reg,reg|fast-balanced-panel|panel,3,400,50,total,1.074000000000001
s6-final-inproc,s4,4,dr_rc,dr|fast-repeated-cross-section|repeated-cross-section,4,400,50,setup,.2440000000000001
s6-final-inproc,s4,4,dr_rc,dr|fast-repeated-cross-section|repeated-cross-section,4,400,50,cell_extract,.039
s6-final-inproc,s4,4,dr_rc,dr|fast-repeated-cross-section|repeated-cross-section,4,400,50,model_fit,2.920000000000001
s6-final-inproc,s4,4,dr_rc,dr|fast-repeated-cross-section|repeated-cross-section,4,400,50,if_assembly,.2010000000000001
s6-final-inproc,s4,4,dr_rc,dr|fast-repeated-cross-section|repeated-cross-section,4,400,50,cache_post,.003
s6-final-inproc,s4,4,dr_rc,dr|fast-repeated-cross-section|repeated-cross-section,4,400,50,cluster,0
s6-final-inproc,s4,4,dr_rc,dr|fast-repeated-cross-section|repeated-cross-section,4,400,50,bootstrap,0
s6-final-inproc,s4,4,dr_rc,dr|fast-repeated-cross-section|repeated-cross-section,4,400,50,aggregation,0
s6-final-inproc,s4,4,dr_rc,dr|fast-repeated-cross-section|repeated-cross-section,4,400,50,unprofiled,.6809999999999974
s6-final-inproc,s4,4,dr_rc,dr|fast-repeated-cross-section|repeated-cross-section,4,400,50,total,4.087999999999998
s6-final-inproc,head,4,dr,dr|fast-balanced-panel|panel,1,400,50,setup,.1210000000000001
s6-final-inproc,head,4,dr,dr|fast-balanced-panel|panel,1,400,50,cell_extract,0
s6-final-inproc,head,4,dr,dr|fast-balanced-panel|panel,1,400,50,model_fit,1.368
s6-final-inproc,head,4,dr,dr|fast-balanced-panel|panel,1,400,50,if_assembly,.068
s6-final-inproc,head,4,dr,dr|fast-balanced-panel|panel,1,400,50,cache_post,0
s6-final-inproc,head,4,dr,dr|fast-balanced-panel|panel,1,400,50,cluster,0
s6-final-inproc,head,4,dr,dr|fast-balanced-panel|panel,1,400,50,bootstrap,0
s6-final-inproc,head,4,dr,dr|fast-balanced-panel|panel,1,400,50,aggregation,0
s6-final-inproc,head,4,dr,dr|fast-balanced-panel|panel,1,400,50,unprofiled,.528
s6-final-inproc,head,4,dr,dr|fast-balanced-panel|panel,1,400,50,total,2.085
s6-final-inproc,head,4,ipw,ipw|fast-balanced-panel|panel,2,400,50,setup,.1220000000000001
s6-final-inproc,head,4,ipw,ipw|fast-balanced-panel|panel,2,400,50,cell_extract,0
s6-final-inproc,head,4,ipw,ipw|fast-balanced-panel|panel,2,400,50,model_fit,1.001000000000001
s6-final-inproc,head,4,ipw,ipw|fast-balanced-panel|panel,2,400,50,if_assembly,.049
s6-final-inproc,head,4,ipw,ipw|fast-balanced-panel|panel,2,400,50,cache_post,0
s6-final-inproc,head,4,ipw,ipw|fast-balanced-panel|panel,2,400,50,cluster,0
s6-final-inproc,head,4,ipw,ipw|fast-balanced-panel|panel,2,400,50,bootstrap,0
s6-final-inproc,head,4,ipw,ipw|fast-balanced-panel|panel,2,400,50,aggregation,0
s6-final-inproc,head,4,ipw,ipw|fast-balanced-panel|panel,2,400,50,unprofiled,.5159999999999989
s6-final-inproc,head,4,ipw,ipw|fast-balanced-panel|panel,2,400,50,total,1.688
s6-final-inproc,head,4,reg,reg|fast-balanced-panel|panel,3,400,50,setup,.1200000000000001
s6-final-inproc,head,4,reg,reg|fast-balanced-panel|panel,3,400,50,cell_extract,0
s6-final-inproc,head,4,reg,reg|fast-balanced-panel|panel,3,400,50,model_fit,.3880000000000003
s6-final-inproc,head,4,reg,reg|fast-balanced-panel|panel,3,400,50,if_assembly,.047
s6-final-inproc,head,4,reg,reg|fast-balanced-panel|panel,3,400,50,cache_post,.004
s6-final-inproc,head,4,reg,reg|fast-balanced-panel|panel,3,400,50,cluster,0
s6-final-inproc,head,4,reg,reg|fast-balanced-panel|panel,3,400,50,bootstrap,0
s6-final-inproc,head,4,reg,reg|fast-balanced-panel|panel,3,400,50,aggregation,0
s6-final-inproc,head,4,reg,reg|fast-balanced-panel|panel,3,400,50,unprofiled,.5089999999999996
s6-final-inproc,head,4,reg,reg|fast-balanced-panel|panel,3,400,50,total,1.068
s6-final-inproc,head,4,dr_rc,dr|fast-repeated-cross-section|repeated-cross-section,4,400,50,setup,.2430000000000001
s6-final-inproc,head,4,dr_rc,dr|fast-repeated-cross-section|repeated-cross-section,4,400,50,cell_extract,.036
s6-final-inproc,head,4,dr_rc,dr|fast-repeated-cross-section|repeated-cross-section,4,400,50,model_fit,2.907
s6-final-inproc,head,4,dr_rc,dr|fast-repeated-cross-section|repeated-cross-section,4,400,50,if_assembly,.2140000000000001
s6-final-inproc,head,4,dr_rc,dr|fast-repeated-cross-section|repeated-cross-section,4,400,50,cache_post,.005
s6-final-inproc,head,4,dr_rc,dr|fast-repeated-cross-section|repeated-cross-section,4,400,50,cluster,0
s6-final-inproc,head,4,dr_rc,dr|fast-repeated-cross-section|repeated-cross-section,4,400,50,bootstrap,0
s6-final-inproc,head,4,dr_rc,dr|fast-repeated-cross-section|repeated-cross-section,4,400,50,aggregation,0
s6-final-inproc,head,4,dr_rc,dr|fast-repeated-cross-section|repeated-cross-section,4,400,50,unprofiled,.6739999999999973
s6-final-inproc,head,4,dr_rc,dr|fast-repeated-cross-section|repeated-cross-section,4,400,50,total,4.078999999999997
s6-final-inproc,s4,5,reg,reg|fast-balanced-panel|panel,1,400,50,setup,.1210000000000001
s6-final-inproc,s4,5,reg,reg|fast-balanced-panel|panel,1,400,50,cell_extract,0
s6-final-inproc,s4,5,reg,reg|fast-balanced-panel|panel,1,400,50,model_fit,.3890000000000003
s6-final-inproc,s4,5,reg,reg|fast-balanced-panel|panel,1,400,50,if_assembly,.056
s6-final-inproc,s4,5,reg,reg|fast-balanced-panel|panel,1,400,50,cache_post,.005
s6-final-inproc,s4,5,reg,reg|fast-balanced-panel|panel,1,400,50,cluster,0
s6-final-inproc,s4,5,reg,reg|fast-balanced-panel|panel,1,400,50,bootstrap,0
s6-final-inproc,s4,5,reg,reg|fast-balanced-panel|panel,1,400,50,aggregation,0
s6-final-inproc,s4,5,reg,reg|fast-balanced-panel|panel,1,400,50,unprofiled,.5039999999999996
s6-final-inproc,s4,5,reg,reg|fast-balanced-panel|panel,1,400,50,total,1.075
s6-final-inproc,s4,5,ipw,ipw|fast-balanced-panel|panel,2,400,50,setup,.1240000000000001
s6-final-inproc,s4,5,ipw,ipw|fast-balanced-panel|panel,2,400,50,cell_extract,0
s6-final-inproc,s4,5,ipw,ipw|fast-balanced-panel|panel,2,400,50,model_fit,1.005000000000001
s6-final-inproc,s4,5,ipw,ipw|fast-balanced-panel|panel,2,400,50,if_assembly,.052
s6-final-inproc,s4,5,ipw,ipw|fast-balanced-panel|panel,2,400,50,cache_post,.001
s6-final-inproc,s4,5,ipw,ipw|fast-balanced-panel|panel,2,400,50,cluster,0
s6-final-inproc,s4,5,ipw,ipw|fast-balanced-panel|panel,2,400,50,bootstrap,0
s6-final-inproc,s4,5,ipw,ipw|fast-balanced-panel|panel,2,400,50,aggregation,0
s6-final-inproc,s4,5,ipw,ipw|fast-balanced-panel|panel,2,400,50,unprofiled,.518
s6-final-inproc,s4,5,ipw,ipw|fast-balanced-panel|panel,2,400,50,total,1.700000000000001
s6-final-inproc,s4,5,dr,dr|fast-balanced-panel|panel,3,400,50,setup,.1240000000000001
s6-final-inproc,s4,5,dr,dr|fast-balanced-panel|panel,3,400,50,cell_extract,0
s6-final-inproc,s4,5,dr,dr|fast-balanced-panel|panel,3,400,50,model_fit,1.4
s6-final-inproc,s4,5,dr,dr|fast-balanced-panel|panel,3,400,50,if_assembly,.05
s6-final-inproc,s4,5,dr,dr|fast-balanced-panel|panel,3,400,50,cache_post,.006
s6-final-inproc,s4,5,dr,dr|fast-balanced-panel|panel,3,400,50,cluster,0
s6-final-inproc,s4,5,dr,dr|fast-balanced-panel|panel,3,400,50,bootstrap,0
s6-final-inproc,s4,5,dr,dr|fast-balanced-panel|panel,3,400,50,aggregation,0
s6-final-inproc,s4,5,dr,dr|fast-balanced-panel|panel,3,400,50,unprofiled,.5030000000000001
s6-final-inproc,s4,5,dr,dr|fast-balanced-panel|panel,3,400,50,total,2.083
s6-final-inproc,s4,5,dr_rc,dr|fast-repeated-cross-section|repeated-cross-section,4,400,50,setup,.2420000000000001
s6-final-inproc,s4,5,dr_rc,dr|fast-repeated-cross-section|repeated-cross-section,4,400,50,cell_extract,.032
s6-final-inproc,s4,5,dr_rc,dr|fast-repeated-cross-section|repeated-cross-section,4,400,50,model_fit,2.891000000000001
s6-final-inproc,s4,5,dr_rc,dr|fast-repeated-cross-section|repeated-cross-section,4,400,50,if_assembly,.2360000000000002
s6-final-inproc,s4,5,dr_rc,dr|fast-repeated-cross-section|repeated-cross-section,4,400,50,cache_post,.002
s6-final-inproc,s4,5,dr_rc,dr|fast-repeated-cross-section|repeated-cross-section,4,400,50,cluster,0
s6-final-inproc,s4,5,dr_rc,dr|fast-repeated-cross-section|repeated-cross-section,4,400,50,bootstrap,0
s6-final-inproc,s4,5,dr_rc,dr|fast-repeated-cross-section|repeated-cross-section,4,400,50,aggregation,0
s6-final-inproc,s4,5,dr_rc,dr|fast-repeated-cross-section|repeated-cross-section,4,400,50,unprofiled,.6929999999999974
s6-final-inproc,s4,5,dr_rc,dr|fast-repeated-cross-section|repeated-cross-section,4,400,50,total,4.095999999999998
s6-final-inproc,base,5,reg,reg|fast-balanced-panel|panel,1,400,50,setup,.1260000000000001
s6-final-inproc,base,5,reg,reg|fast-balanced-panel|panel,1,400,50,cell_extract,0
s6-final-inproc,base,5,reg,reg|fast-balanced-panel|panel,1,400,50,model_fit,.3870000000000003
s6-final-inproc,base,5,reg,reg|fast-balanced-panel|panel,1,400,50,if_assembly,.056
s6-final-inproc,base,5,reg,reg|fast-balanced-panel|panel,1,400,50,cache_post,.002
s6-final-inproc,base,5,reg,reg|fast-balanced-panel|panel,1,400,50,cluster,0
s6-final-inproc,base,5,reg,reg|fast-balanced-panel|panel,1,400,50,bootstrap,0
s6-final-inproc,base,5,reg,reg|fast-balanced-panel|panel,1,400,50,aggregation,0
s6-final-inproc,base,5,reg,reg|fast-balanced-panel|panel,1,400,50,unprofiled,.4989999999999997
s6-final-inproc,base,5,reg,reg|fast-balanced-panel|panel,1,400,50,total,1.07
s6-final-inproc,base,5,ipw,ipw|fast-balanced-panel|panel,2,400,50,setup,.1180000000000001
s6-final-inproc,base,5,ipw,ipw|fast-balanced-panel|panel,2,400,50,cell_extract,0
s6-final-inproc,base,5,ipw,ipw|fast-balanced-panel|panel,2,400,50,model_fit,1.003000000000001
s6-final-inproc,base,5,ipw,ipw|fast-balanced-panel|panel,2,400,50,if_assembly,.048
s6-final-inproc,base,5,ipw,ipw|fast-balanced-panel|panel,2,400,50,cache_post,.001
s6-final-inproc,base,5,ipw,ipw|fast-balanced-panel|panel,2,400,50,cluster,0
s6-final-inproc,base,5,ipw,ipw|fast-balanced-panel|panel,2,400,50,bootstrap,0
s6-final-inproc,base,5,ipw,ipw|fast-balanced-panel|panel,2,400,50,aggregation,0
s6-final-inproc,base,5,ipw,ipw|fast-balanced-panel|panel,2,400,50,unprofiled,.518999999999999
s6-final-inproc,base,5,ipw,ipw|fast-balanced-panel|panel,2,400,50,total,1.689
s6-final-inproc,base,5,dr,dr|fast-balanced-panel|panel,3,400,50,setup,.1270000000000001
s6-final-inproc,base,5,dr,dr|fast-balanced-panel|panel,3,400,50,cell_extract,0
s6-final-inproc,base,5,dr,dr|fast-balanced-panel|panel,3,400,50,model_fit,1.383
s6-final-inproc,base,5,dr,dr|fast-balanced-panel|panel,3,400,50,if_assembly,.051
s6-final-inproc,base,5,dr,dr|fast-balanced-panel|panel,3,400,50,cache_post,0
s6-final-inproc,base,5,dr,dr|fast-balanced-panel|panel,3,400,50,cluster,0
s6-final-inproc,base,5,dr,dr|fast-balanced-panel|panel,3,400,50,bootstrap,0
s6-final-inproc,base,5,dr,dr|fast-balanced-panel|panel,3,400,50,aggregation,0
s6-final-inproc,base,5,dr,dr|fast-balanced-panel|panel,3,400,50,unprofiled,.5140000000000002
s6-final-inproc,base,5,dr,dr|fast-balanced-panel|panel,3,400,50,total,2.075
s6-final-inproc,base,5,dr_rc,dr|fast-repeated-cross-section|repeated-cross-section,4,400,50,setup,.2410000000000002
s6-final-inproc,base,5,dr_rc,dr|fast-repeated-cross-section|repeated-cross-section,4,400,50,cell_extract,.1030000000000001
s6-final-inproc,base,5,dr_rc,dr|fast-repeated-cross-section|repeated-cross-section,4,400,50,model_fit,2.909
s6-final-inproc,base,5,dr_rc,dr|fast-repeated-cross-section|repeated-cross-section,4,400,50,if_assembly,.2140000000000001
s6-final-inproc,base,5,dr_rc,dr|fast-repeated-cross-section|repeated-cross-section,4,400,50,cache_post,.004
s6-final-inproc,base,5,dr_rc,dr|fast-repeated-cross-section|repeated-cross-section,4,400,50,cluster,0
s6-final-inproc,base,5,dr_rc,dr|fast-repeated-cross-section|repeated-cross-section,4,400,50,bootstrap,0
s6-final-inproc,base,5,dr_rc,dr|fast-repeated-cross-section|repeated-cross-section,4,400,50,aggregation,0
s6-final-inproc,base,5,dr_rc,dr|fast-repeated-cross-section|repeated-cross-section,4,400,50,unprofiled,.6740000000000022
s6-final-inproc,base,5,dr_rc,dr|fast-repeated-cross-section|repeated-cross-section,4,400,50,total,4.145000000000002
s6-final-inproc,head,5,reg,reg|fast-balanced-panel|panel,1,400,50,setup,.1260000000000001
s6-final-inproc,head,5,reg,reg|fast-balanced-panel|panel,1,400,50,cell_extract,0
s6-final-inproc,head,5,reg,reg|fast-balanced-panel|panel,1,400,50,model_fit,.3830000000000003
s6-final-inproc,head,5,reg,reg|fast-balanced-panel|panel,1,400,50,if_assembly,.055
s6-final-inproc,head,5,reg,reg|fast-balanced-panel|panel,1,400,50,cache_post,0
s6-final-inproc,head,5,reg,reg|fast-balanced-panel|panel,1,400,50,cluster,0
s6-final-inproc,head,5,reg,reg|fast-balanced-panel|panel,1,400,50,bootstrap,0
s6-final-inproc,head,5,reg,reg|fast-balanced-panel|panel,1,400,50,aggregation,0
s6-final-inproc,head,5,reg,reg|fast-balanced-panel|panel,1,400,50,unprofiled,.5009999999999996
s6-final-inproc,head,5,reg,reg|fast-balanced-panel|panel,1,400,50,total,1.065
s6-final-inproc,head,5,ipw,ipw|fast-balanced-panel|panel,2,400,50,setup,.1230000000000001
s6-final-inproc,head,5,ipw,ipw|fast-balanced-panel|panel,2,400,50,cell_extract,0
s6-final-inproc,head,5,ipw,ipw|fast-balanced-panel|panel,2,400,50,model_fit,.9960000000000008
s6-final-inproc,head,5,ipw,ipw|fast-balanced-panel|panel,2,400,50,if_assembly,.058
s6-final-inproc,head,5,ipw,ipw|fast-balanced-panel|panel,2,400,50,cache_post,.002
s6-final-inproc,head,5,ipw,ipw|fast-balanced-panel|panel,2,400,50,cluster,0
s6-final-inproc,head,5,ipw,ipw|fast-balanced-panel|panel,2,400,50,bootstrap,0
s6-final-inproc,head,5,ipw,ipw|fast-balanced-panel|panel,2,400,50,aggregation,0
s6-final-inproc,head,5,ipw,ipw|fast-balanced-panel|panel,2,400,50,unprofiled,.504999999999999
s6-final-inproc,head,5,ipw,ipw|fast-balanced-panel|panel,2,400,50,total,1.684
s6-final-inproc,head,5,dr,dr|fast-balanced-panel|panel,3,400,50,setup,.1330000000000001
s6-final-inproc,head,5,dr,dr|fast-balanced-panel|panel,3,400,50,cell_extract,0
s6-final-inproc,head,5,dr,dr|fast-balanced-panel|panel,3,400,50,model_fit,1.424000000000001
s6-final-inproc,head,5,dr,dr|fast-balanced-panel|panel,3,400,50,if_assembly,.048
s6-final-inproc,head,5,dr,dr|fast-balanced-panel|panel,3,400,50,cache_post,.003
s6-final-inproc,head,5,dr,dr|fast-balanced-panel|panel,3,400,50,cluster,0
s6-final-inproc,head,5,dr,dr|fast-balanced-panel|panel,3,400,50,bootstrap,0
s6-final-inproc,head,5,dr,dr|fast-balanced-panel|panel,3,400,50,aggregation,0
s6-final-inproc,head,5,dr,dr|fast-balanced-panel|panel,3,400,50,unprofiled,.5349999999999988
s6-final-inproc,head,5,dr,dr|fast-balanced-panel|panel,3,400,50,total,2.143
s6-final-inproc,head,5,dr_rc,dr|fast-repeated-cross-section|repeated-cross-section,4,400,50,setup,.2470000000000001
s6-final-inproc,head,5,dr_rc,dr|fast-repeated-cross-section|repeated-cross-section,4,400,50,cell_extract,.037
s6-final-inproc,head,5,dr_rc,dr|fast-repeated-cross-section|repeated-cross-section,4,400,50,model_fit,2.904
s6-final-inproc,head,5,dr_rc,dr|fast-repeated-cross-section|repeated-cross-section,4,400,50,if_assembly,.2170000000000001
s6-final-inproc,head,5,dr_rc,dr|fast-repeated-cross-section|repeated-cross-section,4,400,50,cache_post,.005
s6-final-inproc,head,5,dr_rc,dr|fast-repeated-cross-section|repeated-cross-section,4,400,50,cluster,0
s6-final-inproc,head,5,dr_rc,dr|fast-repeated-cross-section|repeated-cross-section,4,400,50,bootstrap,0
s6-final-inproc,head,5,dr_rc,dr|fast-repeated-cross-section|repeated-cross-section,4,400,50,aggregation,0
s6-final-inproc,head,5,dr_rc,dr|fast-repeated-cross-section|repeated-cross-section,4,400,50,unprofiled,.6739999999999995
s6-final-inproc,head,5,dr_rc,dr|fast-repeated-cross-section|repeated-cross-section,4,400,50,total,4.084
s6-final-inproc,s4,6,reg,reg|fast-balanced-panel|panel,1,400,50,setup,.1230000000000001
s6-final-inproc,s4,6,reg,reg|fast-balanced-panel|panel,1,400,50,cell_extract,0
s6-final-inproc,s4,6,reg,reg|fast-balanced-panel|panel,1,400,50,model_fit,.3790000000000003
s6-final-inproc,s4,6,reg,reg|fast-balanced-panel|panel,1,400,50,if_assembly,.055
s6-final-inproc,s4,6,reg,reg|fast-balanced-panel|panel,1,400,50,cache_post,.005
s6-final-inproc,s4,6,reg,reg|fast-balanced-panel|panel,1,400,50,cluster,0
s6-final-inproc,s4,6,reg,reg|fast-balanced-panel|panel,1,400,50,bootstrap,0
s6-final-inproc,s4,6,reg,reg|fast-balanced-panel|panel,1,400,50,aggregation,0
s6-final-inproc,s4,6,reg,reg|fast-balanced-panel|panel,1,400,50,unprofiled,.4999999999999997
s6-final-inproc,s4,6,reg,reg|fast-balanced-panel|panel,1,400,50,total,1.062
s6-final-inproc,s4,6,dr_rc,dr|fast-repeated-cross-section|repeated-cross-section,2,400,50,setup,.2480000000000001
s6-final-inproc,s4,6,dr_rc,dr|fast-repeated-cross-section|repeated-cross-section,2,400,50,cell_extract,.036
s6-final-inproc,s4,6,dr_rc,dr|fast-repeated-cross-section|repeated-cross-section,2,400,50,model_fit,2.874000000000001
s6-final-inproc,s4,6,dr_rc,dr|fast-repeated-cross-section|repeated-cross-section,2,400,50,if_assembly,.2230000000000001
s6-final-inproc,s4,6,dr_rc,dr|fast-repeated-cross-section|repeated-cross-section,2,400,50,cache_post,.005
s6-final-inproc,s4,6,dr_rc,dr|fast-repeated-cross-section|repeated-cross-section,2,400,50,cluster,0
s6-final-inproc,s4,6,dr_rc,dr|fast-repeated-cross-section|repeated-cross-section,2,400,50,bootstrap,0
s6-final-inproc,s4,6,dr_rc,dr|fast-repeated-cross-section|repeated-cross-section,2,400,50,aggregation,0
s6-final-inproc,s4,6,dr_rc,dr|fast-repeated-cross-section|repeated-cross-section,2,400,50,unprofiled,.6829999999999972
s6-final-inproc,s4,6,dr_rc,dr|fast-repeated-cross-section|repeated-cross-section,2,400,50,total,4.068999999999998
s6-final-inproc,s4,6,dr,dr|fast-balanced-panel|panel,3,400,50,setup,.1300000000000001
s6-final-inproc,s4,6,dr,dr|fast-balanced-panel|panel,3,400,50,cell_extract,0
s6-final-inproc,s4,6,dr,dr|fast-balanced-panel|panel,3,400,50,model_fit,1.38
s6-final-inproc,s4,6,dr,dr|fast-balanced-panel|panel,3,400,50,if_assembly,.069
s6-final-inproc,s4,6,dr,dr|fast-balanced-panel|panel,3,400,50,cache_post,0
s6-final-inproc,s4,6,dr,dr|fast-balanced-panel|panel,3,400,50,cluster,0
s6-final-inproc,s4,6,dr,dr|fast-balanced-panel|panel,3,400,50,bootstrap,0
s6-final-inproc,s4,6,dr,dr|fast-balanced-panel|panel,3,400,50,aggregation,0
s6-final-inproc,s4,6,dr,dr|fast-balanced-panel|panel,3,400,50,unprofiled,.5570000000000002
s6-final-inproc,s4,6,dr,dr|fast-balanced-panel|panel,3,400,50,total,2.136
s6-final-inproc,s4,6,ipw,ipw|fast-balanced-panel|panel,4,400,50,setup,.1350000000000001
s6-final-inproc,s4,6,ipw,ipw|fast-balanced-panel|panel,4,400,50,cell_extract,0
s6-final-inproc,s4,6,ipw,ipw|fast-balanced-panel|panel,4,400,50,model_fit,1.032000000000001
s6-final-inproc,s4,6,ipw,ipw|fast-balanced-panel|panel,4,400,50,if_assembly,.054
s6-final-inproc,s4,6,ipw,ipw|fast-balanced-panel|panel,4,400,50,cache_post,.004
s6-final-inproc,s4,6,ipw,ipw|fast-balanced-panel|panel,4,400,50,cluster,0
s6-final-inproc,s4,6,ipw,ipw|fast-balanced-panel|panel,4,400,50,bootstrap,0
s6-final-inproc,s4,6,ipw,ipw|fast-balanced-panel|panel,4,400,50,aggregation,0
s6-final-inproc,s4,6,ipw,ipw|fast-balanced-panel|panel,4,400,50,unprofiled,.573999999999999
s6-final-inproc,s4,6,ipw,ipw|fast-balanced-panel|panel,4,400,50,total,1.799
s6-final-inproc,head,6,reg,reg|fast-balanced-panel|panel,1,400,50,setup,.1190000000000001
s6-final-inproc,head,6,reg,reg|fast-balanced-panel|panel,1,400,50,cell_extract,0
s6-final-inproc,head,6,reg,reg|fast-balanced-panel|panel,1,400,50,model_fit,.3820000000000003
s6-final-inproc,head,6,reg,reg|fast-balanced-panel|panel,1,400,50,if_assembly,.052
s6-final-inproc,head,6,reg,reg|fast-balanced-panel|panel,1,400,50,cache_post,.002
s6-final-inproc,head,6,reg,reg|fast-balanced-panel|panel,1,400,50,cluster,0
s6-final-inproc,head,6,reg,reg|fast-balanced-panel|panel,1,400,50,bootstrap,0
s6-final-inproc,head,6,reg,reg|fast-balanced-panel|panel,1,400,50,aggregation,0
s6-final-inproc,head,6,reg,reg|fast-balanced-panel|panel,1,400,50,unprofiled,.5259999999999996
s6-final-inproc,head,6,reg,reg|fast-balanced-panel|panel,1,400,50,total,1.081
s6-final-inproc,head,6,dr_rc,dr|fast-repeated-cross-section|repeated-cross-section,2,400,50,setup,.2440000000000001
s6-final-inproc,head,6,dr_rc,dr|fast-repeated-cross-section|repeated-cross-section,2,400,50,cell_extract,.038
s6-final-inproc,head,6,dr_rc,dr|fast-repeated-cross-section|repeated-cross-section,2,400,50,model_fit,2.924
s6-final-inproc,head,6,dr_rc,dr|fast-repeated-cross-section|repeated-cross-section,2,400,50,if_assembly,.1960000000000001
s6-final-inproc,head,6,dr_rc,dr|fast-repeated-cross-section|repeated-cross-section,2,400,50,cache_post,.004
s6-final-inproc,head,6,dr_rc,dr|fast-repeated-cross-section|repeated-cross-section,2,400,50,cluster,0
s6-final-inproc,head,6,dr_rc,dr|fast-repeated-cross-section|repeated-cross-section,2,400,50,bootstrap,0
s6-final-inproc,head,6,dr_rc,dr|fast-repeated-cross-section|repeated-cross-section,2,400,50,aggregation,0
s6-final-inproc,head,6,dr_rc,dr|fast-repeated-cross-section|repeated-cross-section,2,400,50,unprofiled,.6889999999999987
s6-final-inproc,head,6,dr_rc,dr|fast-repeated-cross-section|repeated-cross-section,2,400,50,total,4.094999999999999
s6-final-inproc,head,6,dr,dr|fast-balanced-panel|panel,3,400,50,setup,.1320000000000001
s6-final-inproc,head,6,dr,dr|fast-balanced-panel|panel,3,400,50,cell_extract,0
s6-final-inproc,head,6,dr,dr|fast-balanced-panel|panel,3,400,50,model_fit,1.388
s6-final-inproc,head,6,dr,dr|fast-balanced-panel|panel,3,400,50,if_assembly,.06
s6-final-inproc,head,6,dr,dr|fast-balanced-panel|panel,3,400,50,cache_post,.001
s6-final-inproc,head,6,dr,dr|fast-balanced-panel|panel,3,400,50,cluster,0
s6-final-inproc,head,6,dr,dr|fast-balanced-panel|panel,3,400,50,bootstrap,0
s6-final-inproc,head,6,dr,dr|fast-balanced-panel|panel,3,400,50,aggregation,0
s6-final-inproc,head,6,dr,dr|fast-balanced-panel|panel,3,400,50,unprofiled,.5489999999999999
s6-final-inproc,head,6,dr,dr|fast-balanced-panel|panel,3,400,50,total,2.13
s6-final-inproc,head,6,ipw,ipw|fast-balanced-panel|panel,4,400,50,setup,.1340000000000001
s6-final-inproc,head,6,ipw,ipw|fast-balanced-panel|panel,4,400,50,cell_extract,0
s6-final-inproc,head,6,ipw,ipw|fast-balanced-panel|panel,4,400,50,model_fit,1.005000000000001
s6-final-inproc,head,6,ipw,ipw|fast-balanced-panel|panel,4,400,50,if_assembly,.057
s6-final-inproc,head,6,ipw,ipw|fast-balanced-panel|panel,4,400,50,cache_post,.001
s6-final-inproc,head,6,ipw,ipw|fast-balanced-panel|panel,4,400,50,cluster,0
s6-final-inproc,head,6,ipw,ipw|fast-balanced-panel|panel,4,400,50,bootstrap,0
s6-final-inproc,head,6,ipw,ipw|fast-balanced-panel|panel,4,400,50,aggregation,0
s6-final-inproc,head,6,ipw,ipw|fast-balanced-panel|panel,4,400,50,unprofiled,.554999999999999
s6-final-inproc,head,6,ipw,ipw|fast-balanced-panel|panel,4,400,50,total,1.752
s6-final-inproc,base,6,reg,reg|fast-balanced-panel|panel,1,400,50,setup,.1250000000000001
s6-final-inproc,base,6,reg,reg|fast-balanced-panel|panel,1,400,50,cell_extract,0
s6-final-inproc,base,6,reg,reg|fast-balanced-panel|panel,1,400,50,model_fit,.4000000000000003
s6-final-inproc,base,6,reg,reg|fast-balanced-panel|panel,1,400,50,if_assembly,.047
s6-final-inproc,base,6,reg,reg|fast-balanced-panel|panel,1,400,50,cache_post,.002
s6-final-inproc,base,6,reg,reg|fast-balanced-panel|panel,1,400,50,cluster,0
s6-final-inproc,base,6,reg,reg|fast-balanced-panel|panel,1,400,50,bootstrap,0
s6-final-inproc,base,6,reg,reg|fast-balanced-panel|panel,1,400,50,aggregation,0
s6-final-inproc,base,6,reg,reg|fast-balanced-panel|panel,1,400,50,unprofiled,.5059999999999997
s6-final-inproc,base,6,reg,reg|fast-balanced-panel|panel,1,400,50,total,1.08
s6-final-inproc,base,6,dr_rc,dr|fast-repeated-cross-section|repeated-cross-section,2,400,50,setup,.2520000000000001
s6-final-inproc,base,6,dr_rc,dr|fast-repeated-cross-section|repeated-cross-section,2,400,50,cell_extract,.0990000000000001
s6-final-inproc,base,6,dr_rc,dr|fast-repeated-cross-section|repeated-cross-section,2,400,50,model_fit,2.975000000000001
s6-final-inproc,base,6,dr_rc,dr|fast-repeated-cross-section|repeated-cross-section,2,400,50,if_assembly,.2120000000000001
s6-final-inproc,base,6,dr_rc,dr|fast-repeated-cross-section|repeated-cross-section,2,400,50,cache_post,.003
s6-final-inproc,base,6,dr_rc,dr|fast-repeated-cross-section|repeated-cross-section,2,400,50,cluster,0
s6-final-inproc,base,6,dr_rc,dr|fast-repeated-cross-section|repeated-cross-section,2,400,50,bootstrap,0
s6-final-inproc,base,6,dr_rc,dr|fast-repeated-cross-section|repeated-cross-section,2,400,50,aggregation,0
s6-final-inproc,base,6,dr_rc,dr|fast-repeated-cross-section|repeated-cross-section,2,400,50,unprofiled,.6700000000000013
s6-final-inproc,base,6,dr_rc,dr|fast-repeated-cross-section|repeated-cross-section,2,400,50,total,4.211000000000002
s6-final-inproc,base,6,dr,dr|fast-balanced-panel|panel,3,400,50,setup,.1230000000000001
s6-final-inproc,base,6,dr,dr|fast-balanced-panel|panel,3,400,50,cell_extract,0
s6-final-inproc,base,6,dr,dr|fast-balanced-panel|panel,3,400,50,model_fit,1.379
s6-final-inproc,base,6,dr,dr|fast-balanced-panel|panel,3,400,50,if_assembly,.065
s6-final-inproc,base,6,dr,dr|fast-balanced-panel|panel,3,400,50,cache_post,.002
s6-final-inproc,base,6,dr,dr|fast-balanced-panel|panel,3,400,50,cluster,0
s6-final-inproc,base,6,dr,dr|fast-balanced-panel|panel,3,400,50,bootstrap,0
s6-final-inproc,base,6,dr,dr|fast-balanced-panel|panel,3,400,50,aggregation,0
s6-final-inproc,base,6,dr,dr|fast-balanced-panel|panel,3,400,50,unprofiled,.5590000000000002
s6-final-inproc,base,6,dr,dr|fast-balanced-panel|panel,3,400,50,total,2.128
s6-final-inproc,base,6,ipw,ipw|fast-balanced-panel|panel,4,400,50,setup,.1310000000000001
s6-final-inproc,base,6,ipw,ipw|fast-balanced-panel|panel,4,400,50,cell_extract,0
s6-final-inproc,base,6,ipw,ipw|fast-balanced-panel|panel,4,400,50,model_fit,.9920000000000008
s6-final-inproc,base,6,ipw,ipw|fast-balanced-panel|panel,4,400,50,if_assembly,.053
s6-final-inproc,base,6,ipw,ipw|fast-balanced-panel|panel,4,400,50,cache_post,.003
s6-final-inproc,base,6,ipw,ipw|fast-balanced-panel|panel,4,400,50,cluster,0
s6-final-inproc,base,6,ipw,ipw|fast-balanced-panel|panel,4,400,50,bootstrap,0
s6-final-inproc,base,6,ipw,ipw|fast-balanced-panel|panel,4,400,50,aggregation,0
s6-final-inproc,base,6,ipw,ipw|fast-balanced-panel|panel,4,400,50,unprofiled,.5629999999999991
s6-final-inproc,base,6,ipw,ipw|fast-balanced-panel|panel,4,400,50,total,1.742
