s6-inproc-dr,dr,0,dr,dr|fast-balanced-panel|panel,1,400,50,setup,.1300000000000001
s6-inproc-dr,dr,0,dr,dr|fast-balanced-panel|panel,1,400,50,cell_extract,0
s6-inproc-dr,dr,0,dr,dr|fast-balanced-panel|panel,1,400,50,model_fit,1.413
s6-inproc-dr,dr,0,dr,dr|fast-balanced-panel|panel,1,400,50,if_assembly,.056
s6-inproc-dr,dr,0,dr,dr|fast-balanced-panel|panel,1,400,50,cache_post,.002
s6-inproc-dr,dr,0,dr,dr|fast-balanced-panel|panel,1,400,50,cluster,0
s6-inproc-dr,dr,0,dr,dr|fast-balanced-panel|panel,1,400,50,bootstrap,0
s6-inproc-dr,dr,0,dr,dr|fast-balanced-panel|panel,1,400,50,aggregation,0
s6-inproc-dr,dr,0,dr,dr|fast-balanced-panel|panel,1,400,50,unprofiled,.5270000000000001
s6-inproc-dr,dr,0,dr,dr|fast-balanced-panel|panel,1,400,50,total,2.128
s6-inproc-dr,dr,0,ipw,ipw|fast-balanced-panel|panel,2,400,50,setup,.1330000000000001
s6-inproc-dr,dr,0,ipw,ipw|fast-balanced-panel|panel,2,400,50,cell_extract,0
s6-inproc-dr,dr,0,ipw,ipw|fast-balanced-panel|panel,2,400,50,model_fit,.9920000000000008
s6-inproc-dr,dr,0,ipw,ipw|fast-balanced-panel|panel,2,400,50,if_assembly,.062
s6-inproc-dr,dr,0,ipw,ipw|fast-balanced-panel|panel,2,400,50,cache_post,.001
s6-inproc-dr,dr,0,ipw,ipw|fast-balanced-panel|panel,2,400,50,cluster,0
s6-inproc-dr,dr,0,ipw,ipw|fast-balanced-panel|panel,2,400,50,bootstrap,0
s6-inproc-dr,dr,0,ipw,ipw|fast-balanced-panel|panel,2,400,50,aggregation,0
s6-inproc-dr,dr,0,ipw,ipw|fast-balanced-panel|panel,2,400,50,unprofiled,.5049999999999999
s6-inproc-dr,dr,0,ipw,ipw|fast-balanced-panel|panel,2,400,50,total,1.693000000000001
s6-inproc-dr,dr,0,reg,reg|fast-balanced-panel|panel,3,400,50,setup,.1230000000000001
s6-inproc-dr,dr,0,reg,reg|fast-balanced-panel|panel,3,400,50,cell_extract,0
s6-inproc-dr,dr,0,reg,reg|fast-balanced-panel|panel,3,400,50,model_fit,.3830000000000003
s6-inproc-dr,dr,0,reg,reg|fast-balanced-panel|panel,3,400,50,if_assembly,.067
s6-inproc-dr,dr,0,reg,reg|fast-balanced-panel|panel,3,400,50,cache_post,.002
s6-inproc-dr,dr,0,reg,reg|fast-balanced-panel|panel,3,400,50,cluster,0
s6-inproc-dr,dr,0,reg,reg|fast-balanced-panel|panel,3,400,50,bootstrap,0
s6-inproc-dr,dr,0,reg,reg|fast-balanced-panel|panel,3,400,50,aggregation,0
s6-inproc-dr,dr,0,reg,reg|fast-balanced-panel|panel,3,400,50,unprofiled,.5039999999999996
s6-inproc-dr,dr,0,reg,reg|fast-balanced-panel|panel,3,400,50,total,1.079
s6-inproc-dr,dr,0,dr_rc,dr|fast-repeated-cross-section|repeated-cross-section,4,400,50,setup,.2480000000000001
s6-inproc-dr,dr,0,dr_rc,dr|fast-repeated-cross-section|repeated-cross-section,4,400,50,cell_extract,.038
s6-inproc-dr,dr,0,dr_rc,dr|fast-repeated-cross-section|repeated-cross-section,4,400,50,model_fit,2.921000000000001
s6-inproc-dr,dr,0,dr_rc,dr|fast-repeated-cross-section|repeated-cross-section,4,400,50,if_assembly,.2170000000000001
s6-inproc-dr,dr,0,dr_rc,dr|fast-repeated-cross-section|repeated-cross-section,4,400,50,cache_post,.003
s6-inproc-dr,dr,0,dr_rc,dr|fast-repeated-cross-section|repeated-cross-section,4,400,50,cluster,0
s6-inproc-dr,dr,0,dr_rc,dr|fast-repeated-cross-section|repeated-cross-section,4,400,50,bootstrap,0
s6-inproc-dr,dr,0,dr_rc,dr|fast-repeated-cross-section|repeated-cross-section,4,400,50,aggregation,0
s6-inproc-dr,dr,0,dr_rc,dr|fast-repeated-cross-section|repeated-cross-section,4,400,50,unprofiled,.6869999999999981
s6-inproc-dr,dr,0,dr_rc,dr|fast-repeated-cross-section|repeated-cross-section,4,400,50,total,4.113999999999999
s6-inproc-dr,head,0,dr,dr|fast-balanced-panel|panel,1,400,50,setup,.1260000000000001
s6-inproc-dr,head,0,dr,dr|fast-balanced-panel|panel,1,400,50,cell_extract,0
s6-inproc-dr,head,0,dr,dr|fast-balanced-panel|panel,1,400,50,model_fit,1.394
s6-inproc-dr,head,0,dr,dr|fast-balanced-panel|panel,1,400,50,if_assembly,.057
s6-inproc-dr,head,0,dr,dr|fast-balanced-panel|panel,1,400,50,cache_post,.002
s6-inproc-dr,head,0,dr,dr|fast-balanced-panel|panel,1,400,50,cluster,0
s6-inproc-dr,head,0,dr,dr|fast-balanced-panel|panel,1,400,50,bootstrap,0
s6-inproc-dr,head,0,dr,dr|fast-balanced-panel|panel,1,400,50,aggregation,0
s6-inproc-dr,head,0,dr,dr|fast-balanced-panel|panel,1,400,50,unprofiled,.4890000000000001
s6-inproc-dr,head,0,dr,dr|fast-balanced-panel|panel,1,400,50,total,2.068
s6-inproc-dr,head,0,ipw,ipw|fast-balanced-panel|panel,2,400,50,setup,.1290000000000001
s6-inproc-dr,head,0,ipw,ipw|fast-balanced-panel|panel,2,400,50,cell_extract,0
s6-inproc-dr,head,0,ipw,ipw|fast-balanced-panel|panel,2,400,50,model_fit,1.012000000000001
s6-inproc-dr,head,0,ipw,ipw|fast-balanced-panel|panel,2,400,50,if_assembly,.044
s6-inproc-dr,head,0,ipw,ipw|fast-balanced-panel|panel,2,400,50,cache_post,.001
s6-inproc-dr,head,0,ipw,ipw|fast-balanced-panel|panel,2,400,50,cluster,0
s6-inproc-dr,head,0,ipw,ipw|fast-balanced-panel|panel,2,400,50,bootstrap,0
s6-inproc-dr,head,0,ipw,ipw|fast-balanced-panel|panel,2,400,50,aggregation,0
s6-inproc-dr,head,0,ipw,ipw|fast-balanced-panel|panel,2,400,50,unprofiled,.512999999999999
s6-inproc-dr,head,0,ipw,ipw|fast-balanced-panel|panel,2,400,50,total,1.699
s6-inproc-dr,head,0,reg,reg|fast-balanced-panel|panel,3,400,50,setup,.1260000000000001
s6-inproc-dr,head,0,reg,reg|fast-balanced-panel|panel,3,400,50,cell_extract,0
s6-inproc-dr,head,0,reg,reg|fast-balanced-panel|panel,3,400,50,model_fit,.3920000000000003
s6-inproc-dr,head,0,reg,reg|fast-balanced-panel|panel,3,400,50,if_assembly,.051
s6-inproc-dr,head,0,reg,reg|fast-balanced-panel|panel,3,400,50,cache_post,0
s6-inproc-dr,head,0,reg,reg|fast-balanced-panel|panel,3,400,50,cluster,0
s6-inproc-dr,head,0,reg,reg|fast-balanced-panel|panel,3,400,50,bootstrap,0
s6-inproc-dr,head,0,reg,reg|fast-balanced-panel|panel,3,400,50,aggregation,0
s6-inproc-dr,head,0,reg,reg|fast-balanced-panel|panel,3,400,50,unprofiled,.4969999999999996
s6-inproc-dr,head,0,reg,reg|fast-balanced-panel|panel,3,400,50,total,1.066
s6-inproc-dr,head,0,dr_rc,dr|fast-repeated-cross-section|repeated-cross-section,4,400,50,setup,.2460000000000001
s6-inproc-dr,head,0,dr_rc,dr|fast-repeated-cross-section|repeated-cross-section,4,400,50,cell_extract,.044
s6-inproc-dr,head,0,dr_rc,dr|fast-repeated-cross-section|repeated-cross-section,4,400,50,model_fit,2.926000000000001
s6-inproc-dr,head,0,dr_rc,dr|fast-repeated-cross-section|repeated-cross-section,4,400,50,if_assembly,.2260000000000001
s6-inproc-dr,head,0,dr_rc,dr|fast-repeated-cross-section|repeated-cross-section,4,400,50,cache_post,.01
s6-inproc-dr,head,0,dr_rc,dr|fast-repeated-cross-section|repeated-cross-section,4,400,50,cluster,0
s6-inproc-dr,head,0,dr_rc,dr|fast-repeated-cross-section|repeated-cross-section,4,400,50,bootstrap,0
s6-inproc-dr,head,0,dr_rc,dr|fast-repeated-cross-section|repeated-cross-section,4,400,50,aggregation,0
s6-inproc-dr,head,0,dr_rc,dr|fast-repeated-cross-section|repeated-cross-section,4,400,50,unprofiled,.6619999999999973
s6-inproc-dr,head,0,dr_rc,dr|fast-repeated-cross-section|repeated-cross-section,4,400,50,total,4.113999999999998
s6-inproc-dr,dr,1,reg,reg|fast-balanced-panel|panel,1,400,50,setup,.1230000000000001
s6-inproc-dr,dr,1,reg,reg|fast-balanced-panel|panel,1,400,50,cell_extract,0
s6-inproc-dr,dr,1,reg,reg|fast-balanced-panel|panel,1,400,50,model_fit,.3740000000000003
s6-inproc-dr,dr,1,reg,reg|fast-balanced-panel|panel,1,400,50,if_assembly,.056
s6-inproc-dr,dr,1,reg,reg|fast-balanced-panel|panel,1,400,50,cache_post,.001
s6-inproc-dr,dr,1,reg,reg|fast-balanced-panel|panel,1,400,50,cluster,0
s6-inproc-dr,dr,1,reg,reg|fast-balanced-panel|panel,1,400,50,bootstrap,0
s6-inproc-dr,dr,1,reg,reg|fast-balanced-panel|panel,1,400,50,aggregation,0
s6-inproc-dr,dr,1,reg,reg|fast-balanced-panel|panel,1,400,50,unprofiled,.5059999999999997
s6-inproc-dr,dr,1,reg,reg|fast-balanced-panel|panel,1,400,50,total,1.06
s6-inproc-dr,dr,1,ipw,ipw|fast-balanced-panel|panel,2,400,50,setup,.1280000000000001
s6-inproc-dr,dr,1,ipw,ipw|fast-balanced-panel|panel,2,400,50,cell_extract,0
s6-inproc-dr,dr,1,ipw,ipw|fast-balanced-panel|panel,2,400,50,model_fit,.9850000000000008
s6-inproc-dr,dr,1,ipw,ipw|fast-balanced-panel|panel,2,400,50,if_assembly,.058
s6-inproc-dr,dr,1,ipw,ipw|fast-balanced-panel|panel,2,400,50,cache_post,.002
s6-inproc-dr,dr,1,ipw,ipw|fast-balanced-panel|panel,2,400,50,cluster,0
s6-inproc-dr,dr,1,ipw,ipw|fast-balanced-panel|panel,2,400,50,bootstrap,0
s6-inproc-dr,dr,1,ipw,ipw|fast-balanced-panel|panel,2,400,50,aggregation,0
s6-inproc-dr,dr,1,ipw,ipw|fast-balanced-panel|panel,2,400,50,unprofiled,.5099999999999991
s6-inproc-dr,dr,1,ipw,ipw|fast-balanced-panel|panel,2,400,50,total,1.683
s6-inproc-dr,dr,1,dr,dr|fast-balanced-panel|panel,3,400,50,setup,.1250000000000001
s6-inproc-dr,dr,1,dr,dr|fast-balanced-panel|panel,3,400,50,cell_extract,0
s6-inproc-dr,dr,1,dr,dr|fast-balanced-panel|panel,3,400,50,model_fit,1.397000000000001
s6-inproc-dr,dr,1,dr,dr|fast-balanced-panel|panel,3,400,50,if_assembly,.053
s6-inproc-dr,dr,1,dr,dr|fast-balanced-panel|panel,3,400,50,cache_post,.002
s6-inproc-dr,dr,1,dr,dr|fast-balanced-panel|panel,3,400,50,cluster,0
s6-inproc-dr,dr,1,dr,dr|fast-balanced-panel|panel,3,400,50,bootstrap,0
s6-inproc-dr,dr,1,dr,dr|fast-balanced-panel|panel,3,400,50,aggregation,0
s6-inproc-dr,dr,1,dr,dr|fast-balanced-panel|panel,3,400,50,unprofiled,.4999999999999989
s6-inproc-dr,dr,1,dr,dr|fast-balanced-panel|panel,3,400,50,total,2.077
s6-inproc-dr,dr,1,dr_rc,dr|fast-repeated-cross-section|repeated-cross-section,4,400,50,setup,.2430000000000002
s6-inproc-dr,dr,1,dr_rc,dr|fast-repeated-cross-section|repeated-cross-section,4,400,50,cell_extract,.04
s6-inproc-dr,dr,1,dr_rc,dr|fast-repeated-cross-section|repeated-cross-section,4,400,50,model_fit,2.888
s6-inproc-dr,dr,1,dr_rc,dr|fast-repeated-cross-section|repeated-cross-section,4,400,50,if_assembly,.2190000000000001
s6-inproc-dr,dr,1,dr_rc,dr|fast-repeated-cross-section|repeated-cross-section,4,400,50,cache_post,.006
s6-inproc-dr,dr,1,dr_rc,dr|fast-repeated-cross-section|repeated-cross-section,4,400,50,cluster,0
s6-inproc-dr,dr,1,dr_rc,dr|fast-repeated-cross-section|repeated-cross-section,4,400,50,bootstrap,0
s6-inproc-dr,dr,1,dr_rc,dr|fast-repeated-cross-section|repeated-cross-section,4,400,50,aggregation,0
s6-inproc-dr,dr,1,dr_rc,dr|fast-repeated-cross-section|repeated-cross-section,4,400,50,unprofiled,.6799999999999979
s6-inproc-dr,dr,1,dr_rc,dr|fast-repeated-cross-section|repeated-cross-section,4,400,50,total,4.075999999999998
s6-inproc-dr,head,1,reg,reg|fast-balanced-panel|panel,1,400,50,setup,.1220000000000001
s6-inproc-dr,head,1,reg,reg|fast-balanced-panel|panel,1,400,50,cell_extract,0
s6-inproc-dr,head,1,reg,reg|fast-balanced-panel|panel,1,400,50,model_fit,.3810000000000003
s6-inproc-dr,head,1,reg,reg|fast-balanced-panel|panel,1,400,50,if_assembly,.055
s6-inproc-dr,head,1,reg,reg|fast-balanced-panel|panel,1,400,50,cache_post,.003
s6-inproc-dr,head,1,reg,reg|fast-balanced-panel|panel,1,400,50,cluster,0
s6-inproc-dr,head,1,reg,reg|fast-balanced-panel|panel,1,400,50,bootstrap,0
s6-inproc-dr,head,1,reg,reg|fast-balanced-panel|panel,1,400,50,aggregation,0
s6-inproc-dr,head,1,reg,reg|fast-balanced-panel|panel,1,400,50,unprofiled,.5029999999999997
s6-inproc-dr,head,1,reg,reg|fast-balanced-panel|panel,1,400,50,total,1.064
s6-inproc-dr,head,1,ipw,ipw|fast-balanced-panel|panel,2,400,50,setup,.1270000000000001
s6-inproc-dr,head,1,ipw,ipw|fast-balanced-panel|panel,2,400,50,cell_extract,0
s6-inproc-dr,head,1,ipw,ipw|fast-balanced-panel|panel,2,400,50,model_fit,.9920000000000008
s6-inproc-dr,head,1,ipw,ipw|fast-balanced-panel|panel,2,400,50,if_assembly,.055
s6-inproc-dr,head,1,ipw,ipw|fast-balanced-panel|panel,2,400,50,cache_post,.004
s6-inproc-dr,head,1,ipw,ipw|fast-balanced-panel|panel,2,400,50,cluster,0
s6-inproc-dr,head,1,ipw,ipw|fast-balanced-panel|panel,2,400,50,bootstrap,0
s6-inproc-dr,head,1,ipw,ipw|fast-balanced-panel|panel,2,400,50,aggregation,0
s6-inproc-dr,head,1,ipw,ipw|fast-balanced-panel|panel,2,400,50,unprofiled,.508999999999999
s6-inproc-dr,head,1,ipw,ipw|fast-balanced-panel|panel,2,400,50,total,1.687
s6-inproc-dr,head,1,dr,dr|fast-balanced-panel|panel,3,400,50,setup,.1250000000000001
s6-inproc-dr,head,1,dr,dr|fast-balanced-panel|panel,3,400,50,cell_extract,0
s6-inproc-dr,head,1,dr,dr|fast-balanced-panel|panel,3,400,50,model_fit,1.384
s6-inproc-dr,head,1,dr,dr|fast-balanced-panel|panel,3,400,50,if_assembly,.054
s6-inproc-dr,head,1,dr,dr|fast-balanced-panel|panel,3,400,50,cache_post,.003
s6-inproc-dr,head,1,dr,dr|fast-balanced-panel|panel,3,400,50,cluster,0
s6-inproc-dr,head,1,dr,dr|fast-balanced-panel|panel,3,400,50,bootstrap,0
s6-inproc-dr,head,1,dr,dr|fast-balanced-panel|panel,3,400,50,aggregation,0
s6-inproc-dr,head,1,dr,dr|fast-balanced-panel|panel,3,400,50,unprofiled,.5170000000000001
s6-inproc-dr,head,1,dr,dr|fast-balanced-panel|panel,3,400,50,total,2.083
s6-inproc-dr,head,1,dr_rc,dr|fast-repeated-cross-section|repeated-cross-section,4,400,50,setup,.2420000000000001
s6-inproc-dr,head,1,dr_rc,dr|fast-repeated-cross-section|repeated-cross-section,4,400,50,cell_extract,.043
s6-inproc-dr,head,1,dr_rc,dr|fast-repeated-cross-section|repeated-cross-section,4,400,50,model_fit,2.926000000000001
s6-inproc-dr,head,1,dr_rc,dr|fast-repeated-cross-section|repeated-cross-section,4,400,50,if_assembly,.2230000000000001
s6-inproc-dr,head,1,dr_rc,dr|fast-repeated-cross-section|repeated-cross-section,4,400,50,cache_post,.006
s6-inproc-dr,head,1,dr_rc,dr|fast-repeated-cross-section|repeated-cross-section,4,400,50,cluster,0
s6-inproc-dr,head,1,dr_rc,dr|fast-repeated-cross-section|repeated-cross-section,4,400,50,bootstrap,0
s6-inproc-dr,head,1,dr_rc,dr|fast-repeated-cross-section|repeated-cross-section,4,400,50,aggregation,0
s6-inproc-dr,head,1,dr_rc,dr|fast-repeated-cross-section|repeated-cross-section,4,400,50,unprofiled,.665999999999999
s6-inproc-dr,head,1,dr_rc,dr|fast-repeated-cross-section|repeated-cross-section,4,400,50,total,4.106
s6-inproc-dr,dr,2,reg,reg|fast-balanced-panel|panel,1,400,50,setup,.1260000000000001
s6-inproc-dr,dr,2,reg,reg|fast-balanced-panel|panel,1,400,50,cell_extract,0
s6-inproc-dr,dr,2,reg,reg|fast-balanced-panel|panel,1,400,50,model_fit,.3700000000000003
s6-inproc-dr,dr,2,reg,reg|fast-balanced-panel|panel,1,400,50,if_assembly,.071
s6-inproc-dr,dr,2,reg,reg|fast-balanced-panel|panel,1,400,50,cache_post,.003
s6-inproc-dr,dr,2,reg,reg|fast-balanced-panel|panel,1,400,50,cluster,0
s6-inproc-dr,dr,2,reg,reg|fast-balanced-panel|panel,1,400,50,bootstrap,0
s6-inproc-dr,dr,2,reg,reg|fast-balanced-panel|panel,1,400,50,aggregation,0
s6-inproc-dr,dr,2,reg,reg|fast-balanced-panel|panel,1,400,50,unprofiled,.5009999999999996
s6-inproc-dr,dr,2,reg,reg|fast-balanced-panel|panel,1,400,50,total,1.071
s6-inproc-dr,dr,2,dr_rc,dr|fast-repeated-cross-section|repeated-cross-section,2,400,50,setup,.2460000000000002
s6-inproc-dr,dr,2,dr_rc,dr|fast-repeated-cross-section|repeated-cross-section,2,400,50,cell_extract,.037
s6-inproc-dr,dr,2,dr_rc,dr|fast-repeated-cross-section|repeated-cross-section,2,400,50,model_fit,2.937000000000001
s6-inproc-dr,dr,2,dr_rc,dr|fast-repeated-cross-section|repeated-cross-section,2,400,50,if_assembly,.2180000000000001
s6-inproc-dr,dr,2,dr_rc,dr|fast-repeated-cross-section|repeated-cross-section,2,400,50,cache_post,.002
s6-inproc-dr,dr,2,dr_rc,dr|fast-repeated-cross-section|repeated-cross-section,2,400,50,cluster,0
s6-inproc-dr,dr,2,dr_rc,dr|fast-repeated-cross-section|repeated-cross-section,2,400,50,bootstrap,0
s6-inproc-dr,dr,2,dr_rc,dr|fast-repeated-cross-section|repeated-cross-section,2,400,50,aggregation,0
s6-inproc-dr,dr,2,dr_rc,dr|fast-repeated-cross-section|repeated-cross-section,2,400,50,unprofiled,.6729999999999965
s6-inproc-dr,dr,2,dr_rc,dr|fast-repeated-cross-section|repeated-cross-section,2,400,50,total,4.112999999999999
s6-inproc-dr,dr,2,dr,dr|fast-balanced-panel|panel,3,400,50,setup,.1350000000000001
s6-inproc-dr,dr,2,dr,dr|fast-balanced-panel|panel,3,400,50,cell_extract,0
s6-inproc-dr,dr,2,dr,dr|fast-balanced-panel|panel,3,400,50,model_fit,1.396
s6-inproc-dr,dr,2,dr,dr|fast-balanced-panel|panel,3,400,50,if_assembly,.054
s6-inproc-dr,dr,2,dr,dr|fast-balanced-panel|panel,3,400,50,cache_post,.002
s6-inproc-dr,dr,2,dr,dr|fast-balanced-panel|panel,3,400,50,cluster,0
s6-inproc-dr,dr,2,dr,dr|fast-balanced-panel|panel,3,400,50,bootstrap,0
s6-inproc-dr,dr,2,dr,dr|fast-balanced-panel|panel,3,400,50,aggregation,0
s6-inproc-dr,dr,2,dr,dr|fast-balanced-panel|panel,3,400,50,unprofiled,.5429999999999999
s6-inproc-dr,dr,2,dr,dr|fast-balanced-panel|panel,3,400,50,total,2.13
s6-inproc-dr,dr,2,ipw,ipw|fast-balanced-panel|panel,4,400,50,setup,.1370000000000001
s6-inproc-dr,dr,2,ipw,ipw|fast-balanced-panel|panel,4,400,50,cell_extract,0
s6-inproc-dr,dr,2,ipw,ipw|fast-balanced-panel|panel,4,400,50,model_fit,.9900000000000008
s6-inproc-dr,dr,2,ipw,ipw|fast-balanced-panel|panel,4,400,50,if_assembly,.07
s6-inproc-dr,dr,2,ipw,ipw|fast-balanced-panel|panel,4,400,50,cache_post,.001
s6-inproc-dr,dr,2,ipw,ipw|fast-balanced-panel|panel,4,400,50,cluster,0
s6-inproc-dr,dr,2,ipw,ipw|fast-balanced-panel|panel,4,400,50,bootstrap,0
s6-inproc-dr,dr,2,ipw,ipw|fast-balanced-panel|panel,4,400,50,aggregation,0
s6-inproc-dr,dr,2,ipw,ipw|fast-balanced-panel|panel,4,400,50,unprofiled,.542999999999999
s6-inproc-dr,dr,2,ipw,ipw|fast-balanced-panel|panel,4,400,50,total,1.741
s6-inproc-dr,head,2,reg,reg|fast-balanced-panel|panel,1,400,50,setup,.1240000000000001
s6-inproc-dr,head,2,reg,reg|fast-balanced-panel|panel,1,400,50,cell_extract,0
s6-inproc-dr,head,2,reg,reg|fast-balanced-panel|panel,1,400,50,model_fit,.3580000000000003
s6-inproc-dr,head,2,reg,reg|fast-balanced-panel|panel,1,400,50,if_assembly,.06
s6-inproc-dr,head,2,reg,reg|fast-balanced-panel|panel,1,400,50,cache_post,.003
s6-inproc-dr,head,2,reg,reg|fast-balanced-panel|panel,1,400,50,cluster,0
s6-inproc-dr,head,2,reg,reg|fast-balanced-panel|panel,1,400,50,bootstrap,0
s6-inproc-dr,head,2,reg,reg|fast-balanced-panel|panel,1,400,50,aggregation,0
s6-inproc-dr,head,2,reg,reg|fast-balanced-panel|panel,1,400,50,unprofiled,.5189999999999997
s6-inproc-dr,head,2,reg,reg|fast-balanced-panel|panel,1,400,50,total,1.064
s6-inproc-dr,head,2,dr_rc,dr|fast-repeated-cross-section|repeated-cross-section,2,400,50,setup,.2450000000000001
s6-inproc-dr,head,2,dr_rc,dr|fast-repeated-cross-section|repeated-cross-section,2,400,50,cell_extract,.041
s6-inproc-dr,head,2,dr_rc,dr|fast-repeated-cross-section|repeated-cross-section,2,400,50,model_fit,2.92
s6-inproc-dr,head,2,dr_rc,dr|fast-repeated-cross-section|repeated-cross-section,2,400,50,if_assembly,.2050000000000001
s6-inproc-dr,head,2,dr_rc,dr|fast-repeated-cross-section|repeated-cross-section,2,400,50,cache_post,.006
s6-inproc-dr,head,2,dr_rc,dr|fast-repeated-cross-section|repeated-cross-section,2,400,50,cluster,0
s6-inproc-dr,head,2,dr_rc,dr|fast-repeated-cross-section|repeated-cross-section,2,400,50,bootstrap,0
s6-inproc-dr,head,2,dr_rc,dr|fast-repeated-cross-section|repeated-cross-section,2,400,50,aggregation,0
s6-inproc-dr,head,2,dr_rc,dr|fast-repeated-cross-section|repeated-cross-section,2,400,50,unprofiled,.6820000000000004
s6-inproc-dr,head,2,dr_rc,dr|fast-repeated-cross-section|repeated-cross-section,2,400,50,total,4.099
s6-inproc-dr,head,2,dr,dr|fast-balanced-panel|panel,3,400,50,setup,.1350000000000001
s6-inproc-dr,head,2,dr,dr|fast-balanced-panel|panel,3,400,50,cell_extract,0
s6-inproc-dr,head,2,dr,dr|fast-balanced-panel|panel,3,400,50,model_fit,1.386
s6-inproc-dr,head,2,dr,dr|fast-balanced-panel|panel,3,400,50,if_assembly,.069
s6-inproc-dr,head,2,dr,dr|fast-balanced-panel|panel,3,400,50,cache_post,.002
s6-inproc-dr,head,2,dr,dr|fast-balanced-panel|panel,3,400,50,cluster,0
s6-inproc-dr,head,2,dr,dr|fast-balanced-panel|panel,3,400,50,bootstrap,0
s6-inproc-dr,head,2,dr,dr|fast-balanced-panel|panel,3,400,50,aggregation,0
s6-inproc-dr,head,2,dr,dr|fast-balanced-panel|panel,3,400,50,unprofiled,.54
s6-inproc-dr,head,2,dr,dr|fast-balanced-panel|panel,3,400,50,total,2.132
s6-inproc-dr,head,2,ipw,ipw|fast-balanced-panel|panel,4,400,50,setup,.1330000000000001
s6-inproc-dr,head,2,ipw,ipw|fast-balanced-panel|panel,4,400,50,cell_extract,0
s6-inproc-dr,head,2,ipw,ipw|fast-balanced-panel|panel,4,400,50,model_fit,1.003000000000001
s6-inproc-dr,head,2,ipw,ipw|fast-balanced-panel|panel,4,400,50,if_assembly,.055
s6-inproc-dr,head,2,ipw,ipw|fast-balanced-panel|panel,4,400,50,cache_post,.004
s6-inproc-dr,head,2,ipw,ipw|fast-balanced-panel|panel,4,400,50,cluster,0
s6-inproc-dr,head,2,ipw,ipw|fast-balanced-panel|panel,4,400,50,bootstrap,0
s6-inproc-dr,head,2,ipw,ipw|fast-balanced-panel|panel,4,400,50,aggregation,0
s6-inproc-dr,head,2,ipw,ipw|fast-balanced-panel|panel,4,400,50,unprofiled,.5379999999999991
s6-inproc-dr,head,2,ipw,ipw|fast-balanced-panel|panel,4,400,50,total,1.733
s6-inproc-dr,dr,3,dr,dr|fast-balanced-panel|panel,1,400,50,setup,.1220000000000001
s6-inproc-dr,dr,3,dr,dr|fast-balanced-panel|panel,1,400,50,cell_extract,0
s6-inproc-dr,dr,3,dr,dr|fast-balanced-panel|panel,1,400,50,model_fit,1.385
s6-inproc-dr,dr,3,dr,dr|fast-balanced-panel|panel,1,400,50,if_assembly,.052
s6-inproc-dr,dr,3,dr,dr|fast-balanced-panel|panel,1,400,50,cache_post,.003
s6-inproc-dr,dr,3,dr,dr|fast-balanced-panel|panel,1,400,50,cluster,0
s6-inproc-dr,dr,3,dr,dr|fast-balanced-panel|panel,1,400,50,bootstrap,0
s6-inproc-dr,dr,3,dr,dr|fast-balanced-panel|panel,1,400,50,aggregation,0
s6-inproc-dr,dr,3,dr,dr|fast-balanced-panel|panel,1,400,50,unprofiled,.5130000000000001
s6-inproc-dr,dr,3,dr,dr|fast-balanced-panel|panel,1,400,50,total,2.075
s6-inproc-dr,dr,3,dr_rc,dr|fast-repeated-cross-section|repeated-cross-section,2,400,50,setup,.2430000000000001
s6-inproc-dr,dr,3,dr_rc,dr|fast-repeated-cross-section|repeated-cross-section,2,400,50,cell_extract,.039
s6-inproc-dr,dr,3,dr_rc,dr|fast-repeated-cross-section|repeated-cross-section,2,400,50,model_fit,2.880000000000002
s6-inproc-dr,dr,3,dr_rc,dr|fast-repeated-cross-section|repeated-cross-section,2,400,50,if_assembly,.2220000000000001
s6-inproc-dr,dr,3,dr_rc,dr|fast-repeated-cross-section|repeated-cross-section,2,400,50,cache_post,.005
s6-inproc-dr,dr,3,dr_rc,dr|fast-repeated-cross-section|repeated-cross-section,2,400,50,cluster,0
s6-inproc-dr,dr,3,dr_rc,dr|fast-repeated-cross-section|repeated-cross-section,2,400,50,bootstrap,0
s6-inproc-dr,dr,3,dr_rc,dr|fast-repeated-cross-section|repeated-cross-section,2,400,50,aggregation,0
s6-inproc-dr,dr,3,dr_rc,dr|fast-repeated-cross-section|repeated-cross-section,2,400,50,unprofiled,.6909999999999963
s6-inproc-dr,dr,3,dr_rc,dr|fast-repeated-cross-section|repeated-cross-section,2,400,50,total,4.079999999999998
s6-inproc-dr,dr,3,reg,reg|fast-balanced-panel|panel,3,400,50,setup,.1310000000000001
s6-inproc-dr,dr,3,reg,reg|fast-balanced-panel|panel,3,400,50,cell_extract,0
s6-inproc-dr,dr,3,reg,reg|fast-balanced-panel|panel,3,400,50,model_fit,.3840000000000003
s6-inproc-dr,dr,3,reg,reg|fast-balanced-panel|panel,3,400,50,if_assembly,.058
s6-inproc-dr,dr,3,reg,reg|fast-balanced-panel|panel,3,400,50,cache_post,.003
s6-inproc-dr,dr,3,reg,reg|fast-balanced-panel|panel,3,400,50,cluster,0
s6-inproc-dr,dr,3,reg,reg|fast-balanced-panel|panel,3,400,50,bootstrap,0
s6-inproc-dr,dr,3,reg,reg|fast-balanced-panel|panel,3,400,50,aggregation,0
s6-inproc-dr,dr,3,reg,reg|fast-balanced-panel|panel,3,400,50,unprofiled,.5409999999999996
s6-inproc-dr,dr,3,reg,reg|fast-balanced-panel|panel,3,400,50,total,1.117
s6-inproc-dr,dr,3,ipw,ipw|fast-balanced-panel|panel,4,400,50,setup,.1310000000000001
s6-inproc-dr,dr,3,ipw,ipw|fast-balanced-panel|panel,4,400,50,cell_extract,0
s6-inproc-dr,dr,3,ipw,ipw|fast-balanced-panel|panel,4,400,50,model_fit,1.009000000000001
s6-inproc-dr,dr,3,ipw,ipw|fast-balanced-panel|panel,4,400,50,if_assembly,.051
s6-inproc-dr,dr,3,ipw,ipw|fast-balanced-panel|panel,4,400,50,cache_post,.001
s6-inproc-dr,dr,3,ipw,ipw|fast-balanced-panel|panel,4,400,50,cluster,0
s6-inproc-dr,dr,3,ipw,ipw|fast-balanced-panel|panel,4,400,50,bootstrap,0
s6-inproc-dr,dr,3,ipw,ipw|fast-balanced-panel|panel,4,400,50,aggregation,0
s6-inproc-dr,dr,3,ipw,ipw|fast-balanced-panel|panel,4,400,50,unprofiled,.5399999999999989
s6-inproc-dr,dr,3,ipw,ipw|fast-balanced-panel|panel,4,400,50,total,1.732
s6-inproc-dr,head,3,dr,dr|fast-balanced-panel|panel,1,400,50,setup,.1310000000000001
s6-inproc-dr,head,3,dr,dr|fast-balanced-panel|panel,1,400,50,cell_extract,0
s6-inproc-dr,head,3,dr,dr|fast-balanced-panel|panel,1,400,50,model_fit,1.402
s6-inproc-dr,head,3,dr,dr|fast-balanced-panel|panel,1,400,50,if_assembly,.05
s6-inproc-dr,head,3,dr,dr|fast-balanced-panel|panel,1,400,50,cache_post,.003
s6-inproc-dr,head,3,dr,dr|fast-balanced-panel|panel,1,400,50,cluster,0
s6-inproc-dr,head,3,dr,dr|fast-balanced-panel|panel,1,400,50,bootstrap,0
s6-inproc-dr,head,3,dr,dr|fast-balanced-panel|panel,1,400,50,aggregation,0
s6-inproc-dr,head,3,dr,dr|fast-balanced-panel|panel,1,400,50,unprofiled,.4999999999999998
s6-inproc-dr,head,3,dr,dr|fast-balanced-panel|panel,1,400,50,total,2.086
s6-inproc-dr,head,3,dr_rc,dr|fast-repeated-cross-section|repeated-cross-section,2,400,50,setup,.2490000000000002
s6-inproc-dr,head,3,dr_rc,dr|fast-repeated-cross-section|repeated-cross-section,2,400,50,cell_extract,.036
s6-inproc-dr,head,3,dr_rc,dr|fast-repeated-cross-section|repeated-cross-section,2,400,50,model_fit,2.924999999999999
s6-inproc-dr,head,3,dr_rc,dr|fast-repeated-cross-section|repeated-cross-section,2,400,50,if_assembly,.2080000000000001
s6-inproc-dr,head,3,dr_rc,dr|fast-repeated-cross-section|repeated-cross-section,2,400,50,cache_post,.003
s6-inproc-dr,head,3,dr_rc,dr|fast-repeated-cross-section|repeated-cross-section,2,400,50,cluster,0
s6-inproc-dr,head,3,dr_rc,dr|fast-repeated-cross-section|repeated-cross-section,2,400,50,bootstrap,0
s6-inproc-dr,head,3,dr_rc,dr|fast-repeated-cross-section|repeated-cross-section,2,400,50,aggregation,0
s6-inproc-dr,head,3,dr_rc,dr|fast-repeated-cross-section|repeated-cross-section,2,400,50,unprofiled,.669
s6-inproc-dr,head,3,dr_rc,dr|fast-repeated-cross-section|repeated-cross-section,2,400,50,total,4.089999999999999
s6-inproc-dr,head,3,reg,reg|fast-balanced-panel|panel,3,400,50,setup,.1300000000000001
s6-inproc-dr,head,3,reg,reg|fast-balanced-panel|panel,3,400,50,cell_extract,0
s6-inproc-dr,head,3,reg,reg|fast-balanced-panel|panel,3,400,50,model_fit,.3720000000000003
s6-inproc-dr,head,3,reg,reg|fast-balanced-panel|panel,3,400,50,if_assembly,.077
s6-inproc-dr,head,3,reg,reg|fast-balanced-panel|panel,3,400,50,cache_post,.003
s6-inproc-dr,head,3,reg,reg|fast-balanced-panel|panel,3,400,50,cluster,0
s6-inproc-dr,head,3,reg,reg|fast-balanced-panel|panel,3,400,50,bootstrap,0
s6-inproc-dr,head,3,reg,reg|fast-balanced-panel|panel,3,400,50,aggregation,0
s6-inproc-dr,head,3,reg,reg|fast-balanced-panel|panel,3,400,50,unprofiled,.5349999999999997
s6-inproc-dr,head,3,reg,reg|fast-balanced-panel|panel,3,400,50,total,1.117
s6-inproc-dr,head,3,ipw,ipw|fast-balanced-panel|panel,4,400,50,setup,.1330000000000001
s6-inproc-dr,head,3,ipw,ipw|fast-balanced-panel|panel,4,400,50,cell_extract,0
s6-inproc-dr,head,3,ipw,ipw|fast-balanced-panel|panel,4,400,50,model_fit,1.013000000000001
s6-inproc-dr,head,3,ipw,ipw|fast-balanced-panel|panel,4,400,50,if_assembly,.049
s6-inproc-dr,head,3,ipw,ipw|fast-balanced-panel|panel,4,400,50,cache_post,.003
s6-inproc-dr,head,3,ipw,ipw|fast-balanced-panel|panel,4,400,50,cluster,0
s6-inproc-dr,head,3,ipw,ipw|fast-balanced-panel|panel,4,400,50,bootstrap,0
s6-inproc-dr,head,3,ipw,ipw|fast-balanced-panel|panel,4,400,50,aggregation,0
s6-inproc-dr,head,3,ipw,ipw|fast-balanced-panel|panel,4,400,50,unprofiled,.538999999999999
s6-inproc-dr,head,3,ipw,ipw|fast-balanced-panel|panel,4,400,50,total,1.737
s6-inproc-dr,dr,4,dr,dr|fast-balanced-panel|panel,1,400,50,setup,.1250000000000001
s6-inproc-dr,dr,4,dr,dr|fast-balanced-panel|panel,1,400,50,cell_extract,0
s6-inproc-dr,dr,4,dr,dr|fast-balanced-panel|panel,1,400,50,model_fit,1.387
s6-inproc-dr,dr,4,dr,dr|fast-balanced-panel|panel,1,400,50,if_assembly,.054
s6-inproc-dr,dr,4,dr,dr|fast-balanced-panel|panel,1,400,50,cache_post,.001
s6-inproc-dr,dr,4,dr,dr|fast-balanced-panel|panel,1,400,50,cluster,0
s6-inproc-dr,dr,4,dr,dr|fast-balanced-panel|panel,1,400,50,bootstrap,0
s6-inproc-dr,dr,4,dr,dr|fast-balanced-panel|panel,1,400,50,aggregation,0
s6-inproc-dr,dr,4,dr,dr|fast-balanced-panel|panel,1,400,50,unprofiled,.5090000000000001
s6-inproc-dr,dr,4,dr,dr|fast-balanced-panel|panel,1,400,50,total,2.076
s6-inproc-dr,dr,4,ipw,ipw|fast-balanced-panel|panel,2,400,50,setup,.1220000000000001
s6-inproc-dr,dr,4,ipw,ipw|fast-balanced-panel|panel,2,400,50,cell_extract,0
s6-inproc-dr,dr,4,ipw,ipw|fast-balanced-panel|panel,2,400,50,model_fit,.9870000000000008
s6-inproc-dr,dr,4,ipw,ipw|fast-balanced-panel|panel,2,400,50,if_assembly,.053
s6-inproc-dr,dr,4,ipw,ipw|fast-balanced-panel|panel,2,400,50,cache_post,.003
s6-inproc-dr,dr,4,ipw,ipw|fast-balanced-panel|panel,2,400,50,cluster,0
s6-inproc-dr,dr,4,ipw,ipw|fast-balanced-panel|panel,2,400,50,bootstrap,0
s6-inproc-dr,dr,4,ipw,ipw|fast-balanced-panel|panel,2,400,50,aggregation,0
s6-inproc-dr,dr,4,ipw,ipw|fast-balanced-panel|panel,2,400,50,unprofiled,.5230000000000001
s6-inproc-dr,dr,4,ipw,ipw|fast-balanced-panel|panel,2,400,50,total,1.688000000000001
s6-inproc-dr,dr,4,reg,reg|fast-balanced-panel|panel,3,400,50,setup,.1240000000000001
s6-inproc-dr,dr,4,reg,reg|fast-balanced-panel|panel,3,400,50,cell_extract,0
s6-inproc-dr,dr,4,reg,reg|fast-balanced-panel|panel,3,400,50,model_fit,.4070000000000003
s6-inproc-dr,dr,4,reg,reg|fast-balanced-panel|panel,3,400,50,if_assembly,.052
s6-inproc-dr,dr,4,reg,reg|fast-balanced-panel|panel,3,400,50,cache_post,.001
s6-inproc-dr,dr,4,reg,reg|fast-balanced-panel|panel,3,400,50,cluster,0
s6-inproc-dr,dr,4,reg,reg|fast-balanced-panel|panel,3,400,50,bootstrap,0
s6-inproc-dr,dr,4,reg,reg|fast-balanced-panel|panel,3,400,50,aggregation,0
s6-inproc-dr,dr,4,reg,reg|fast-balanced-panel|panel,3,400,50,unprofiled,.4929999999999995
s6-inproc-dr,dr,4,reg,reg|fast-balanced-panel|panel,3,400,50,total,1.077
s6-inproc-dr,dr,4,dr_rc,dr|fast-repeated-cross-section|repeated-cross-section,4,400,50,setup,.2400000000000001
s6-inproc-dr,dr,4,dr_rc,dr|fast-repeated-cross-section|repeated-cross-section,4,400,50,cell_extract,.04
s6-inproc-dr,dr,4,dr_rc,dr|fast-repeated-cross-section|repeated-cross-section,4,400,50,model_fit,2.902000000000001
s6-inproc-dr,dr,4,dr_rc,dr|fast-repeated-cross-section|repeated-cross-section,4,400,50,if_assembly,.2300000000000001
s6-inproc-dr,dr,4,dr_rc,dr|fast-repeated-cross-section|repeated-cross-section,4,400,50,cache_post,.003
s6-inproc-dr,dr,4,dr_rc,dr|fast-repeated-cross-section|repeated-cross-section,4,400,50,cluster,0
s6-inproc-dr,dr,4,dr_rc,dr|fast-repeated-cross-section|repeated-cross-section,4,400,50,bootstrap,0
s6-inproc-dr,dr,4,dr_rc,dr|fast-repeated-cross-section|repeated-cross-section,4,400,50,aggregation,0
s6-inproc-dr,dr,4,dr_rc,dr|fast-repeated-cross-section|repeated-cross-section,4,400,50,unprofiled,.6689999999999969
s6-inproc-dr,dr,4,dr_rc,dr|fast-repeated-cross-section|repeated-cross-section,4,400,50,total,4.083999999999998
s6-inproc-dr,head,4,dr,dr|fast-balanced-panel|panel,1,400,50,setup,.1320000000000001
s6-inproc-dr,head,4,dr,dr|fast-balanced-panel|panel,1,400,50,cell_extract,0
s6-inproc-dr,head,4,dr,dr|fast-balanced-panel|panel,1,400,50,model_fit,1.371
s6-inproc-dr,head,4,dr,dr|fast-balanced-panel|panel,1,400,50,if_assembly,.057
s6-inproc-dr,head,4,dr,dr|fast-balanced-panel|panel,1,400,50,cache_post,.002
s6-inproc-dr,head,4,dr,dr|fast-balanced-panel|panel,1,400,50,cluster,0
s6-inproc-dr,head,4,dr,dr|fast-balanced-panel|panel,1,400,50,bootstrap,0
s6-inproc-dr,head,4,dr,dr|fast-balanced-panel|panel,1,400,50,aggregation,0
s6-inproc-dr,head,4,dr,dr|fast-balanced-panel|panel,1,400,50,unprofiled,.522
s6-inproc-dr,head,4,dr,dr|fast-balanced-panel|panel,1,400,50,total,2.084
s6-inproc-dr,head,4,ipw,ipw|fast-balanced-panel|panel,2,400,50,setup,.1200000000000001
s6-inproc-dr,head,4,ipw,ipw|fast-balanced-panel|panel,2,400,50,cell_extract,0
s6-inproc-dr,head,4,ipw,ipw|fast-balanced-panel|panel,2,400,50,model_fit,.9960000000000008
s6-inproc-dr,head,4,ipw,ipw|fast-balanced-panel|panel,2,400,50,if_assembly,.059
s6-inproc-dr,head,4,ipw,ipw|fast-balanced-panel|panel,2,400,50,cache_post,.005
s6-inproc-dr,head,4,ipw,ipw|fast-balanced-panel|panel,2,400,50,cluster,0
s6-inproc-dr,head,4,ipw,ipw|fast-balanced-panel|panel,2,400,50,bootstrap,0
s6-inproc-dr,head,4,ipw,ipw|fast-balanced-panel|panel,2,400,50,aggregation,0
s6-inproc-dr,head,4,ipw,ipw|fast-balanced-panel|panel,2,400,50,unprofiled,.51
s6-inproc-dr,head,4,ipw,ipw|fast-balanced-panel|panel,2,400,50,total,1.690000000000001
s6-inproc-dr,head,4,reg,reg|fast-balanced-panel|panel,3,400,50,setup,.1280000000000001
s6-inproc-dr,head,4,reg,reg|fast-balanced-panel|panel,3,400,50,cell_extract,0
s6-inproc-dr,head,4,reg,reg|fast-balanced-panel|panel,3,400,50,model_fit,.3840000000000003
s6-inproc-dr,head,4,reg,reg|fast-balanced-panel|panel,3,400,50,if_assembly,.061
s6-inproc-dr,head,4,reg,reg|fast-balanced-panel|panel,3,400,50,cache_post,.001
s6-inproc-dr,head,4,reg,reg|fast-balanced-panel|panel,3,400,50,cluster,0
s6-inproc-dr,head,4,reg,reg|fast-balanced-panel|panel,3,400,50,bootstrap,0
s6-inproc-dr,head,4,reg,reg|fast-balanced-panel|panel,3,400,50,aggregation,0
s6-inproc-dr,head,4,reg,reg|fast-balanced-panel|panel,3,400,50,unprofiled,.5089999999999996
s6-inproc-dr,head,4,reg,reg|fast-balanced-panel|panel,3,400,50,total,1.083
s6-inproc-dr,head,4,dr_rc,dr|fast-repeated-cross-section|repeated-cross-section,4,400,50,setup,.2470000000000001
s6-inproc-dr,head,4,dr_rc,dr|fast-repeated-cross-section|repeated-cross-section,4,400,50,cell_extract,.039
s6-inproc-dr,head,4,dr_rc,dr|fast-repeated-cross-section|repeated-cross-section,4,400,50,model_fit,2.940000000000001
s6-inproc-dr,head,4,dr_rc,dr|fast-repeated-cross-section|repeated-cross-section,4,400,50,if_assembly,.2030000000000001
s6-inproc-dr,head,4,dr_rc,dr|fast-repeated-cross-section|repeated-cross-section,4,400,50,cache_post,.009
s6-inproc-dr,head,4,dr_rc,dr|fast-repeated-cross-section|repeated-cross-section,4,400,50,cluster,0
s6-inproc-dr,head,4,dr_rc,dr|fast-repeated-cross-section|repeated-cross-section,4,400,50,bootstrap,0
s6-inproc-dr,head,4,dr_rc,dr|fast-repeated-cross-section|repeated-cross-section,4,400,50,aggregation,0
s6-inproc-dr,head,4,dr_rc,dr|fast-repeated-cross-section|repeated-cross-section,4,400,50,unprofiled,.6539999999999986
s6-inproc-dr,head,4,dr_rc,dr|fast-repeated-cross-section|repeated-cross-section,4,400,50,total,4.092
s6-inproc-dr,dr,5,reg,reg|fast-balanced-panel|panel,1,400,50,setup,.1260000000000001
s6-inproc-dr,dr,5,reg,reg|fast-balanced-panel|panel,1,400,50,cell_extract,0
s6-inproc-dr,dr,5,reg,reg|fast-balanced-panel|panel,1,400,50,model_fit,.3840000000000003
s6-inproc-dr,dr,5,reg,reg|fast-balanced-panel|panel,1,400,50,if_assembly,.042
s6-inproc-dr,dr,5,reg,reg|fast-balanced-panel|panel,1,400,50,cache_post,.003
s6-inproc-dr,dr,5,reg,reg|fast-balanced-panel|panel,1,400,50,cluster,0
s6-inproc-dr,dr,5,reg,reg|fast-balanced-panel|panel,1,400,50,bootstrap,0
s6-inproc-dr,dr,5,reg,reg|fast-balanced-panel|panel,1,400,50,aggregation,0
s6-inproc-dr,dr,5,reg,reg|fast-balanced-panel|panel,1,400,50,unprofiled,.5079999999999995
s6-inproc-dr,dr,5,reg,reg|fast-balanced-panel|panel,1,400,50,total,1.063
s6-inproc-dr,dr,5,ipw,ipw|fast-balanced-panel|panel,2,400,50,setup,.1220000000000001
s6-inproc-dr,dr,5,ipw,ipw|fast-balanced-panel|panel,2,400,50,cell_extract,0
s6-inproc-dr,dr,5,ipw,ipw|fast-balanced-panel|panel,2,400,50,model_fit,1.007000000000001
s6-inproc-dr,dr,5,ipw,ipw|fast-balanced-panel|panel,2,400,50,if_assembly,.047
s6-inproc-dr,dr,5,ipw,ipw|fast-balanced-panel|panel,2,400,50,cache_post,.002
s6-inproc-dr,dr,5,ipw,ipw|fast-balanced-panel|panel,2,400,50,cluster,0
s6-inproc-dr,dr,5,ipw,ipw|fast-balanced-panel|panel,2,400,50,bootstrap,0
s6-inproc-dr,dr,5,ipw,ipw|fast-balanced-panel|panel,2,400,50,aggregation,0
s6-inproc-dr,dr,5,ipw,ipw|fast-balanced-panel|panel,2,400,50,unprofiled,.5159999999999989
s6-inproc-dr,dr,5,ipw,ipw|fast-balanced-panel|panel,2,400,50,total,1.694
s6-inproc-dr,dr,5,dr,dr|fast-balanced-panel|panel,3,400,50,setup,.1260000000000001
s6-inproc-dr,dr,5,dr,dr|fast-balanced-panel|panel,3,400,50,cell_extract,0
s6-inproc-dr,dr,5,dr,dr|fast-balanced-panel|panel,3,400,50,model_fit,1.409000000000001
s6-inproc-dr,dr,5,dr,dr|fast-balanced-panel|panel,3,400,50,if_assembly,.047
s6-inproc-dr,dr,5,dr,dr|fast-balanced-panel|panel,3,400,50,cache_post,.003
s6-inproc-dr,dr,5,dr,dr|fast-balanced-panel|panel,3,400,50,cluster,0
s6-inproc-dr,dr,5,dr,dr|fast-balanced-panel|panel,3,400,50,bootstrap,0
s6-inproc-dr,dr,5,dr,dr|fast-balanced-panel|panel,3,400,50,aggregation,0
s6-inproc-dr,dr,5,dr,dr|fast-balanced-panel|panel,3,400,50,unprofiled,.5059999999999978
s6-inproc-dr,dr,5,dr,dr|fast-balanced-panel|panel,3,400,50,total,2.090999999999999
s6-inproc-dr,dr,5,dr_rc,dr|fast-repeated-cross-section|repeated-cross-section,4,400,50,setup,.2460000000000002
s6-inproc-dr,dr,5,dr_rc,dr|fast-repeated-cross-section|repeated-cross-section,4,400,50,cell_extract,.042
s6-inproc-dr,dr,5,dr_rc,dr|fast-repeated-cross-section|repeated-cross-section,4,400,50,model_fit,2.962000000000001
s6-inproc-dr,dr,5,dr_rc,dr|fast-repeated-cross-section|repeated-cross-section,4,400,50,if_assembly,.2030000000000001
s6-inproc-dr,dr,5,dr_rc,dr|fast-repeated-cross-section|repeated-cross-section,4,400,50,cache_post,.003
s6-inproc-dr,dr,5,dr_rc,dr|fast-repeated-cross-section|repeated-cross-section,4,400,50,cluster,0
s6-inproc-dr,dr,5,dr_rc,dr|fast-repeated-cross-section|repeated-cross-section,4,400,50,bootstrap,0
s6-inproc-dr,dr,5,dr_rc,dr|fast-repeated-cross-section|repeated-cross-section,4,400,50,aggregation,0
s6-inproc-dr,dr,5,dr_rc,dr|fast-repeated-cross-section|repeated-cross-section,4,400,50,unprofiled,.6759999999999997
s6-inproc-dr,dr,5,dr_rc,dr|fast-repeated-cross-section|repeated-cross-section,4,400,50,total,4.132000000000001
s6-inproc-dr,head,5,reg,reg|fast-balanced-panel|panel,1,400,50,setup,.1230000000000001
s6-inproc-dr,head,5,reg,reg|fast-balanced-panel|panel,1,400,50,cell_extract,0
s6-inproc-dr,head,5,reg,reg|fast-balanced-panel|panel,1,400,50,model_fit,.3800000000000003
s6-inproc-dr,head,5,reg,reg|fast-balanced-panel|panel,1,400,50,if_assembly,.056
s6-inproc-dr,head,5,reg,reg|fast-balanced-panel|panel,1,400,50,cache_post,.002
s6-inproc-dr,head,5,reg,reg|fast-balanced-panel|panel,1,400,50,cluster,0
s6-inproc-dr,head,5,reg,reg|fast-balanced-panel|panel,1,400,50,bootstrap,0
s6-inproc-dr,head,5,reg,reg|fast-balanced-panel|panel,1,400,50,aggregation,0
s6-inproc-dr,head,5,reg,reg|fast-balanced-panel|panel,1,400,50,unprofiled,.5050000000000006
s6-inproc-dr,head,5,reg,reg|fast-balanced-panel|panel,1,400,50,total,1.066000000000001
s6-inproc-dr,head,5,ipw,ipw|fast-balanced-panel|panel,2,400,50,setup,.1260000000000001
s6-inproc-dr,head,5,ipw,ipw|fast-balanced-panel|panel,2,400,50,cell_extract,0
s6-inproc-dr,head,5,ipw,ipw|fast-balanced-panel|panel,2,400,50,model_fit,1.020000000000001
s6-inproc-dr,head,5,ipw,ipw|fast-balanced-panel|panel,2,400,50,if_assembly,.051
s6-inproc-dr,head,5,ipw,ipw|fast-balanced-panel|panel,2,400,50,cache_post,.003
s6-inproc-dr,head,5,ipw,ipw|fast-balanced-panel|panel,2,400,50,cluster,0
s6-inproc-dr,head,5,ipw,ipw|fast-balanced-panel|panel,2,400,50,bootstrap,0
s6-inproc-dr,head,5,ipw,ipw|fast-balanced-panel|panel,2,400,50,aggregation,0
s6-inproc-dr,head,5,ipw,ipw|fast-balanced-panel|panel,2,400,50,unprofiled,.5029999999999999
s6-inproc-dr,head,5,ipw,ipw|fast-balanced-panel|panel,2,400,50,total,1.703000000000001
s6-inproc-dr,head,5,dr,dr|fast-balanced-panel|panel,3,400,50,setup,.1250000000000001
s6-inproc-dr,head,5,dr,dr|fast-balanced-panel|panel,3,400,50,cell_extract,0
s6-inproc-dr,head,5,dr,dr|fast-balanced-panel|panel,3,400,50,model_fit,1.411
s6-inproc-dr,head,5,dr,dr|fast-balanced-panel|panel,3,400,50,if_assembly,.046
s6-inproc-dr,head,5,dr,dr|fast-balanced-panel|panel,3,400,50,cache_post,.002
s6-inproc-dr,head,5,dr,dr|fast-balanced-panel|panel,3,400,50,cluster,0
s6-inproc-dr,head,5,dr,dr|fast-balanced-panel|panel,3,400,50,bootstrap,0
s6-inproc-dr,head,5,dr,dr|fast-balanced-panel|panel,3,400,50,aggregation,0
s6-inproc-dr,head,5,dr,dr|fast-balanced-panel|panel,3,400,50,unprofiled,.4979999999999998
s6-inproc-dr,head,5,dr,dr|fast-balanced-panel|panel,3,400,50,total,2.082
s6-inproc-dr,head,5,dr_rc,dr|fast-repeated-cross-section|repeated-cross-section,4,400,50,setup,.2440000000000001
s6-inproc-dr,head,5,dr_rc,dr|fast-repeated-cross-section|repeated-cross-section,4,400,50,cell_extract,.037
s6-inproc-dr,head,5,dr_rc,dr|fast-repeated-cross-section|repeated-cross-section,4,400,50,model_fit,2.939000000000001
s6-inproc-dr,head,5,dr_rc,dr|fast-repeated-cross-section|repeated-cross-section,4,400,50,if_assembly,.2130000000000001
s6-inproc-dr,head,5,dr_rc,dr|fast-repeated-cross-section|repeated-cross-section,4,400,50,cache_post,.006
s6-inproc-dr,head,5,dr_rc,dr|fast-repeated-cross-section|repeated-cross-section,4,400,50,cluster,0
s6-inproc-dr,head,5,dr_rc,dr|fast-repeated-cross-section|repeated-cross-section,4,400,50,bootstrap,0
s6-inproc-dr,head,5,dr_rc,dr|fast-repeated-cross-section|repeated-cross-section,4,400,50,aggregation,0
s6-inproc-dr,head,5,dr_rc,dr|fast-repeated-cross-section|repeated-cross-section,4,400,50,unprofiled,.6739999999999995
s6-inproc-dr,head,5,dr_rc,dr|fast-repeated-cross-section|repeated-cross-section,4,400,50,total,4.113
s6-inproc-dr,dr,6,reg,reg|fast-balanced-panel|panel,1,400,50,setup,.1250000000000001
s6-inproc-dr,dr,6,reg,reg|fast-balanced-panel|panel,1,400,50,cell_extract,0
s6-inproc-dr,dr,6,reg,reg|fast-balanced-panel|panel,1,400,50,model_fit,.3860000000000003
s6-inproc-dr,dr,6,reg,reg|fast-balanced-panel|panel,1,400,50,if_assembly,.049
s6-inproc-dr,dr,6,reg,reg|fast-balanced-panel|panel,1,400,50,cache_post,.003
s6-inproc-dr,dr,6,reg,reg|fast-balanced-panel|panel,1,400,50,cluster,0
s6-inproc-dr,dr,6,reg,reg|fast-balanced-panel|panel,1,400,50,bootstrap,0
s6-inproc-dr,dr,6,reg,reg|fast-balanced-panel|panel,1,400,50,aggregation,0
s6-inproc-dr,dr,6,reg,reg|fast-balanced-panel|panel,1,400,50,unprofiled,.4979999999999996
s6-inproc-dr,dr,6,reg,reg|fast-balanced-panel|panel,1,400,50,total,1.061
s6-inproc-dr,dr,6,dr_rc,dr|fast-repeated-cross-section|repeated-cross-section,2,400,50,setup,.2450000000000001
s6-inproc-dr,dr,6,dr_rc,dr|fast-repeated-cross-section|repeated-cross-section,2,400,50,cell_extract,.04
s6-inproc-dr,dr,6,dr_rc,dr|fast-repeated-cross-section|repeated-cross-section,2,400,50,model_fit,2.917000000000001
s6-inproc-dr,dr,6,dr_rc,dr|fast-repeated-cross-section|repeated-cross-section,2,400,50,if_assembly,.2120000000000001
s6-inproc-dr,dr,6,dr_rc,dr|fast-repeated-cross-section|repeated-cross-section,2,400,50,cache_post,.003
s6-inproc-dr,dr,6,dr_rc,dr|fast-repeated-cross-section|repeated-cross-section,2,400,50,cluster,0
s6-inproc-dr,dr,6,dr_rc,dr|fast-repeated-cross-section|repeated-cross-section,2,400,50,bootstrap,0
s6-inproc-dr,dr,6,dr_rc,dr|fast-repeated-cross-section|repeated-cross-section,2,400,50,aggregation,0
s6-inproc-dr,dr,6,dr_rc,dr|fast-repeated-cross-section|repeated-cross-section,2,400,50,unprofiled,.6699999999999995
s6-inproc-dr,dr,6,dr_rc,dr|fast-repeated-cross-section|repeated-cross-section,2,400,50,total,4.087000000000001
s6-inproc-dr,dr,6,dr,dr|fast-balanced-panel|panel,3,400,50,setup,.1300000000000001
s6-inproc-dr,dr,6,dr,dr|fast-balanced-panel|panel,3,400,50,cell_extract,0
s6-inproc-dr,dr,6,dr,dr|fast-balanced-panel|panel,3,400,50,model_fit,1.392
s6-inproc-dr,dr,6,dr,dr|fast-balanced-panel|panel,3,400,50,if_assembly,.054
s6-inproc-dr,dr,6,dr,dr|fast-balanced-panel|panel,3,400,50,cache_post,.003
s6-inproc-dr,dr,6,dr,dr|fast-balanced-panel|panel,3,400,50,cluster,0
s6-inproc-dr,dr,6,dr,dr|fast-balanced-panel|panel,3,400,50,bootstrap,0
s6-inproc-dr,dr,6,dr,dr|fast-balanced-panel|panel,3,400,50,aggregation,0
s6-inproc-dr,dr,6,dr,dr|fast-balanced-panel|panel,3,400,50,unprofiled,.554
s6-inproc-dr,dr,6,dr,dr|fast-balanced-panel|panel,3,400,50,total,2.133
s6-inproc-dr,dr,6,ipw,ipw|fast-balanced-panel|panel,4,400,50,setup,.1300000000000001
s6-inproc-dr,dr,6,ipw,ipw|fast-balanced-panel|panel,4,400,50,cell_extract,0
s6-inproc-dr,dr,6,ipw,ipw|fast-balanced-panel|panel,4,400,50,model_fit,.9960000000000008
s6-inproc-dr,dr,6,ipw,ipw|fast-balanced-panel|panel,4,400,50,if_assembly,.056
s6-inproc-dr,dr,6,ipw,ipw|fast-balanced-panel|panel,4,400,50,cache_post,.003
s6-inproc-dr,dr,6,ipw,ipw|fast-balanced-panel|panel,4,400,50,cluster,0
s6-inproc-dr,dr,6,ipw,ipw|fast-balanced-panel|panel,4,400,50,bootstrap,0
s6-inproc-dr,dr,6,ipw,ipw|fast-balanced-panel|panel,4,400,50,aggregation,0
s6-inproc-dr,dr,6,ipw,ipw|fast-balanced-panel|panel,4,400,50,unprofiled,.5499999999999992
s6-inproc-dr,dr,6,ipw,ipw|fast-balanced-panel|panel,4,400,50,total,1.735
s6-inproc-dr,head,6,reg,reg|fast-balanced-panel|panel,1,400,50,setup,.1230000000000001
s6-inproc-dr,head,6,reg,reg|fast-balanced-panel|panel,1,400,50,cell_extract,0
s6-inproc-dr,head,6,reg,reg|fast-balanced-panel|panel,1,400,50,model_fit,.3820000000000003
s6-inproc-dr,head,6,reg,reg|fast-balanced-panel|panel,1,400,50,if_assembly,.06
s6-inproc-dr,head,6,reg,reg|fast-balanced-panel|panel,1,400,50,cache_post,.001
s6-inproc-dr,head,6,reg,reg|fast-balanced-panel|panel,1,400,50,cluster,0
s6-inproc-dr,head,6,reg,reg|fast-balanced-panel|panel,1,400,50,bootstrap,0
s6-inproc-dr,head,6,reg,reg|fast-balanced-panel|panel,1,400,50,aggregation,0
s6-inproc-dr,head,6,reg,reg|fast-balanced-panel|panel,1,400,50,unprofiled,.4949999999999996
s6-inproc-dr,head,6,reg,reg|fast-balanced-panel|panel,1,400,50,total,1.061
s6-inproc-dr,head,6,dr_rc,dr|fast-repeated-cross-section|repeated-cross-section,2,400,50,setup,.2420000000000001
s6-inproc-dr,head,6,dr_rc,dr|fast-repeated-cross-section|repeated-cross-section,2,400,50,cell_extract,.042
s6-inproc-dr,head,6,dr_rc,dr|fast-repeated-cross-section|repeated-cross-section,2,400,50,model_fit,2.911
s6-inproc-dr,head,6,dr_rc,dr|fast-repeated-cross-section|repeated-cross-section,2,400,50,if_assembly,.2150000000000001
s6-inproc-dr,head,6,dr_rc,dr|fast-repeated-cross-section|repeated-cross-section,2,400,50,cache_post,.007
s6-inproc-dr,head,6,dr_rc,dr|fast-repeated-cross-section|repeated-cross-section,2,400,50,cluster,0
s6-inproc-dr,head,6,dr_rc,dr|fast-repeated-cross-section|repeated-cross-section,2,400,50,bootstrap,0
s6-inproc-dr,head,6,dr_rc,dr|fast-repeated-cross-section|repeated-cross-section,2,400,50,aggregation,0
s6-inproc-dr,head,6,dr_rc,dr|fast-repeated-cross-section|repeated-cross-section,2,400,50,unprofiled,.6609999999999978
s6-inproc-dr,head,6,dr_rc,dr|fast-repeated-cross-section|repeated-cross-section,2,400,50,total,4.077999999999998
s6-inproc-dr,head,6,dr,dr|fast-balanced-panel|panel,3,400,50,setup,.1310000000000001
s6-inproc-dr,head,6,dr,dr|fast-balanced-panel|panel,3,400,50,cell_extract,0
s6-inproc-dr,head,6,dr,dr|fast-balanced-panel|panel,3,400,50,model_fit,1.384
s6-inproc-dr,head,6,dr,dr|fast-balanced-panel|panel,3,400,50,if_assembly,.052
s6-inproc-dr,head,6,dr,dr|fast-balanced-panel|panel,3,400,50,cache_post,.003
s6-inproc-dr,head,6,dr,dr|fast-balanced-panel|panel,3,400,50,cluster,0
s6-inproc-dr,head,6,dr,dr|fast-balanced-panel|panel,3,400,50,bootstrap,0
s6-inproc-dr,head,6,dr,dr|fast-balanced-panel|panel,3,400,50,aggregation,0
s6-inproc-dr,head,6,dr,dr|fast-balanced-panel|panel,3,400,50,unprofiled,.5580000000000001
s6-inproc-dr,head,6,dr,dr|fast-balanced-panel|panel,3,400,50,total,2.128
s6-inproc-dr,head,6,ipw,ipw|fast-balanced-panel|panel,4,400,50,setup,.1330000000000001
s6-inproc-dr,head,6,ipw,ipw|fast-balanced-panel|panel,4,400,50,cell_extract,0
s6-inproc-dr,head,6,ipw,ipw|fast-balanced-panel|panel,4,400,50,model_fit,.9990000000000008
s6-inproc-dr,head,6,ipw,ipw|fast-balanced-panel|panel,4,400,50,if_assembly,.051
s6-inproc-dr,head,6,ipw,ipw|fast-balanced-panel|panel,4,400,50,cache_post,.004
s6-inproc-dr,head,6,ipw,ipw|fast-balanced-panel|panel,4,400,50,cluster,0
s6-inproc-dr,head,6,ipw,ipw|fast-balanced-panel|panel,4,400,50,bootstrap,0
s6-inproc-dr,head,6,ipw,ipw|fast-balanced-panel|panel,4,400,50,aggregation,0
s6-inproc-dr,head,6,ipw,ipw|fast-balanced-panel|panel,4,400,50,unprofiled,.546
s6-inproc-dr,head,6,ipw,ipw|fast-balanced-panel|panel,4,400,50,total,1.733000000000001
s6-inproc-dr,dr,7,dr,dr|fast-balanced-panel|panel,1,400,50,setup,.1330000000000001
s6-inproc-dr,dr,7,dr,dr|fast-balanced-panel|panel,1,400,50,cell_extract,0
s6-inproc-dr,dr,7,dr,dr|fast-balanced-panel|panel,1,400,50,model_fit,1.388000000000001
s6-inproc-dr,dr,7,dr,dr|fast-balanced-panel|panel,1,400,50,if_assembly,.051
s6-inproc-dr,dr,7,dr,dr|fast-balanced-panel|panel,1,400,50,cache_post,.004
s6-inproc-dr,dr,7,dr,dr|fast-balanced-panel|panel,1,400,50,cluster,0
s6-inproc-dr,dr,7,dr,dr|fast-balanced-panel|panel,1,400,50,bootstrap,0
s6-inproc-dr,dr,7,dr,dr|fast-balanced-panel|panel,1,400,50,aggregation,0
s6-inproc-dr,dr,7,dr,dr|fast-balanced-panel|panel,1,400,50,unprofiled,.5079999999999991
s6-inproc-dr,dr,7,dr,dr|fast-balanced-panel|panel,1,400,50,total,2.084
s6-inproc-dr,dr,7,dr_rc,dr|fast-repeated-cross-section|repeated-cross-section,2,400,50,setup,.2460000000000002
s6-inproc-dr,dr,7,dr_rc,dr|fast-repeated-cross-section|repeated-cross-section,2,400,50,cell_extract,.037
s6-inproc-dr,dr,7,dr_rc,dr|fast-repeated-cross-section|repeated-cross-section,2,400,50,model_fit,2.955000000000001
s6-inproc-dr,dr,7,dr_rc,dr|fast-repeated-cross-section|repeated-cross-section,2,400,50,if_assembly,.2120000000000001
s6-inproc-dr,dr,7,dr_rc,dr|fast-repeated-cross-section|repeated-cross-section,2,400,50,cache_post,.006
s6-inproc-dr,dr,7,dr_rc,dr|fast-repeated-cross-section|repeated-cross-section,2,400,50,cluster,0
s6-inproc-dr,dr,7,dr_rc,dr|fast-repeated-cross-section|repeated-cross-section,2,400,50,bootstrap,0
s6-inproc-dr,dr,7,dr_rc,dr|fast-repeated-cross-section|repeated-cross-section,2,400,50,aggregation,0
s6-inproc-dr,dr,7,dr_rc,dr|fast-repeated-cross-section|repeated-cross-section,2,400,50,unprofiled,.661
s6-inproc-dr,dr,7,dr_rc,dr|fast-repeated-cross-section|repeated-cross-section,2,400,50,total,4.117000000000001
s6-inproc-dr,dr,7,reg,reg|fast-balanced-panel|panel,3,400,50,setup,.1330000000000001
s6-inproc-dr,dr,7,reg,reg|fast-balanced-panel|panel,3,400,50,cell_extract,0
s6-inproc-dr,dr,7,reg,reg|fast-balanced-panel|panel,3,400,50,model_fit,.3850000000000002
s6-inproc-dr,dr,7,reg,reg|fast-balanced-panel|panel,3,400,50,if_assembly,.053
s6-inproc-dr,dr,7,reg,reg|fast-balanced-panel|panel,3,400,50,cache_post,.002
s6-inproc-dr,dr,7,reg,reg|fast-balanced-panel|panel,3,400,50,cluster,0
s6-inproc-dr,dr,7,reg,reg|fast-balanced-panel|panel,3,400,50,bootstrap,0
s6-inproc-dr,dr,7,reg,reg|fast-balanced-panel|panel,3,400,50,aggregation,0
s6-inproc-dr,dr,7,reg,reg|fast-balanced-panel|panel,3,400,50,unprofiled,.5410000000000007
s6-inproc-dr,dr,7,reg,reg|fast-balanced-panel|panel,3,400,50,total,1.114000000000001
s6-inproc-dr,dr,7,ipw,ipw|fast-balanced-panel|panel,4,400,50,setup,.1380000000000001
s6-inproc-dr,dr,7,ipw,ipw|fast-balanced-panel|panel,4,400,50,cell_extract,0
s6-inproc-dr,dr,7,ipw,ipw|fast-balanced-panel|panel,4,400,50,model_fit,1.000000000000001
s6-inproc-dr,dr,7,ipw,ipw|fast-balanced-panel|panel,4,400,50,if_assembly,.059
s6-inproc-dr,dr,7,ipw,ipw|fast-balanced-panel|panel,4,400,50,cache_post,.004
s6-inproc-dr,dr,7,ipw,ipw|fast-balanced-panel|panel,4,400,50,cluster,0
s6-inproc-dr,dr,7,ipw,ipw|fast-balanced-panel|panel,4,400,50,bootstrap,0
s6-inproc-dr,dr,7,ipw,ipw|fast-balanced-panel|panel,4,400,50,aggregation,0
s6-inproc-dr,dr,7,ipw,ipw|fast-balanced-panel|panel,4,400,50,unprofiled,.5479999999999992
s6-inproc-dr,dr,7,ipw,ipw|fast-balanced-panel|panel,4,400,50,total,1.749
s6-inproc-dr,head,7,dr,dr|fast-balanced-panel|panel,1,400,50,setup,.1300000000000001
s6-inproc-dr,head,7,dr,dr|fast-balanced-panel|panel,1,400,50,cell_extract,0
s6-inproc-dr,head,7,dr,dr|fast-balanced-panel|panel,1,400,50,model_fit,1.388
s6-inproc-dr,head,7,dr,dr|fast-balanced-panel|panel,1,400,50,if_assembly,.055
s6-inproc-dr,head,7,dr,dr|fast-balanced-panel|panel,1,400,50,cache_post,.001
s6-inproc-dr,head,7,dr,dr|fast-balanced-panel|panel,1,400,50,cluster,0
s6-inproc-dr,head,7,dr,dr|fast-balanced-panel|panel,1,400,50,bootstrap,0
s6-inproc-dr,head,7,dr,dr|fast-balanced-panel|panel,1,400,50,aggregation,0
s6-inproc-dr,head,7,dr,dr|fast-balanced-panel|panel,1,400,50,unprofiled,.5010000000000001
s6-inproc-dr,head,7,dr,dr|fast-balanced-panel|panel,1,400,50,total,2.075
s6-inproc-dr,head,7,dr_rc,dr|fast-repeated-cross-section|repeated-cross-section,2,400,50,setup,.2460000000000001
s6-inproc-dr,head,7,dr_rc,dr|fast-repeated-cross-section|repeated-cross-section,2,400,50,cell_extract,.035
s6-inproc-dr,head,7,dr_rc,dr|fast-repeated-cross-section|repeated-cross-section,2,400,50,model_fit,2.884
s6-inproc-dr,head,7,dr_rc,dr|fast-repeated-cross-section|repeated-cross-section,2,400,50,if_assembly,.2420000000000002
s6-inproc-dr,head,7,dr_rc,dr|fast-repeated-cross-section|repeated-cross-section,2,400,50,cache_post,.006
s6-inproc-dr,head,7,dr_rc,dr|fast-repeated-cross-section|repeated-cross-section,2,400,50,cluster,0
s6-inproc-dr,head,7,dr_rc,dr|fast-repeated-cross-section|repeated-cross-section,2,400,50,bootstrap,0
s6-inproc-dr,head,7,dr_rc,dr|fast-repeated-cross-section|repeated-cross-section,2,400,50,aggregation,0
s6-inproc-dr,head,7,dr_rc,dr|fast-repeated-cross-section|repeated-cross-section,2,400,50,unprofiled,.665999999999999
s6-inproc-dr,head,7,dr_rc,dr|fast-repeated-cross-section|repeated-cross-section,2,400,50,total,4.078999999999999
s6-inproc-dr,head,7,reg,reg|fast-balanced-panel|panel,3,400,50,setup,.1300000000000001
s6-inproc-dr,head,7,reg,reg|fast-balanced-panel|panel,3,400,50,cell_extract,0
s6-inproc-dr,head,7,reg,reg|fast-balanced-panel|panel,3,400,50,model_fit,.4040000000000003
s6-inproc-dr,head,7,reg,reg|fast-balanced-panel|panel,3,400,50,if_assembly,.049
s6-inproc-dr,head,7,reg,reg|fast-balanced-panel|panel,3,400,50,cache_post,.003
s6-inproc-dr,head,7,reg,reg|fast-balanced-panel|panel,3,400,50,cluster,0
s6-inproc-dr,head,7,reg,reg|fast-balanced-panel|panel,3,400,50,bootstrap,0
s6-inproc-dr,head,7,reg,reg|fast-balanced-panel|panel,3,400,50,aggregation,0
s6-inproc-dr,head,7,reg,reg|fast-balanced-panel|panel,3,400,50,unprofiled,.5349999999999996
s6-inproc-dr,head,7,reg,reg|fast-balanced-panel|panel,3,400,50,total,1.121
s6-inproc-dr,head,7,ipw,ipw|fast-balanced-panel|panel,4,400,50,setup,.1280000000000001
s6-inproc-dr,head,7,ipw,ipw|fast-balanced-panel|panel,4,400,50,cell_extract,0
s6-inproc-dr,head,7,ipw,ipw|fast-balanced-panel|panel,4,400,50,model_fit,1.003000000000001
s6-inproc-dr,head,7,ipw,ipw|fast-balanced-panel|panel,4,400,50,if_assembly,.057
s6-inproc-dr,head,7,ipw,ipw|fast-balanced-panel|panel,4,400,50,cache_post,.004
s6-inproc-dr,head,7,ipw,ipw|fast-balanced-panel|panel,4,400,50,cluster,0
s6-inproc-dr,head,7,ipw,ipw|fast-balanced-panel|panel,4,400,50,bootstrap,0
s6-inproc-dr,head,7,ipw,ipw|fast-balanced-panel|panel,4,400,50,aggregation,0
s6-inproc-dr,head,7,ipw,ipw|fast-balanced-panel|panel,4,400,50,unprofiled,.5459999999999989
s6-inproc-dr,head,7,ipw,ipw|fast-balanced-panel|panel,4,400,50,total,1.738
s6-inproc-dr,dr,8,dr,dr|fast-balanced-panel|panel,1,400,50,setup,.1260000000000001
s6-inproc-dr,dr,8,dr,dr|fast-balanced-panel|panel,1,400,50,cell_extract,0
s6-inproc-dr,dr,8,dr,dr|fast-balanced-panel|panel,1,400,50,model_fit,1.396
s6-inproc-dr,dr,8,dr,dr|fast-balanced-panel|panel,1,400,50,if_assembly,.049
s6-inproc-dr,dr,8,dr,dr|fast-balanced-panel|panel,1,400,50,cache_post,.001
s6-inproc-dr,dr,8,dr,dr|fast-balanced-panel|panel,1,400,50,cluster,0
s6-inproc-dr,dr,8,dr,dr|fast-balanced-panel|panel,1,400,50,bootstrap,0
s6-inproc-dr,dr,8,dr,dr|fast-balanced-panel|panel,1,400,50,aggregation,0
s6-inproc-dr,dr,8,dr,dr|fast-balanced-panel|panel,1,400,50,unprofiled,.500999999999999
s6-inproc-dr,dr,8,dr,dr|fast-balanced-panel|panel,1,400,50,total,2.072999999999999
s6-inproc-dr,dr,8,ipw,ipw|fast-balanced-panel|panel,2,400,50,setup,.1240000000000001
s6-inproc-dr,dr,8,ipw,ipw|fast-balanced-panel|panel,2,400,50,cell_extract,0
s6-inproc-dr,dr,8,ipw,ipw|fast-balanced-panel|panel,2,400,50,model_fit,.9800000000000008
s6-inproc-dr,dr,8,ipw,ipw|fast-balanced-panel|panel,2,400,50,if_assembly,.067
s6-inproc-dr,dr,8,ipw,ipw|fast-balanced-panel|panel,2,400,50,cache_post,.005
s6-inproc-dr,dr,8,ipw,ipw|fast-balanced-panel|panel,2,400,50,cluster,0
s6-inproc-dr,dr,8,ipw,ipw|fast-balanced-panel|panel,2,400,50,bootstrap,0
s6-inproc-dr,dr,8,ipw,ipw|fast-balanced-panel|panel,2,400,50,aggregation,0
s6-inproc-dr,dr,8,ipw,ipw|fast-balanced-panel|panel,2,400,50,unprofiled,.504999999999999
s6-inproc-dr,dr,8,ipw,ipw|fast-balanced-panel|panel,2,400,50,total,1.681
s6-inproc-dr,dr,8,reg,reg|fast-balanced-panel|panel,3,400,50,setup,.1230000000000001
s6-inproc-dr,dr,8,reg,reg|fast-balanced-panel|panel,3,400,50,cell_extract,0
s6-inproc-dr,dr,8,reg,reg|fast-balanced-panel|panel,3,400,50,model_fit,.3670000000000003
s6-inproc-dr,dr,8,reg,reg|fast-balanced-panel|panel,3,400,50,if_assembly,.056
s6-inproc-dr,dr,8,reg,reg|fast-balanced-panel|panel,3,400,50,cache_post,.002
s6-inproc-dr,dr,8,reg,reg|fast-balanced-panel|panel,3,400,50,cluster,0
s6-inproc-dr,dr,8,reg,reg|fast-balanced-panel|panel,3,400,50,bootstrap,0
s6-inproc-dr,dr,8,reg,reg|fast-balanced-panel|panel,3,400,50,aggregation,0
s6-inproc-dr,dr,8,reg,reg|fast-balanced-panel|panel,3,400,50,unprofiled,.5149999999999996
s6-inproc-dr,dr,8,reg,reg|fast-balanced-panel|panel,3,400,50,total,1.063
s6-inproc-dr,dr,8,dr_rc,dr|fast-repeated-cross-section|repeated-cross-section,4,400,50,setup,.2420000000000001
s6-inproc-dr,dr,8,dr_rc,dr|fast-repeated-cross-section|repeated-cross-section,4,400,50,cell_extract,.034
s6-inproc-dr,dr,8,dr_rc,dr|fast-repeated-cross-section|repeated-cross-section,4,400,50,model_fit,2.92
s6-inproc-dr,dr,8,dr_rc,dr|fast-repeated-cross-section|repeated-cross-section,4,400,50,if_assembly,.2100000000000001
s6-inproc-dr,dr,8,dr_rc,dr|fast-repeated-cross-section|repeated-cross-section,4,400,50,cache_post,.004
s6-inproc-dr,dr,8,dr_rc,dr|fast-repeated-cross-section|repeated-cross-section,4,400,50,cluster,0
s6-inproc-dr,dr,8,dr_rc,dr|fast-repeated-cross-section|repeated-cross-section,4,400,50,bootstrap,0
s6-inproc-dr,dr,8,dr_rc,dr|fast-repeated-cross-section|repeated-cross-section,4,400,50,aggregation,0
s6-inproc-dr,dr,8,dr_rc,dr|fast-repeated-cross-section|repeated-cross-section,4,400,50,unprofiled,.6869999999999985
s6-inproc-dr,dr,8,dr_rc,dr|fast-repeated-cross-section|repeated-cross-section,4,400,50,total,4.096999999999999
s6-inproc-dr,head,8,dr,dr|fast-balanced-panel|panel,1,400,50,setup,.1230000000000001
s6-inproc-dr,head,8,dr,dr|fast-balanced-panel|panel,1,400,50,cell_extract,0
s6-inproc-dr,head,8,dr,dr|fast-balanced-panel|panel,1,400,50,model_fit,1.389
s6-inproc-dr,head,8,dr,dr|fast-balanced-panel|panel,1,400,50,if_assembly,.047
s6-inproc-dr,head,8,dr,dr|fast-balanced-panel|panel,1,400,50,cache_post,.003
s6-inproc-dr,head,8,dr,dr|fast-balanced-panel|panel,1,400,50,cluster,0
s6-inproc-dr,head,8,dr,dr|fast-balanced-panel|panel,1,400,50,bootstrap,0
s6-inproc-dr,head,8,dr,dr|fast-balanced-panel|panel,1,400,50,aggregation,0
s6-inproc-dr,head,8,dr,dr|fast-balanced-panel|panel,1,400,50,unprofiled,.506
s6-inproc-dr,head,8,dr,dr|fast-balanced-panel|panel,1,400,50,total,2.068
s6-inproc-dr,head,8,ipw,ipw|fast-balanced-panel|panel,2,400,50,setup,.1290000000000001
s6-inproc-dr,head,8,ipw,ipw|fast-balanced-panel|panel,2,400,50,cell_extract,0
s6-inproc-dr,head,8,ipw,ipw|fast-balanced-panel|panel,2,400,50,model_fit,1.004000000000001
s6-inproc-dr,head,8,ipw,ipw|fast-balanced-panel|panel,2,400,50,if_assembly,.055
s6-inproc-dr,head,8,ipw,ipw|fast-balanced-panel|panel,2,400,50,cache_post,.001
s6-inproc-dr,head,8,ipw,ipw|fast-balanced-panel|panel,2,400,50,cluster,0
s6-inproc-dr,head,8,ipw,ipw|fast-balanced-panel|panel,2,400,50,bootstrap,0
s6-inproc-dr,head,8,ipw,ipw|fast-balanced-panel|panel,2,400,50,aggregation,0
s6-inproc-dr,head,8,ipw,ipw|fast-balanced-panel|panel,2,400,50,unprofiled,.484999999999999
s6-inproc-dr,head,8,ipw,ipw|fast-balanced-panel|panel,2,400,50,total,1.674
s6-inproc-dr,head,8,reg,reg|fast-balanced-panel|panel,3,400,50,setup,.1270000000000001
s6-inproc-dr,head,8,reg,reg|fast-balanced-panel|panel,3,400,50,cell_extract,0
s6-inproc-dr,head,8,reg,reg|fast-balanced-panel|panel,3,400,50,model_fit,.3890000000000003
s6-inproc-dr,head,8,reg,reg|fast-balanced-panel|panel,3,400,50,if_assembly,.054
s6-inproc-dr,head,8,reg,reg|fast-balanced-panel|panel,3,400,50,cache_post,.003
s6-inproc-dr,head,8,reg,reg|fast-balanced-panel|panel,3,400,50,cluster,0
s6-inproc-dr,head,8,reg,reg|fast-balanced-panel|panel,3,400,50,bootstrap,0
s6-inproc-dr,head,8,reg,reg|fast-balanced-panel|panel,3,400,50,aggregation,0
s6-inproc-dr,head,8,reg,reg|fast-balanced-panel|panel,3,400,50,unprofiled,.4889999999999995
s6-inproc-dr,head,8,reg,reg|fast-balanced-panel|panel,3,400,50,total,1.062
s6-inproc-dr,head,8,dr_rc,dr|fast-repeated-cross-section|repeated-cross-section,4,400,50,setup,.2920000000000001
s6-inproc-dr,head,8,dr_rc,dr|fast-repeated-cross-section|repeated-cross-section,4,400,50,cell_extract,.037
s6-inproc-dr,head,8,dr_rc,dr|fast-repeated-cross-section|repeated-cross-section,4,400,50,model_fit,2.951000000000001
s6-inproc-dr,head,8,dr_rc,dr|fast-repeated-cross-section|repeated-cross-section,4,400,50,if_assembly,.2140000000000001
s6-inproc-dr,head,8,dr_rc,dr|fast-repeated-cross-section|repeated-cross-section,4,400,50,cache_post,.005
s6-inproc-dr,head,8,dr_rc,dr|fast-repeated-cross-section|repeated-cross-section,4,400,50,cluster,0
s6-inproc-dr,head,8,dr_rc,dr|fast-repeated-cross-section|repeated-cross-section,4,400,50,bootstrap,0
s6-inproc-dr,head,8,dr_rc,dr|fast-repeated-cross-section|repeated-cross-section,4,400,50,aggregation,0
s6-inproc-dr,head,8,dr_rc,dr|fast-repeated-cross-section|repeated-cross-section,4,400,50,unprofiled,.7019999999999977
s6-inproc-dr,head,8,dr_rc,dr|fast-repeated-cross-section|repeated-cross-section,4,400,50,total,4.200999999999999
s6-inproc-dr,dr,9,reg,reg|fast-balanced-panel|panel,1,400,50,setup,.1240000000000001
s6-inproc-dr,dr,9,reg,reg|fast-balanced-panel|panel,1,400,50,cell_extract,0
s6-inproc-dr,dr,9,reg,reg|fast-balanced-panel|panel,1,400,50,model_fit,.3840000000000003
s6-inproc-dr,dr,9,reg,reg|fast-balanced-panel|panel,1,400,50,if_assembly,.056
s6-inproc-dr,dr,9,reg,reg|fast-balanced-panel|panel,1,400,50,cache_post,.004
s6-inproc-dr,dr,9,reg,reg|fast-balanced-panel|panel,1,400,50,cluster,0
s6-inproc-dr,dr,9,reg,reg|fast-balanced-panel|panel,1,400,50,bootstrap,0
s6-inproc-dr,dr,9,reg,reg|fast-balanced-panel|panel,1,400,50,aggregation,0
s6-inproc-dr,dr,9,reg,reg|fast-balanced-panel|panel,1,400,50,unprofiled,.4959999999999997
s6-inproc-dr,dr,9,reg,reg|fast-balanced-panel|panel,1,400,50,total,1.064
s6-inproc-dr,dr,9,ipw,ipw|fast-balanced-panel|panel,2,400,50,setup,.1270000000000001
s6-inproc-dr,dr,9,ipw,ipw|fast-balanced-panel|panel,2,400,50,cell_extract,0
s6-inproc-dr,dr,9,ipw,ipw|fast-balanced-panel|panel,2,400,50,model_fit,1.020000000000001
s6-inproc-dr,dr,9,ipw,ipw|fast-balanced-panel|panel,2,400,50,if_assembly,.042
s6-inproc-dr,dr,9,ipw,ipw|fast-balanced-panel|panel,2,400,50,cache_post,0
s6-inproc-dr,dr,9,ipw,ipw|fast-balanced-panel|panel,2,400,50,cluster,0
s6-inproc-dr,dr,9,ipw,ipw|fast-balanced-panel|panel,2,400,50,bootstrap,0
s6-inproc-dr,dr,9,ipw,ipw|fast-balanced-panel|panel,2,400,50,aggregation,0
s6-inproc-dr,dr,9,ipw,ipw|fast-balanced-panel|panel,2,400,50,unprofiled,.486999999999999
s6-inproc-dr,dr,9,ipw,ipw|fast-balanced-panel|panel,2,400,50,total,1.676
s6-inproc-dr,dr,9,dr,dr|fast-balanced-panel|panel,3,400,50,setup,.1220000000000001
s6-inproc-dr,dr,9,dr,dr|fast-balanced-panel|panel,3,400,50,cell_extract,0
s6-inproc-dr,dr,9,dr,dr|fast-balanced-panel|panel,3,400,50,model_fit,1.393
s6-inproc-dr,dr,9,dr,dr|fast-balanced-panel|panel,3,400,50,if_assembly,.041
s6-inproc-dr,dr,9,dr,dr|fast-balanced-panel|panel,3,400,50,cache_post,0
s6-inproc-dr,dr,9,dr,dr|fast-balanced-panel|panel,3,400,50,cluster,0
s6-inproc-dr,dr,9,dr,dr|fast-balanced-panel|panel,3,400,50,bootstrap,0
s6-inproc-dr,dr,9,dr,dr|fast-balanced-panel|panel,3,400,50,aggregation,0
s6-inproc-dr,dr,9,dr,dr|fast-balanced-panel|panel,3,400,50,unprofiled,.5190000000000001
s6-inproc-dr,dr,9,dr,dr|fast-balanced-panel|panel,3,400,50,total,2.075
s6-inproc-dr,dr,9,dr_rc,dr|fast-repeated-cross-section|repeated-cross-section,4,400,50,setup,.2430000000000001
s6-inproc-dr,dr,9,dr_rc,dr|fast-repeated-cross-section|repeated-cross-section,4,400,50,cell_extract,.042
s6-inproc-dr,dr,9,dr_rc,dr|fast-repeated-cross-section|repeated-cross-section,4,400,50,model_fit,2.920000000000002
s6-inproc-dr,dr,9,dr_rc,dr|fast-repeated-cross-section|repeated-cross-section,4,400,50,if_assembly,.2090000000000001
s6-inproc-dr,dr,9,dr_rc,dr|fast-repeated-cross-section|repeated-cross-section,4,400,50,cache_post,.008
s6-inproc-dr,dr,9,dr_rc,dr|fast-repeated-cross-section|repeated-cross-section,4,400,50,cluster,0
s6-inproc-dr,dr,9,dr_rc,dr|fast-repeated-cross-section|repeated-cross-section,4,400,50,bootstrap,0
s6-inproc-dr,dr,9,dr_rc,dr|fast-repeated-cross-section|repeated-cross-section,4,400,50,aggregation,0
s6-inproc-dr,dr,9,dr_rc,dr|fast-repeated-cross-section|repeated-cross-section,4,400,50,unprofiled,.6609999999999965
s6-inproc-dr,dr,9,dr_rc,dr|fast-repeated-cross-section|repeated-cross-section,4,400,50,total,4.082999999999998
s6-inproc-dr,head,9,reg,reg|fast-balanced-panel|panel,1,400,50,setup,.1240000000000001
s6-inproc-dr,head,9,reg,reg|fast-balanced-panel|panel,1,400,50,cell_extract,0
s6-inproc-dr,head,9,reg,reg|fast-balanced-panel|panel,1,400,50,model_fit,.3850000000000003
s6-inproc-dr,head,9,reg,reg|fast-balanced-panel|panel,1,400,50,if_assembly,.06
s6-inproc-dr,head,9,reg,reg|fast-balanced-panel|panel,1,400,50,cache_post,.003
s6-inproc-dr,head,9,reg,reg|fast-balanced-panel|panel,1,400,50,cluster,0
s6-inproc-dr,head,9,reg,reg|fast-balanced-panel|panel,1,400,50,bootstrap,0
s6-inproc-dr,head,9,reg,reg|fast-balanced-panel|panel,1,400,50,aggregation,0
s6-inproc-dr,head,9,reg,reg|fast-balanced-panel|panel,1,400,50,unprofiled,.4949999999999996
s6-inproc-dr,head,9,reg,reg|fast-balanced-panel|panel,1,400,50,total,1.067
s6-inproc-dr,head,9,ipw,ipw|fast-balanced-panel|panel,2,400,50,setup,.1300000000000001
s6-inproc-dr,head,9,ipw,ipw|fast-balanced-panel|panel,2,400,50,cell_extract,0
s6-inproc-dr,head,9,ipw,ipw|fast-balanced-panel|panel,2,400,50,model_fit,1.004000000000001
s6-inproc-dr,head,9,ipw,ipw|fast-balanced-panel|panel,2,400,50,if_assembly,.053
s6-inproc-dr,head,9,ipw,ipw|fast-balanced-panel|panel,2,400,50,cache_post,.001
s6-inproc-dr,head,9,ipw,ipw|fast-balanced-panel|panel,2,400,50,cluster,0
s6-inproc-dr,head,9,ipw,ipw|fast-balanced-panel|panel,2,400,50,bootstrap,0
s6-inproc-dr,head,9,ipw,ipw|fast-balanced-panel|panel,2,400,50,aggregation,0
s6-inproc-dr,head,9,ipw,ipw|fast-balanced-panel|panel,2,400,50,unprofiled,.498999999999999
s6-inproc-dr,head,9,ipw,ipw|fast-balanced-panel|panel,2,400,50,total,1.687
s6-inproc-dr,head,9,dr,dr|fast-balanced-panel|panel,3,400,50,setup,.1270000000000001
s6-inproc-dr,head,9,dr,dr|fast-balanced-panel|panel,3,400,50,cell_extract,0
s6-inproc-dr,head,9,dr,dr|fast-balanced-panel|panel,3,400,50,model_fit,1.39
s6-inproc-dr,head,9,dr,dr|fast-balanced-panel|panel,3,400,50,if_assembly,.062
s6-inproc-dr,head,9,dr,dr|fast-balanced-panel|panel,3,400,50,cache_post,.004
s6-inproc-dr,head,9,dr,dr|fast-balanced-panel|panel,3,400,50,cluster,0
s6-inproc-dr,head,9,dr,dr|fast-balanced-panel|panel,3,400,50,bootstrap,0
s6-inproc-dr,head,9,dr,dr|fast-balanced-panel|panel,3,400,50,aggregation,0
s6-inproc-dr,head,9,dr,dr|fast-balanced-panel|panel,3,400,50,unprofiled,.5120000000000002
s6-inproc-dr,head,9,dr,dr|fast-balanced-panel|panel,3,400,50,total,2.095
s6-inproc-dr,head,9,dr_rc,dr|fast-repeated-cross-section|repeated-cross-section,4,400,50,setup,.2510000000000001
s6-inproc-dr,head,9,dr_rc,dr|fast-repeated-cross-section|repeated-cross-section,4,400,50,cell_extract,.038
s6-inproc-dr,head,9,dr_rc,dr|fast-repeated-cross-section|repeated-cross-section,4,400,50,model_fit,2.957
s6-inproc-dr,head,9,dr_rc,dr|fast-repeated-cross-section|repeated-cross-section,4,400,50,if_assembly,.2130000000000001
s6-inproc-dr,head,9,dr_rc,dr|fast-repeated-cross-section|repeated-cross-section,4,400,50,cache_post,.001
s6-inproc-dr,head,9,dr_rc,dr|fast-repeated-cross-section|repeated-cross-section,4,400,50,cluster,0
s6-inproc-dr,head,9,dr_rc,dr|fast-repeated-cross-section|repeated-cross-section,4,400,50,bootstrap,0
s6-inproc-dr,head,9,dr_rc,dr|fast-repeated-cross-section|repeated-cross-section,4,400,50,aggregation,0
s6-inproc-dr,head,9,dr_rc,dr|fast-repeated-cross-section|repeated-cross-section,4,400,50,unprofiled,.6909999999999998
s6-inproc-dr,head,9,dr_rc,dr|fast-repeated-cross-section|repeated-cross-section,4,400,50,total,4.151
s6-inproc-dr,dr,10,reg,reg|fast-balanced-panel|panel,1,400,50,setup,.1220000000000001
s6-inproc-dr,dr,10,reg,reg|fast-balanced-panel|panel,1,400,50,cell_extract,0
s6-inproc-dr,dr,10,reg,reg|fast-balanced-panel|panel,1,400,50,model_fit,.3970000000000003
s6-inproc-dr,dr,10,reg,reg|fast-balanced-panel|panel,1,400,50,if_assembly,.045
s6-inproc-dr,dr,10,reg,reg|fast-balanced-panel|panel,1,400,50,cache_post,.002
s6-inproc-dr,dr,10,reg,reg|fast-balanced-panel|panel,1,400,50,cluster,0
s6-inproc-dr,dr,10,reg,reg|fast-balanced-panel|panel,1,400,50,bootstrap,0
s6-inproc-dr,dr,10,reg,reg|fast-balanced-panel|panel,1,400,50,aggregation,0
s6-inproc-dr,dr,10,reg,reg|fast-balanced-panel|panel,1,400,50,unprofiled,.5119999999999997
s6-inproc-dr,dr,10,reg,reg|fast-balanced-panel|panel,1,400,50,total,1.078
s6-inproc-dr,dr,10,dr_rc,dr|fast-repeated-cross-section|repeated-cross-section,2,400,50,setup,.2440000000000002
s6-inproc-dr,dr,10,dr_rc,dr|fast-repeated-cross-section|repeated-cross-section,2,400,50,cell_extract,.037
s6-inproc-dr,dr,10,dr_rc,dr|fast-repeated-cross-section|repeated-cross-section,2,400,50,model_fit,2.918
s6-inproc-dr,dr,10,dr_rc,dr|fast-repeated-cross-section|repeated-cross-section,2,400,50,if_assembly,.2040000000000001
s6-inproc-dr,dr,10,dr_rc,dr|fast-repeated-cross-section|repeated-cross-section,2,400,50,cache_post,.002
s6-inproc-dr,dr,10,dr_rc,dr|fast-repeated-cross-section|repeated-cross-section,2,400,50,cluster,0
s6-inproc-dr,dr,10,dr_rc,dr|fast-repeated-cross-section|repeated-cross-section,2,400,50,bootstrap,0
s6-inproc-dr,dr,10,dr_rc,dr|fast-repeated-cross-section|repeated-cross-section,2,400,50,aggregation,0
s6-inproc-dr,dr,10,dr_rc,dr|fast-repeated-cross-section|repeated-cross-section,2,400,50,unprofiled,.698
s6-inproc-dr,dr,10,dr_rc,dr|fast-repeated-cross-section|repeated-cross-section,2,400,50,total,4.103
s6-inproc-dr,dr,10,dr,dr|fast-balanced-panel|panel,3,400,50,setup,.1320000000000001
s6-inproc-dr,dr,10,dr,dr|fast-balanced-panel|panel,3,400,50,cell_extract,0
s6-inproc-dr,dr,10,dr,dr|fast-balanced-panel|panel,3,400,50,model_fit,1.378
s6-inproc-dr,dr,10,dr,dr|fast-balanced-panel|panel,3,400,50,if_assembly,.055
s6-inproc-dr,dr,10,dr,dr|fast-balanced-panel|panel,3,400,50,cache_post,.003
s6-inproc-dr,dr,10,dr,dr|fast-balanced-panel|panel,3,400,50,cluster,0
s6-inproc-dr,dr,10,dr,dr|fast-balanced-panel|panel,3,400,50,bootstrap,0
s6-inproc-dr,dr,10,dr,dr|fast-balanced-panel|panel,3,400,50,aggregation,0
s6-inproc-dr,dr,10,dr,dr|fast-balanced-panel|panel,3,400,50,unprofiled,.5470000000000002
s6-inproc-dr,dr,10,dr,dr|fast-balanced-panel|panel,3,400,50,total,2.115
s6-inproc-dr,dr,10,ipw,ipw|fast-balanced-panel|panel,4,400,50,setup,.1310000000000001
s6-inproc-dr,dr,10,ipw,ipw|fast-balanced-panel|panel,4,400,50,cell_extract,0
s6-inproc-dr,dr,10,ipw,ipw|fast-balanced-panel|panel,4,400,50,model_fit,1.024000000000001
s6-inproc-dr,dr,10,ipw,ipw|fast-balanced-panel|panel,4,400,50,if_assembly,.055
s6-inproc-dr,dr,10,ipw,ipw|fast-balanced-panel|panel,4,400,50,cache_post,.003
s6-inproc-dr,dr,10,ipw,ipw|fast-balanced-panel|panel,4,400,50,cluster,0
s6-inproc-dr,dr,10,ipw,ipw|fast-balanced-panel|panel,4,400,50,bootstrap,0
s6-inproc-dr,dr,10,ipw,ipw|fast-balanced-panel|panel,4,400,50,aggregation,0
s6-inproc-dr,dr,10,ipw,ipw|fast-balanced-panel|panel,4,400,50,unprofiled,.554999999999999
s6-inproc-dr,dr,10,ipw,ipw|fast-balanced-panel|panel,4,400,50,total,1.768
s6-inproc-dr,head,10,reg,reg|fast-balanced-panel|panel,1,400,50,setup,.1230000000000001
s6-inproc-dr,head,10,reg,reg|fast-balanced-panel|panel,1,400,50,cell_extract,0
s6-inproc-dr,head,10,reg,reg|fast-balanced-panel|panel,1,400,50,model_fit,.3750000000000003
s6-inproc-dr,head,10,reg,reg|fast-balanced-panel|panel,1,400,50,if_assembly,.05
s6-inproc-dr,head,10,reg,reg|fast-balanced-panel|panel,1,400,50,cache_post,.003
s6-inproc-dr,head,10,reg,reg|fast-balanced-panel|panel,1,400,50,cluster,0
s6-inproc-dr,head,10,reg,reg|fast-balanced-panel|panel,1,400,50,bootstrap,0
s6-inproc-dr,head,10,reg,reg|fast-balanced-panel|panel,1,400,50,aggregation,0
s6-inproc-dr,head,10,reg,reg|fast-balanced-panel|panel,1,400,50,unprofiled,.5189999999999997
s6-inproc-dr,head,10,reg,reg|fast-balanced-panel|panel,1,400,50,total,1.07
s6-inproc-dr,head,10,dr_rc,dr|fast-repeated-cross-section|repeated-cross-section,2,400,50,setup,.2430000000000002
s6-inproc-dr,head,10,dr_rc,dr|fast-repeated-cross-section|repeated-cross-section,2,400,50,cell_extract,.045
s6-inproc-dr,head,10,dr_rc,dr|fast-repeated-cross-section|repeated-cross-section,2,400,50,model_fit,2.92
s6-inproc-dr,head,10,dr_rc,dr|fast-repeated-cross-section|repeated-cross-section,2,400,50,if_assembly,.2040000000000001
s6-inproc-dr,head,10,dr_rc,dr|fast-repeated-cross-section|repeated-cross-section,2,400,50,cache_post,.002
s6-inproc-dr,head,10,dr_rc,dr|fast-repeated-cross-section|repeated-cross-section,2,400,50,cluster,0
s6-inproc-dr,head,10,dr_rc,dr|fast-repeated-cross-section|repeated-cross-section,2,400,50,bootstrap,0
s6-inproc-dr,head,10,dr_rc,dr|fast-repeated-cross-section|repeated-cross-section,2,400,50,aggregation,0
s6-inproc-dr,head,10,dr_rc,dr|fast-repeated-cross-section|repeated-cross-section,2,400,50,unprofiled,.6769999999999992
s6-inproc-dr,head,10,dr_rc,dr|fast-repeated-cross-section|repeated-cross-section,2,400,50,total,4.090999999999999
s6-inproc-dr,head,10,dr,dr|fast-balanced-panel|panel,3,400,50,setup,.1310000000000001
s6-inproc-dr,head,10,dr,dr|fast-balanced-panel|panel,3,400,50,cell_extract,0
s6-inproc-dr,head,10,dr,dr|fast-balanced-panel|panel,3,400,50,model_fit,1.379
s6-inproc-dr,head,10,dr,dr|fast-balanced-panel|panel,3,400,50,if_assembly,.064
s6-inproc-dr,head,10,dr,dr|fast-balanced-panel|panel,3,400,50,cache_post,.004
s6-inproc-dr,head,10,dr,dr|fast-balanced-panel|panel,3,400,50,cluster,0
s6-inproc-dr,head,10,dr,dr|fast-balanced-panel|panel,3,400,50,bootstrap,0
s6-inproc-dr,head,10,dr,dr|fast-balanced-panel|panel,3,400,50,aggregation,0
s6-inproc-dr,head,10,dr,dr|fast-balanced-panel|panel,3,400,50,unprofiled,.5469999999999999
s6-inproc-dr,head,10,dr,dr|fast-balanced-panel|panel,3,400,50,total,2.125
s6-inproc-dr,head,10,ipw,ipw|fast-balanced-panel|panel,4,400,50,setup,.1260000000000001
s6-inproc-dr,head,10,ipw,ipw|fast-balanced-panel|panel,4,400,50,cell_extract,0
s6-inproc-dr,head,10,ipw,ipw|fast-balanced-panel|panel,4,400,50,model_fit,.9870000000000008
s6-inproc-dr,head,10,ipw,ipw|fast-balanced-panel|panel,4,400,50,if_assembly,.0770000000000001
s6-inproc-dr,head,10,ipw,ipw|fast-balanced-panel|panel,4,400,50,cache_post,.002
s6-inproc-dr,head,10,ipw,ipw|fast-balanced-panel|panel,4,400,50,cluster,0
s6-inproc-dr,head,10,ipw,ipw|fast-balanced-panel|panel,4,400,50,bootstrap,0
s6-inproc-dr,head,10,ipw,ipw|fast-balanced-panel|panel,4,400,50,aggregation,0
s6-inproc-dr,head,10,ipw,ipw|fast-balanced-panel|panel,4,400,50,unprofiled,.540999999999999
s6-inproc-dr,head,10,ipw,ipw|fast-balanced-panel|panel,4,400,50,total,1.733
s6-inproc-dr,dr,11,dr,dr|fast-balanced-panel|panel,1,400,50,setup,.1310000000000001
s6-inproc-dr,dr,11,dr,dr|fast-balanced-panel|panel,1,400,50,cell_extract,0
s6-inproc-dr,dr,11,dr,dr|fast-balanced-panel|panel,1,400,50,model_fit,1.365
s6-inproc-dr,dr,11,dr,dr|fast-balanced-panel|panel,1,400,50,if_assembly,.058
s6-inproc-dr,dr,11,dr,dr|fast-balanced-panel|panel,1,400,50,cache_post,.005
s6-inproc-dr,dr,11,dr,dr|fast-balanced-panel|panel,1,400,50,cluster,0
s6-inproc-dr,dr,11,dr,dr|fast-balanced-panel|panel,1,400,50,bootstrap,0
s6-inproc-dr,dr,11,dr,dr|fast-balanced-panel|panel,1,400,50,aggregation,0
s6-inproc-dr,dr,11,dr,dr|fast-balanced-panel|panel,1,400,50,unprofiled,.506
s6-inproc-dr,dr,11,dr,dr|fast-balanced-panel|panel,1,400,50,total,2.065
s6-inproc-dr,dr,11,dr_rc,dr|fast-repeated-cross-section|repeated-cross-section,2,400,50,setup,.2440000000000001
s6-inproc-dr,dr,11,dr_rc,dr|fast-repeated-cross-section|repeated-cross-section,2,400,50,cell_extract,.036
s6-inproc-dr,dr,11,dr_rc,dr|fast-repeated-cross-section|repeated-cross-section,2,400,50,model_fit,2.926000000000001
s6-inproc-dr,dr,11,dr_rc,dr|fast-repeated-cross-section|repeated-cross-section,2,400,50,if_assembly,.2110000000000001
s6-inproc-dr,dr,11,dr_rc,dr|fast-repeated-cross-section|repeated-cross-section,2,400,50,cache_post,.005
s6-inproc-dr,dr,11,dr_rc,dr|fast-repeated-cross-section|repeated-cross-section,2,400,50,cluster,0
s6-inproc-dr,dr,11,dr_rc,dr|fast-repeated-cross-section|repeated-cross-section,2,400,50,bootstrap,0
s6-inproc-dr,dr,11,dr_rc,dr|fast-repeated-cross-section|repeated-cross-section,2,400,50,aggregation,0
s6-inproc-dr,dr,11,dr_rc,dr|fast-repeated-cross-section|repeated-cross-section,2,400,50,unprofiled,.6779999999999977
s6-inproc-dr,dr,11,dr_rc,dr|fast-repeated-cross-section|repeated-cross-section,2,400,50,total,4.099999999999999
s6-inproc-dr,dr,11,reg,reg|fast-balanced-panel|panel,3,400,50,setup,.1250000000000001
s6-inproc-dr,dr,11,reg,reg|fast-balanced-panel|panel,3,400,50,cell_extract,0
s6-inproc-dr,dr,11,reg,reg|fast-balanced-panel|panel,3,400,50,model_fit,.4020000000000003
s6-inproc-dr,dr,11,reg,reg|fast-balanced-panel|panel,3,400,50,if_assembly,.048
s6-inproc-dr,dr,11,reg,reg|fast-balanced-panel|panel,3,400,50,cache_post,.002
s6-inproc-dr,dr,11,reg,reg|fast-balanced-panel|panel,3,400,50,cluster,0
s6-inproc-dr,dr,11,reg,reg|fast-balanced-panel|panel,3,400,50,bootstrap,0
s6-inproc-dr,dr,11,reg,reg|fast-balanced-panel|panel,3,400,50,aggregation,0
s6-inproc-dr,dr,11,reg,reg|fast-balanced-panel|panel,3,400,50,unprofiled,.5310000000000006
s6-inproc-dr,dr,11,reg,reg|fast-balanced-panel|panel,3,400,50,total,1.108000000000001
s6-inproc-dr,dr,11,ipw,ipw|fast-balanced-panel|panel,4,400,50,setup,.1340000000000001
s6-inproc-dr,dr,11,ipw,ipw|fast-balanced-panel|panel,4,400,50,cell_extract,0
s6-inproc-dr,dr,11,ipw,ipw|fast-balanced-panel|panel,4,400,50,model_fit,1.020000000000001
s6-inproc-dr,dr,11,ipw,ipw|fast-balanced-panel|panel,4,400,50,if_assembly,.052
s6-inproc-dr,dr,11,ipw,ipw|fast-balanced-panel|panel,4,400,50,cache_post,.003
s6-inproc-dr,dr,11,ipw,ipw|fast-balanced-panel|panel,4,400,50,cluster,0
s6-inproc-dr,dr,11,ipw,ipw|fast-balanced-panel|panel,4,400,50,bootstrap,0
s6-inproc-dr,dr,11,ipw,ipw|fast-balanced-panel|panel,4,400,50,aggregation,0
s6-inproc-dr,dr,11,ipw,ipw|fast-balanced-panel|panel,4,400,50,unprofiled,.5259999999999991
s6-inproc-dr,dr,11,ipw,ipw|fast-balanced-panel|panel,4,400,50,total,1.735
s6-inproc-dr,head,11,dr,dr|fast-balanced-panel|panel,1,400,50,setup,.1240000000000001
s6-inproc-dr,head,11,dr,dr|fast-balanced-panel|panel,1,400,50,cell_extract,0
s6-inproc-dr,head,11,dr,dr|fast-balanced-panel|panel,1,400,50,model_fit,1.386
s6-inproc-dr,head,11,dr,dr|fast-balanced-panel|panel,1,400,50,if_assembly,.048
s6-inproc-dr,head,11,dr,dr|fast-balanced-panel|panel,1,400,50,cache_post,.002
s6-inproc-dr,head,11,dr,dr|fast-balanced-panel|panel,1,400,50,cluster,0
s6-inproc-dr,head,11,dr,dr|fast-balanced-panel|panel,1,400,50,bootstrap,0
s6-inproc-dr,head,11,dr,dr|fast-balanced-panel|panel,1,400,50,aggregation,0
s6-inproc-dr,head,11,dr,dr|fast-balanced-panel|panel,1,400,50,unprofiled,.5229999999999988
s6-inproc-dr,head,11,dr,dr|fast-balanced-panel|panel,1,400,50,total,2.082999999999999
s6-inproc-dr,head,11,dr_rc,dr|fast-repeated-cross-section|repeated-cross-section,2,400,50,setup,.2430000000000001
s6-inproc-dr,head,11,dr_rc,dr|fast-repeated-cross-section|repeated-cross-section,2,400,50,cell_extract,.043
s6-inproc-dr,head,11,dr_rc,dr|fast-repeated-cross-section|repeated-cross-section,2,400,50,model_fit,2.913000000000001
s6-inproc-dr,head,11,dr_rc,dr|fast-repeated-cross-section|repeated-cross-section,2,400,50,if_assembly,.2210000000000001
s6-inproc-dr,head,11,dr_rc,dr|fast-repeated-cross-section|repeated-cross-section,2,400,50,cache_post,.003
s6-inproc-dr,head,11,dr_rc,dr|fast-repeated-cross-section|repeated-cross-section,2,400,50,cluster,0
s6-inproc-dr,head,11,dr_rc,dr|fast-repeated-cross-section|repeated-cross-section,2,400,50,bootstrap,0
s6-inproc-dr,head,11,dr_rc,dr|fast-repeated-cross-section|repeated-cross-section,2,400,50,aggregation,0
s6-inproc-dr,head,11,dr_rc,dr|fast-repeated-cross-section|repeated-cross-section,2,400,50,unprofiled,.6809999999999974
s6-inproc-dr,head,11,dr_rc,dr|fast-repeated-cross-section|repeated-cross-section,2,400,50,total,4.103999999999998
s6-inproc-dr,head,11,reg,reg|fast-balanced-panel|panel,3,400,50,setup,.1370000000000001
s6-inproc-dr,head,11,reg,reg|fast-balanced-panel|panel,3,400,50,cell_extract,0
s6-inproc-dr,head,11,reg,reg|fast-balanced-panel|panel,3,400,50,model_fit,.4170000000000003
s6-inproc-dr,head,11,reg,reg|fast-balanced-panel|panel,3,400,50,if_assembly,.059
s6-inproc-dr,head,11,reg,reg|fast-balanced-panel|panel,3,400,50,cache_post,.002
s6-inproc-dr,head,11,reg,reg|fast-balanced-panel|panel,3,400,50,cluster,0
s6-inproc-dr,head,11,reg,reg|fast-balanced-panel|panel,3,400,50,bootstrap,0
s6-inproc-dr,head,11,reg,reg|fast-balanced-panel|panel,3,400,50,aggregation,0
s6-inproc-dr,head,11,reg,reg|fast-balanced-panel|panel,3,400,50,unprofiled,.5509999999999995
s6-inproc-dr,head,11,reg,reg|fast-balanced-panel|panel,3,400,50,total,1.166
s6-inproc-dr,head,11,ipw,ipw|fast-balanced-panel|panel,4,400,50,setup,.1440000000000001
s6-inproc-dr,head,11,ipw,ipw|fast-balanced-panel|panel,4,400,50,cell_extract,0
s6-inproc-dr,head,11,ipw,ipw|fast-balanced-panel|panel,4,400,50,model_fit,1.035000000000001
s6-inproc-dr,head,11,ipw,ipw|fast-balanced-panel|panel,4,400,50,if_assembly,.069
s6-inproc-dr,head,11,ipw,ipw|fast-balanced-panel|panel,4,400,50,cache_post,.003
s6-inproc-dr,head,11,ipw,ipw|fast-balanced-panel|panel,4,400,50,cluster,0
s6-inproc-dr,head,11,ipw,ipw|fast-balanced-panel|panel,4,400,50,bootstrap,0
s6-inproc-dr,head,11,ipw,ipw|fast-balanced-panel|panel,4,400,50,aggregation,0
s6-inproc-dr,head,11,ipw,ipw|fast-balanced-panel|panel,4,400,50,unprofiled,.589999999999999
s6-inproc-dr,head,11,ipw,ipw|fast-balanced-panel|panel,4,400,50,total,1.841
s6-inproc-dr,dr,12,dr,dr|fast-balanced-panel|panel,1,400,50,setup,.1450000000000001
s6-inproc-dr,dr,12,dr,dr|fast-balanced-panel|panel,1,400,50,cell_extract,0
s6-inproc-dr,dr,12,dr,dr|fast-balanced-panel|panel,1,400,50,model_fit,1.688
s6-inproc-dr,dr,12,dr,dr|fast-balanced-panel|panel,1,400,50,if_assembly,.058
s6-inproc-dr,dr,12,dr,dr|fast-balanced-panel|panel,1,400,50,cache_post,.002
s6-inproc-dr,dr,12,dr,dr|fast-balanced-panel|panel,1,400,50,cluster,0
s6-inproc-dr,dr,12,dr,dr|fast-balanced-panel|panel,1,400,50,bootstrap,0
s6-inproc-dr,dr,12,dr,dr|fast-balanced-panel|panel,1,400,50,aggregation,0
s6-inproc-dr,dr,12,dr,dr|fast-balanced-panel|panel,1,400,50,unprofiled,.5859999999999992
s6-inproc-dr,dr,12,dr,dr|fast-balanced-panel|panel,1,400,50,total,2.478999999999999
s6-inproc-dr,dr,12,ipw,ipw|fast-balanced-panel|panel,2,400,50,setup,.1250000000000001
s6-inproc-dr,dr,12,ipw,ipw|fast-balanced-panel|panel,2,400,50,cell_extract,0
s6-inproc-dr,dr,12,ipw,ipw|fast-balanced-panel|panel,2,400,50,model_fit,1.027000000000001
s6-inproc-dr,dr,12,ipw,ipw|fast-balanced-panel|panel,2,400,50,if_assembly,.052
s6-inproc-dr,dr,12,ipw,ipw|fast-balanced-panel|panel,2,400,50,cache_post,.005
s6-inproc-dr,dr,12,ipw,ipw|fast-balanced-panel|panel,2,400,50,cluster,0
s6-inproc-dr,dr,12,ipw,ipw|fast-balanced-panel|panel,2,400,50,bootstrap,0
s6-inproc-dr,dr,12,ipw,ipw|fast-balanced-panel|panel,2,400,50,aggregation,0
s6-inproc-dr,dr,12,ipw,ipw|fast-balanced-panel|panel,2,400,50,unprofiled,.526999999999999
s6-inproc-dr,dr,12,ipw,ipw|fast-balanced-panel|panel,2,400,50,total,1.736
s6-inproc-dr,dr,12,reg,reg|fast-balanced-panel|panel,3,400,50,setup,.1260000000000001
s6-inproc-dr,dr,12,reg,reg|fast-balanced-panel|panel,3,400,50,cell_extract,0
s6-inproc-dr,dr,12,reg,reg|fast-balanced-panel|panel,3,400,50,model_fit,.3780000000000003
s6-inproc-dr,dr,12,reg,reg|fast-balanced-panel|panel,3,400,50,if_assembly,.061
s6-inproc-dr,dr,12,reg,reg|fast-balanced-panel|panel,3,400,50,cache_post,0
s6-inproc-dr,dr,12,reg,reg|fast-balanced-panel|panel,3,400,50,cluster,0
s6-inproc-dr,dr,12,reg,reg|fast-balanced-panel|panel,3,400,50,bootstrap,0
s6-inproc-dr,dr,12,reg,reg|fast-balanced-panel|panel,3,400,50,aggregation,0
s6-inproc-dr,dr,12,reg,reg|fast-balanced-panel|panel,3,400,50,unprofiled,.5210000000000006
s6-inproc-dr,dr,12,reg,reg|fast-balanced-panel|panel,3,400,50,total,1.086000000000001
s6-inproc-dr,dr,12,dr_rc,dr|fast-repeated-cross-section|repeated-cross-section,4,400,50,setup,.2460000000000001
s6-inproc-dr,dr,12,dr_rc,dr|fast-repeated-cross-section|repeated-cross-section,4,400,50,cell_extract,.036
s6-inproc-dr,dr,12,dr_rc,dr|fast-repeated-cross-section|repeated-cross-section,4,400,50,model_fit,2.917
s6-inproc-dr,dr,12,dr_rc,dr|fast-repeated-cross-section|repeated-cross-section,4,400,50,if_assembly,.2140000000000001
s6-inproc-dr,dr,12,dr_rc,dr|fast-repeated-cross-section|repeated-cross-section,4,400,50,cache_post,.006
s6-inproc-dr,dr,12,dr_rc,dr|fast-repeated-cross-section|repeated-cross-section,4,400,50,cluster,0
s6-inproc-dr,dr,12,dr_rc,dr|fast-repeated-cross-section|repeated-cross-section,4,400,50,bootstrap,0
s6-inproc-dr,dr,12,dr_rc,dr|fast-repeated-cross-section|repeated-cross-section,4,400,50,aggregation,0
s6-inproc-dr,dr,12,dr_rc,dr|fast-repeated-cross-section|repeated-cross-section,4,400,50,unprofiled,.6819999999999982
s6-inproc-dr,dr,12,dr_rc,dr|fast-repeated-cross-section|repeated-cross-section,4,400,50,total,4.100999999999998
s6-inproc-dr,head,12,dr,dr|fast-balanced-panel|panel,1,400,50,setup,.1230000000000001
s6-inproc-dr,head,12,dr,dr|fast-balanced-panel|panel,1,400,50,cell_extract,0
s6-inproc-dr,head,12,dr,dr|fast-balanced-panel|panel,1,400,50,model_fit,1.387
s6-inproc-dr,head,12,dr,dr|fast-balanced-panel|panel,1,400,50,if_assembly,.051
s6-inproc-dr,head,12,dr,dr|fast-balanced-panel|panel,1,400,50,cache_post,.001
s6-inproc-dr,head,12,dr,dr|fast-balanced-panel|panel,1,400,50,cluster,0
s6-inproc-dr,head,12,dr,dr|fast-balanced-panel|panel,1,400,50,bootstrap,0
s6-inproc-dr,head,12,dr,dr|fast-balanced-panel|panel,1,400,50,aggregation,0
s6-inproc-dr,head,12,dr,dr|fast-balanced-panel|panel,1,400,50,unprofiled,.5119999999999998
s6-inproc-dr,head,12,dr,dr|fast-balanced-panel|panel,1,400,50,total,2.074
s6-inproc-dr,head,12,ipw,ipw|fast-balanced-panel|panel,2,400,50,setup,.1250000000000001
s6-inproc-dr,head,12,ipw,ipw|fast-balanced-panel|panel,2,400,50,cell_extract,0
s6-inproc-dr,head,12,ipw,ipw|fast-balanced-panel|panel,2,400,50,model_fit,.9960000000000008
s6-inproc-dr,head,12,ipw,ipw|fast-balanced-panel|panel,2,400,50,if_assembly,.05
s6-inproc-dr,head,12,ipw,ipw|fast-balanced-panel|panel,2,400,50,cache_post,.004
s6-inproc-dr,head,12,ipw,ipw|fast-balanced-panel|panel,2,400,50,cluster,0
s6-inproc-dr,head,12,ipw,ipw|fast-balanced-panel|panel,2,400,50,bootstrap,0
s6-inproc-dr,head,12,ipw,ipw|fast-balanced-panel|panel,2,400,50,aggregation,0
s6-inproc-dr,head,12,ipw,ipw|fast-balanced-panel|panel,2,400,50,unprofiled,.516999999999999
s6-inproc-dr,head,12,ipw,ipw|fast-balanced-panel|panel,2,400,50,total,1.692
s6-inproc-dr,head,12,reg,reg|fast-balanced-panel|panel,3,400,50,setup,.1260000000000001
s6-inproc-dr,head,12,reg,reg|fast-balanced-panel|panel,3,400,50,cell_extract,0
s6-inproc-dr,head,12,reg,reg|fast-balanced-panel|panel,3,400,50,model_fit,.3900000000000003
s6-inproc-dr,head,12,reg,reg|fast-balanced-panel|panel,3,400,50,if_assembly,.062
s6-inproc-dr,head,12,reg,reg|fast-balanced-panel|panel,3,400,50,cache_post,.002
s6-inproc-dr,head,12,reg,reg|fast-balanced-panel|panel,3,400,50,cluster,0
s6-inproc-dr,head,12,reg,reg|fast-balanced-panel|panel,3,400,50,bootstrap,0
s6-inproc-dr,head,12,reg,reg|fast-balanced-panel|panel,3,400,50,aggregation,0
s6-inproc-dr,head,12,reg,reg|fast-balanced-panel|panel,3,400,50,unprofiled,.4949999999999994
s6-inproc-dr,head,12,reg,reg|fast-balanced-panel|panel,3,400,50,total,1.075
s6-inproc-dr,head,12,dr_rc,dr|fast-repeated-cross-section|repeated-cross-section,4,400,50,setup,.2450000000000002
s6-inproc-dr,head,12,dr_rc,dr|fast-repeated-cross-section|repeated-cross-section,4,400,50,cell_extract,.04
s6-inproc-dr,head,12,dr_rc,dr|fast-repeated-cross-section|repeated-cross-section,4,400,50,model_fit,2.889
s6-inproc-dr,head,12,dr_rc,dr|fast-repeated-cross-section|repeated-cross-section,4,400,50,if_assembly,.2190000000000001
s6-inproc-dr,head,12,dr_rc,dr|fast-repeated-cross-section|repeated-cross-section,4,400,50,cache_post,.002
s6-inproc-dr,head,12,dr_rc,dr|fast-repeated-cross-section|repeated-cross-section,4,400,50,cluster,0
s6-inproc-dr,head,12,dr_rc,dr|fast-repeated-cross-section|repeated-cross-section,4,400,50,bootstrap,0
s6-inproc-dr,head,12,dr_rc,dr|fast-repeated-cross-section|repeated-cross-section,4,400,50,aggregation,0
s6-inproc-dr,head,12,dr_rc,dr|fast-repeated-cross-section|repeated-cross-section,4,400,50,unprofiled,.6749999999999994
s6-inproc-dr,head,12,dr_rc,dr|fast-repeated-cross-section|repeated-cross-section,4,400,50,total,4.069999999999999
