round,arm,cell,nunits,seconds
0,base,panel_reg_analytic,5000,0.069
0,base,panel_dr_cov,5000,0.173
0,base,panel_reg_cluster,5000,0.075
0,base,rcs_reg,5000,0.219
0,base,unbal_reg_none,5000,0.068
0,base,panel_reg_wboot,5000,0.092
0,base,agg_dynamic,5000,0.0166
0,base,agg_group,5000,0.0056
0,base,agg_storeall,5000,0.101
0,base,panel_reg_analytic,40000,0.442
0,base,panel_dr_cov,40000,0.8359999999999999
0,base,panel_reg_cluster,40000,0.469
0,base,rcs_reg,40000,1.366
0,base,unbal_reg_none,40000,0.413
0,base,panel_reg_wboot,40000,0.5429999999999999
0,base,agg_dynamic,40000,0.0789
0,base,agg_group,40000,0.0226
0,s6,panel_reg_analytic,5000,0.069
0,s6,panel_dr_cov,5000,0.172
0,s6,panel_reg_cluster,5000,0.074
0,s6,rcs_reg,5000,0.206
0,s6,unbal_reg_none,5000,0.069
0,s6,panel_reg_wboot,5000,0.093
0,s6,agg_dynamic,5000,0.0165
0,s6,agg_group,5000,0.0057
0,s6,agg_storeall,5000,0.0998
0,s6,panel_reg_analytic,40000,0.419
0,s6,panel_dr_cov,40000,0.829
0,s6,panel_reg_cluster,40000,0.474
0,s6,rcs_reg,40000,1.214
0,s6,unbal_reg_none,40000,0.412
0,s6,panel_reg_wboot,40000,0.54
0,s6,agg_dynamic,40000,0.0762
0,s6,agg_group,40000,0.0219
0,head,panel_reg_analytic,5000,0.069
0,head,panel_dr_cov,5000,0.173
0,head,panel_reg_cluster,5000,0.075
0,head,rcs_reg,5000,0.206
0,head,unbal_reg_none,5000,0.07
0,head,panel_reg_wboot,5000,0.096
0,head,agg_dynamic,5000,0.0169
0,head,agg_group,5000,0.0057
0,head,agg_storeall,5000,0.1002
0,head,panel_reg_analytic,40000,0.418
0,head,panel_dr_cov,40000,0.8240000000000001
0,head,panel_reg_cluster,40000,0.463
0,head,rcs_reg,40000,1.209
0,head,unbal_reg_none,40000,0.415
0,head,panel_reg_wboot,40000,0.5509999999999999
0,head,agg_dynamic,40000,0.0734
0,head,agg_group,40000,0.0214
1,s6,panel_reg_analytic,5000,0.068
1,s6,panel_dr_cov,5000,0.172
1,s6,panel_reg_cluster,5000,0.074
1,s6,rcs_reg,5000,0.203
1,s6,unbal_reg_none,5000,0.069
1,s6,panel_reg_wboot,5000,0.092
1,s6,agg_dynamic,5000,0.0164
1,s6,agg_group,5000,0.0054
1,s6,agg_storeall,5000,0.1
1,s6,panel_reg_analytic,40000,0.425
1,s6,panel_dr_cov,40000,0.8400000000000001
1,s6,panel_reg_cluster,40000,0.472
1,s6,rcs_reg,40000,1.214
1,s6,unbal_reg_none,40000,0.417
1,s6,panel_reg_wboot,40000,0.548
1,s6,agg_dynamic,40000,0.075
1,s6,agg_group,40000,0.0219
1,base,panel_reg_analytic,5000,0.07
1,base,panel_dr_cov,5000,0.173
1,base,panel_reg_cluster,5000,0.075
1,base,rcs_reg,5000,0.218
1,base,unbal_reg_none,5000,0.068
1,base,panel_reg_wboot,5000,0.092
1,base,agg_dynamic,5000,0.0164
1,base,agg_group,5000,0.0055
1,base,agg_storeall,5000,0.1006
1,base,panel_reg_analytic,40000,0.421
1,base,panel_dr_cov,40000,0.829
1,base,panel_reg_cluster,40000,0.466
1,base,rcs_reg,40000,1.357
1,base,unbal_reg_none,40000,0.426
1,base,panel_reg_wboot,40000,0.55
1,base,agg_dynamic,40000,0.0799
1,base,agg_group,40000,0.0228
1,head,panel_reg_analytic,5000,0.069
1,head,panel_dr_cov,5000,0.172
1,head,panel_reg_cluster,5000,0.075
1,head,rcs_reg,5000,0.204
1,head,unbal_reg_none,5000,0.069
1,head,panel_reg_wboot,5000,0.092
1,head,agg_dynamic,5000,0.0172
1,head,agg_group,5000,0.0055
1,head,agg_storeall,5000,0.1004
1,head,panel_reg_analytic,40000,0.42
1,head,panel_dr_cov,40000,0.835
1,head,panel_reg_cluster,40000,0.467
1,head,rcs_reg,40000,1.22
1,head,unbal_reg_none,40000,0.423
1,head,panel_reg_wboot,40000,0.544
1,head,agg_dynamic,40000,0.0745
1,head,agg_group,40000,0.0215
2,s6,panel_reg_analytic,5000,0.069
2,s6,panel_dr_cov,5000,0.172
2,s6,panel_reg_cluster,5000,0.076
2,s6,rcs_reg,5000,0.204
2,s6,unbal_reg_none,5000,0.069
2,s6,panel_reg_wboot,5000,0.093
2,s6,agg_dynamic,5000,0.0166
2,s6,agg_group,5000,0.0056
2,s6,agg_storeall,5000,0.1006
2,s6,panel_reg_analytic,40000,0.416
2,s6,panel_dr_cov,40000,0.817
2,s6,panel_reg_cluster,40000,0.473
2,s6,rcs_reg,40000,1.198
2,s6,unbal_reg_none,40000,0.412
2,s6,panel_reg_wboot,40000,0.5449999999999999
2,s6,agg_dynamic,40000,0.0737
2,s6,agg_group,40000,0.0214
2,head,panel_reg_analytic,5000,0.07
2,head,panel_dr_cov,5000,0.172
2,head,panel_reg_cluster,5000,0.075
2,head,rcs_reg,5000,0.206
2,head,unbal_reg_none,5000,0.07
2,head,panel_reg_wboot,5000,0.092
2,head,agg_dynamic,5000,0.0165
2,head,agg_group,5000,0.0056
2,head,agg_storeall,5000,0.1006
2,head,panel_reg_analytic,40000,0.42
2,head,panel_dr_cov,40000,0.8329999999999999
2,head,panel_reg_cluster,40000,0.4689999999999999
2,head,rcs_reg,40000,1.255
2,head,unbal_reg_none,40000,0.413
2,head,panel_reg_wboot,40000,0.552
2,head,agg_dynamic,40000,0.0775
2,head,agg_group,40000,0.0227
2,base,panel_reg_analytic,5000,0.069
2,base,panel_dr_cov,5000,0.172
2,base,panel_reg_cluster,5000,0.075
2,base,rcs_reg,5000,0.221
2,base,unbal_reg_none,5000,0.07
2,base,panel_reg_wboot,5000,0.093
2,base,agg_dynamic,5000,0.0168
2,base,agg_group,5000,0.0057
2,base,agg_storeall,5000,0.1006
2,base,panel_reg_analytic,40000,0.423
2,base,panel_dr_cov,40000,0.832
2,base,panel_reg_cluster,40000,0.47
2,base,rcs_reg,40000,1.371
2,base,unbal_reg_none,40000,0.418
2,base,panel_reg_wboot,40000,0.5509999999999999
2,base,agg_dynamic,40000,0.079
2,base,agg_group,40000,0.0233
3,head,panel_reg_analytic,5000,0.069
3,head,panel_dr_cov,5000,0.173
3,head,panel_reg_cluster,5000,0.075
3,head,rcs_reg,5000,0.206
3,head,unbal_reg_none,5000,0.069
3,head,panel_reg_wboot,5000,0.092
3,head,agg_dynamic,5000,0.0166
3,head,agg_group,5000,0.0057
3,head,agg_storeall,5000,0.1006
3,head,panel_reg_analytic,40000,0.42
3,head,panel_dr_cov,40000,0.8340000000000001
3,head,panel_reg_cluster,40000,0.47
3,head,rcs_reg,40000,1.205
3,head,unbal_reg_none,40000,0.416
3,head,panel_reg_wboot,40000,0.542
3,head,agg_dynamic,40000,0.0737
3,head,agg_group,40000,0.0206
3,s6,panel_reg_analytic,5000,0.068
3,s6,panel_dr_cov,5000,0.174
3,s6,panel_reg_cluster,5000,0.075
3,s6,rcs_reg,5000,0.204
3,s6,unbal_reg_none,5000,0.069
3,s6,panel_reg_wboot,5000,0.092
3,s6,agg_dynamic,5000,0.0172
3,s6,agg_group,5000,0.0057
3,s6,agg_storeall,5000,0.1008
3,s6,panel_reg_analytic,40000,0.419
3,s6,panel_dr_cov,40000,0.8349999999999999
3,s6,panel_reg_cluster,40000,0.4680000000000001
3,s6,rcs_reg,40000,1.216
3,s6,unbal_reg_none,40000,0.417
3,s6,panel_reg_wboot,40000,0.5389999999999999
3,s6,agg_dynamic,40000,0.0773
3,s6,agg_group,40000,0.0222
3,base,panel_reg_analytic,5000,0.068
3,base,panel_dr_cov,5000,0.172
3,base,panel_reg_cluster,5000,0.074
3,base,rcs_reg,5000,0.221
3,base,unbal_reg_none,5000,0.07
3,base,panel_reg_wboot,5000,0.093
3,base,agg_dynamic,5000,0.017
3,base,agg_group,5000,0.0058
3,base,agg_storeall,5000,0.1008
3,base,panel_reg_analytic,40000,0.421
3,base,panel_dr_cov,40000,0.825
3,base,panel_reg_cluster,40000,0.466
3,base,rcs_reg,40000,1.394
3,base,unbal_reg_none,40000,0.42
3,base,panel_reg_wboot,40000,0.5539999999999999
3,base,agg_dynamic,40000,0.0787
3,base,agg_group,40000,0.0229
4,head,panel_reg_analytic,5000,0.069
4,head,panel_dr_cov,5000,0.172
4,head,panel_reg_cluster,5000,0.075
4,head,rcs_reg,5000,0.204
4,head,unbal_reg_none,5000,0.069
4,head,panel_reg_wboot,5000,0.093
4,head,agg_dynamic,5000,0.0164
4,head,agg_group,5000,0.0055
4,head,agg_storeall,5000,0.1008
4,head,panel_reg_analytic,40000,0.424
4,head,panel_dr_cov,40000,0.833
4,head,panel_reg_cluster,40000,0.474
4,head,rcs_reg,40000,1.22
4,head,unbal_reg_none,40000,0.415
4,head,panel_reg_wboot,40000,0.5409999999999999
4,head,agg_dynamic,40000,0.0744
4,head,agg_group,40000,0.0222
4,base,panel_reg_analytic,5000,0.069
4,base,panel_dr_cov,5000,0.174
4,base,panel_reg_cluster,5000,0.076
4,base,rcs_reg,5000,0.219
4,base,unbal_reg_none,5000,0.07
4,base,panel_reg_wboot,5000,0.094
4,base,agg_dynamic,5000,0.0171
4,base,agg_group,5000,0.0058
4,base,agg_storeall,5000,0.1006
4,base,panel_reg_analytic,40000,0.436
4,base,panel_dr_cov,40000,0.843
4,base,panel_reg_cluster,40000,0.48
4,base,rcs_reg,40000,1.366
4,base,unbal_reg_none,40000,0.419
4,base,panel_reg_wboot,40000,0.5569999999999999
4,base,agg_dynamic,40000,0.0805
4,base,agg_group,40000,0.0231
4,s6,panel_reg_analytic,5000,0.069
4,s6,panel_dr_cov,5000,0.172
4,s6,panel_reg_cluster,5000,0.075
4,s6,rcs_reg,5000,0.208
4,s6,unbal_reg_none,5000,0.07
4,s6,panel_reg_wboot,5000,0.094
4,s6,agg_dynamic,5000,0.0173
4,s6,agg_group,5000,0.0057
4,s6,agg_storeall,5000,0.1014
4,s6,panel_reg_analytic,40000,0.419
4,s6,panel_dr_cov,40000,0.8359999999999999
4,s6,panel_reg_cluster,40000,0.471
4,s6,rcs_reg,40000,1.215
4,s6,unbal_reg_none,40000,0.412
4,s6,panel_reg_wboot,40000,0.54
4,s6,agg_dynamic,40000,0.0756
4,s6,agg_group,40000,0.0219
5,base,panel_reg_analytic,5000,0.069
5,base,panel_dr_cov,5000,0.172
5,base,panel_reg_cluster,5000,0.074
5,base,rcs_reg,5000,0.22
5,base,unbal_reg_none,5000,0.07
5,base,panel_reg_wboot,5000,0.093
5,base,agg_dynamic,5000,0.017
5,base,agg_group,5000,0.0057
5,base,agg_storeall,5000,0.1006
5,base,panel_reg_analytic,40000,0.417
5,base,panel_dr_cov,40000,0.829
5,base,panel_reg_cluster,40000,0.465
5,base,rcs_reg,40000,1.349
5,base,unbal_reg_none,40000,0.413
5,base,panel_reg_wboot,40000,0.542
5,base,agg_dynamic,40000,0.0766
5,base,agg_group,40000,0.0221
5,head,panel_reg_analytic,5000,0.069
5,head,panel_dr_cov,5000,0.172
5,head,panel_reg_cluster,5000,0.075
5,head,rcs_reg,5000,0.203
5,head,unbal_reg_none,5000,0.07
5,head,panel_reg_wboot,5000,0.093
5,head,agg_dynamic,5000,0.0162
5,head,agg_group,5000,0.0056
5,head,agg_storeall,5000,0.1004
5,head,panel_reg_analytic,40000,0.42
5,head,panel_dr_cov,40000,0.819
5,head,panel_reg_cluster,40000,0.466
5,head,rcs_reg,40000,1.215
5,head,unbal_reg_none,40000,0.418
5,head,panel_reg_wboot,40000,0.5449999999999999
5,head,agg_dynamic,40000,0.0764
5,head,agg_group,40000,0.0214
5,s6,panel_reg_analytic,5000,0.069
5,s6,panel_dr_cov,5000,0.172
5,s6,panel_reg_cluster,5000,0.075
5,s6,rcs_reg,5000,0.204
5,s6,unbal_reg_none,5000,0.069
5,s6,panel_reg_wboot,5000,0.094
5,s6,agg_dynamic,5000,0.0167
5,s6,agg_group,5000,0.0058
5,s6,agg_storeall,5000,0.1006
5,s6,panel_reg_analytic,40000,0.418
5,s6,panel_dr_cov,40000,0.8239999999999998
5,s6,panel_reg_cluster,40000,0.464
5,s6,rcs_reg,40000,1.211
5,s6,unbal_reg_none,40000,0.413
5,s6,panel_reg_wboot,40000,0.5409999999999999
5,s6,agg_dynamic,40000,0.0735
5,s6,agg_group,40000,0.0214
6,base,panel_reg_analytic,5000,0.071
6,base,panel_dr_cov,5000,0.173
6,base,panel_reg_cluster,5000,0.075
6,base,rcs_reg,5000,0.221
6,base,unbal_reg_none,5000,0.07
6,base,panel_reg_wboot,5000,0.093
6,base,agg_dynamic,5000,0.0179
6,base,agg_group,5000,0.006
6,base,agg_storeall,5000,0.101
6,base,panel_reg_analytic,40000,0.422
6,base,panel_dr_cov,40000,0.828
6,base,panel_reg_cluster,40000,0.4759999999999999
6,base,rcs_reg,40000,1.346
6,base,unbal_reg_none,40000,0.407
6,base,panel_reg_wboot,40000,0.539
6,base,agg_dynamic,40000,0.0752
6,base,agg_group,40000,0.022
6,s6,panel_reg_analytic,5000,0.069
6,s6,panel_dr_cov,5000,0.173
6,s6,panel_reg_cluster,5000,0.075
6,s6,rcs_reg,5000,0.206
6,s6,unbal_reg_none,5000,0.069
6,s6,panel_reg_wboot,5000,0.093
6,s6,agg_dynamic,5000,0.0166
6,s6,agg_group,5000,0.0056
6,s6,agg_storeall,5000,0.101
6,s6,panel_reg_analytic,40000,0.417
6,s6,panel_dr_cov,40000,0.8320000000000001
6,s6,panel_reg_cluster,40000,0.466
6,s6,rcs_reg,40000,1.213
6,s6,unbal_reg_none,40000,0.414
6,s6,panel_reg_wboot,40000,0.5529999999999999
6,s6,agg_dynamic,40000,0.0743
6,s6,agg_group,40000,0.0219
6,head,panel_reg_analytic,5000,0.069
6,head,panel_dr_cov,5000,0.172
6,head,panel_reg_cluster,5000,0.074
6,head,rcs_reg,5000,0.204
6,head,unbal_reg_none,5000,0.069
6,head,panel_reg_wboot,5000,0.092
6,head,agg_dynamic,5000,0.0165
6,head,agg_group,5000,0.0056
6,head,agg_storeall,5000,0.1006
6,head,panel_reg_analytic,40000,0.418
6,head,panel_dr_cov,40000,0.827
6,head,panel_reg_cluster,40000,0.4699999999999999
6,head,rcs_reg,40000,1.21
6,head,unbal_reg_none,40000,0.418
6,head,panel_reg_wboot,40000,0.536
6,head,agg_dynamic,40000,0.0733
6,head,agg_group,40000,0.0212
