session-ab,head,0,dr,dr|fast-balanced-panel|panel,1,400,50,setup,.1280000000000001
session-ab,head,0,dr,dr|fast-balanced-panel|panel,1,400,50,cell_extract,0
session-ab,head,0,dr,dr|fast-balanced-panel|panel,1,400,50,model_fit,1.435
session-ab,head,0,dr,dr|fast-balanced-panel|panel,1,400,50,if_assembly,.074
session-ab,head,0,dr,dr|fast-balanced-panel|panel,1,400,50,cache_post,.002
session-ab,head,0,dr,dr|fast-balanced-panel|panel,1,400,50,cluster,0
session-ab,head,0,dr,dr|fast-balanced-panel|panel,1,400,50,bootstrap,0
session-ab,head,0,dr,dr|fast-balanced-panel|panel,1,400,50,aggregation,0
session-ab,head,0,dr,dr|fast-balanced-panel|panel,1,400,50,unprofiled,.627
session-ab,head,0,dr,dr|fast-balanced-panel|panel,1,400,50,total,2.266
session-ab,head,0,ipw,ipw|fast-balanced-panel|panel,2,400,50,setup,.1340000000000001
session-ab,head,0,ipw,ipw|fast-balanced-panel|panel,2,400,50,cell_extract,0
session-ab,head,0,ipw,ipw|fast-balanced-panel|panel,2,400,50,model_fit,.9830000000000008
session-ab,head,0,ipw,ipw|fast-balanced-panel|panel,2,400,50,if_assembly,.044
session-ab,head,0,ipw,ipw|fast-balanced-panel|panel,2,400,50,cache_post,.004
session-ab,head,0,ipw,ipw|fast-balanced-panel|panel,2,400,50,cluster,0
session-ab,head,0,ipw,ipw|fast-balanced-panel|panel,2,400,50,bootstrap,0
session-ab,head,0,ipw,ipw|fast-balanced-panel|panel,2,400,50,aggregation,0
session-ab,head,0,ipw,ipw|fast-balanced-panel|panel,2,400,50,unprofiled,.5769999999999991
session-ab,head,0,ipw,ipw|fast-balanced-panel|panel,2,400,50,total,1.742
session-ab,head,0,reg,reg|fast-balanced-panel|panel,3,400,50,setup,.1250000000000001
session-ab,head,0,reg,reg|fast-balanced-panel|panel,3,400,50,cell_extract,0
session-ab,head,0,reg,reg|fast-balanced-panel|panel,3,400,50,model_fit,.3830000000000003
session-ab,head,0,reg,reg|fast-balanced-panel|panel,3,400,50,if_assembly,.051
session-ab,head,0,reg,reg|fast-balanced-panel|panel,3,400,50,cache_post,0
session-ab,head,0,reg,reg|fast-balanced-panel|panel,3,400,50,cluster,0
session-ab,head,0,reg,reg|fast-balanced-panel|panel,3,400,50,bootstrap,0
session-ab,head,0,reg,reg|fast-balanced-panel|panel,3,400,50,aggregation,0
session-ab,head,0,reg,reg|fast-balanced-panel|panel,3,400,50,unprofiled,.5809999999999994
session-ab,head,0,reg,reg|fast-balanced-panel|panel,3,400,50,total,1.14
session-ab,head,0,dr_rc,dr|fast-repeated-cross-section|repeated-cross-section,4,400,50,setup,.2600000000000001
session-ab,head,0,dr_rc,dr|fast-repeated-cross-section|repeated-cross-section,4,400,50,cell_extract,.039
session-ab,head,0,dr_rc,dr|fast-repeated-cross-section|repeated-cross-section,4,400,50,model_fit,2.876
session-ab,head,0,dr_rc,dr|fast-repeated-cross-section|repeated-cross-section,4,400,50,if_assembly,.2440000000000002
session-ab,head,0,dr_rc,dr|fast-repeated-cross-section|repeated-cross-section,4,400,50,cache_post,.005
session-ab,head,0,dr_rc,dr|fast-repeated-cross-section|repeated-cross-section,4,400,50,cluster,0
session-ab,head,0,dr_rc,dr|fast-repeated-cross-section|repeated-cross-section,4,400,50,bootstrap,0
session-ab,head,0,dr_rc,dr|fast-repeated-cross-section|repeated-cross-section,4,400,50,aggregation,0
session-ab,head,0,dr_rc,dr|fast-repeated-cross-section|repeated-cross-section,4,400,50,unprofiled,.7559999999999998
session-ab,head,0,dr_rc,dr|fast-repeated-cross-section|repeated-cross-section,4,400,50,total,4.18
session-ab,base,0,dr,dr|fast-balanced-panel|panel,1,400,50,setup,.1340000000000001
session-ab,base,0,dr,dr|fast-balanced-panel|panel,1,400,50,cell_extract,0
session-ab,base,0,dr,dr|fast-balanced-panel|panel,1,400,50,model_fit,1.465
session-ab,base,0,dr,dr|fast-balanced-panel|panel,1,400,50,if_assembly,.062
session-ab,base,0,dr,dr|fast-balanced-panel|panel,1,400,50,cache_post,.003
session-ab,base,0,dr,dr|fast-balanced-panel|panel,1,400,50,cluster,0
session-ab,base,0,dr,dr|fast-balanced-panel|panel,1,400,50,bootstrap,0
session-ab,base,0,dr,dr|fast-balanced-panel|panel,1,400,50,aggregation,0
session-ab,base,0,dr,dr|fast-balanced-panel|panel,1,400,50,unprofiled,.5720000000000003
session-ab,base,0,dr,dr|fast-balanced-panel|panel,1,400,50,total,2.236
session-ab,base,0,ipw,ipw|fast-balanced-panel|panel,2,400,50,setup,.1350000000000001
session-ab,base,0,ipw,ipw|fast-balanced-panel|panel,2,400,50,cell_extract,0
session-ab,base,0,ipw,ipw|fast-balanced-panel|panel,2,400,50,model_fit,1.100000000000001
session-ab,base,0,ipw,ipw|fast-balanced-panel|panel,2,400,50,if_assembly,.073
session-ab,base,0,ipw,ipw|fast-balanced-panel|panel,2,400,50,cache_post,.001
session-ab,base,0,ipw,ipw|fast-balanced-panel|panel,2,400,50,cluster,0
session-ab,base,0,ipw,ipw|fast-balanced-panel|panel,2,400,50,bootstrap,0
session-ab,base,0,ipw,ipw|fast-balanced-panel|panel,2,400,50,aggregation,0
session-ab,base,0,ipw,ipw|fast-balanced-panel|panel,2,400,50,unprofiled,.6149999999999989
session-ab,base,0,ipw,ipw|fast-balanced-panel|panel,2,400,50,total,1.924
session-ab,base,0,reg,reg|fast-balanced-panel|panel,3,400,50,setup,.1320000000000001
session-ab,base,0,reg,reg|fast-balanced-panel|panel,3,400,50,cell_extract,0
session-ab,base,0,reg,reg|fast-balanced-panel|panel,3,400,50,model_fit,.3760000000000003
session-ab,base,0,reg,reg|fast-balanced-panel|panel,3,400,50,if_assembly,.058
session-ab,base,0,reg,reg|fast-balanced-panel|panel,3,400,50,cache_post,.003
session-ab,base,0,reg,reg|fast-balanced-panel|panel,3,400,50,cluster,0
session-ab,base,0,reg,reg|fast-balanced-panel|panel,3,400,50,bootstrap,0
session-ab,base,0,reg,reg|fast-balanced-panel|panel,3,400,50,aggregation,0
session-ab,base,0,reg,reg|fast-balanced-panel|panel,3,400,50,unprofiled,.5599999999999996
session-ab,base,0,reg,reg|fast-balanced-panel|panel,3,400,50,total,1.129
session-ab,base,0,dr_rc,dr|fast-repeated-cross-section|repeated-cross-section,4,400,50,setup,.2610000000000001
session-ab,base,0,dr_rc,dr|fast-repeated-cross-section|repeated-cross-section,4,400,50,cell_extract,.041
session-ab,base,0,dr_rc,dr|fast-repeated-cross-section|repeated-cross-section,4,400,50,model_fit,3.048000000000002
session-ab,base,0,dr_rc,dr|fast-repeated-cross-section|repeated-cross-section,4,400,50,if_assembly,.2200000000000001
session-ab,base,0,dr_rc,dr|fast-repeated-cross-section|repeated-cross-section,4,400,50,cache_post,.003
session-ab,base,0,dr_rc,dr|fast-repeated-cross-section|repeated-cross-section,4,400,50,cluster,0
session-ab,base,0,dr_rc,dr|fast-repeated-cross-section|repeated-cross-section,4,400,50,bootstrap,0
session-ab,base,0,dr_rc,dr|fast-repeated-cross-section|repeated-cross-section,4,400,50,aggregation,0
session-ab,base,0,dr_rc,dr|fast-repeated-cross-section|repeated-cross-section,4,400,50,unprofiled,.7329999999999979
session-ab,base,0,dr_rc,dr|fast-repeated-cross-section|repeated-cross-section,4,400,50,total,4.306
session-ab,head,1,reg,reg|fast-balanced-panel|panel,1,400,50,setup,.1290000000000001
session-ab,head,1,reg,reg|fast-balanced-panel|panel,1,400,50,cell_extract,0
session-ab,head,1,reg,reg|fast-balanced-panel|panel,1,400,50,model_fit,.3660000000000003
session-ab,head,1,reg,reg|fast-balanced-panel|panel,1,400,50,if_assembly,.064
session-ab,head,1,reg,reg|fast-balanced-panel|panel,1,400,50,cache_post,.003
session-ab,head,1,reg,reg|fast-balanced-panel|panel,1,400,50,cluster,0
session-ab,head,1,reg,reg|fast-balanced-panel|panel,1,400,50,bootstrap,0
session-ab,head,1,reg,reg|fast-balanced-panel|panel,1,400,50,aggregation,0
session-ab,head,1,reg,reg|fast-balanced-panel|panel,1,400,50,unprofiled,.5509999999999996
session-ab,head,1,reg,reg|fast-balanced-panel|panel,1,400,50,total,1.113
session-ab,head,1,ipw,ipw|fast-balanced-panel|panel,2,400,50,setup,.1270000000000001
session-ab,head,1,ipw,ipw|fast-balanced-panel|panel,2,400,50,cell_extract,0
session-ab,head,1,ipw,ipw|fast-balanced-panel|panel,2,400,50,model_fit,.9200000000000007
session-ab,head,1,ipw,ipw|fast-balanced-panel|panel,2,400,50,if_assembly,.05
session-ab,head,1,ipw,ipw|fast-balanced-panel|panel,2,400,50,cache_post,.003
session-ab,head,1,ipw,ipw|fast-balanced-panel|panel,2,400,50,cluster,0
session-ab,head,1,ipw,ipw|fast-balanced-panel|panel,2,400,50,bootstrap,0
session-ab,head,1,ipw,ipw|fast-balanced-panel|panel,2,400,50,aggregation,0
session-ab,head,1,ipw,ipw|fast-balanced-panel|panel,2,400,50,unprofiled,.577999999999999
session-ab,head,1,ipw,ipw|fast-balanced-panel|panel,2,400,50,total,1.678
session-ab,head,1,dr,dr|fast-balanced-panel|panel,3,400,50,setup,.1160000000000001
session-ab,head,1,dr,dr|fast-balanced-panel|panel,3,400,50,cell_extract,0
session-ab,head,1,dr,dr|fast-balanced-panel|panel,3,400,50,model_fit,1.217
session-ab,head,1,dr,dr|fast-balanced-panel|panel,3,400,50,if_assembly,.049
session-ab,head,1,dr,dr|fast-balanced-panel|panel,3,400,50,cache_post,.004
session-ab,head,1,dr,dr|fast-balanced-panel|panel,3,400,50,cluster,0
session-ab,head,1,dr,dr|fast-balanced-panel|panel,3,400,50,bootstrap,0
session-ab,head,1,dr,dr|fast-balanced-panel|panel,3,400,50,aggregation,0
session-ab,head,1,dr,dr|fast-balanced-panel|panel,3,400,50,unprofiled,.5810000000000002
session-ab,head,1,dr,dr|fast-balanced-panel|panel,3,400,50,total,1.967
session-ab,head,1,dr_rc,dr|fast-repeated-cross-section|repeated-cross-section,4,400,50,setup,.2500000000000001
session-ab,head,1,dr_rc,dr|fast-repeated-cross-section|repeated-cross-section,4,400,50,cell_extract,.036
session-ab,head,1,dr_rc,dr|fast-repeated-cross-section|repeated-cross-section,4,400,50,model_fit,2.722000000000001
session-ab,head,1,dr_rc,dr|fast-repeated-cross-section|repeated-cross-section,4,400,50,if_assembly,.1990000000000001
session-ab,head,1,dr_rc,dr|fast-repeated-cross-section|repeated-cross-section,4,400,50,cache_post,.006
session-ab,head,1,dr_rc,dr|fast-repeated-cross-section|repeated-cross-section,4,400,50,cluster,0
session-ab,head,1,dr_rc,dr|fast-repeated-cross-section|repeated-cross-section,4,400,50,bootstrap,0
session-ab,head,1,dr_rc,dr|fast-repeated-cross-section|repeated-cross-section,4,400,50,aggregation,0
session-ab,head,1,dr_rc,dr|fast-repeated-cross-section|repeated-cross-section,4,400,50,unprofiled,.7400000000000002
session-ab,head,1,dr_rc,dr|fast-repeated-cross-section|repeated-cross-section,4,400,50,total,3.953000000000001
session-ab,base,1,reg,reg|fast-balanced-panel|panel,1,400,50,setup,.1310000000000001
session-ab,base,1,reg,reg|fast-balanced-panel|panel,1,400,50,cell_extract,0
session-ab,base,1,reg,reg|fast-balanced-panel|panel,1,400,50,model_fit,.3560000000000003
session-ab,base,1,reg,reg|fast-balanced-panel|panel,1,400,50,if_assembly,.056
session-ab,base,1,reg,reg|fast-balanced-panel|panel,1,400,50,cache_post,.003
session-ab,base,1,reg,reg|fast-balanced-panel|panel,1,400,50,cluster,0
session-ab,base,1,reg,reg|fast-balanced-panel|panel,1,400,50,bootstrap,0
session-ab,base,1,reg,reg|fast-balanced-panel|panel,1,400,50,aggregation,0
session-ab,base,1,reg,reg|fast-balanced-panel|panel,1,400,50,unprofiled,.5379999999999997
session-ab,base,1,reg,reg|fast-balanced-panel|panel,1,400,50,total,1.084
session-ab,base,1,ipw,ipw|fast-balanced-panel|panel,2,400,50,setup,.1220000000000001
session-ab,base,1,ipw,ipw|fast-balanced-panel|panel,2,400,50,cell_extract,0
session-ab,base,1,ipw,ipw|fast-balanced-panel|panel,2,400,50,model_fit,.8820000000000007
session-ab,base,1,ipw,ipw|fast-balanced-panel|panel,2,400,50,if_assembly,.063
session-ab,base,1,ipw,ipw|fast-balanced-panel|panel,2,400,50,cache_post,.002
session-ab,base,1,ipw,ipw|fast-balanced-panel|panel,2,400,50,cluster,0
session-ab,base,1,ipw,ipw|fast-balanced-panel|panel,2,400,50,bootstrap,0
session-ab,base,1,ipw,ipw|fast-balanced-panel|panel,2,400,50,aggregation,0
session-ab,base,1,ipw,ipw|fast-balanced-panel|panel,2,400,50,unprofiled,.5689999999999988
session-ab,base,1,ipw,ipw|fast-balanced-panel|panel,2,400,50,total,1.638
session-ab,base,1,dr,dr|fast-balanced-panel|panel,3,400,50,setup,.1240000000000001
session-ab,base,1,dr,dr|fast-balanced-panel|panel,3,400,50,cell_extract,0
session-ab,base,1,dr,dr|fast-balanced-panel|panel,3,400,50,model_fit,1.225000000000001
session-ab,base,1,dr,dr|fast-balanced-panel|panel,3,400,50,if_assembly,.06
session-ab,base,1,dr,dr|fast-balanced-panel|panel,3,400,50,cache_post,.003
session-ab,base,1,dr,dr|fast-balanced-panel|panel,3,400,50,cluster,0
session-ab,base,1,dr,dr|fast-balanced-panel|panel,3,400,50,bootstrap,0
session-ab,base,1,dr,dr|fast-balanced-panel|panel,3,400,50,aggregation,0
session-ab,base,1,dr,dr|fast-balanced-panel|panel,3,400,50,unprofiled,.575999999999999
session-ab,base,1,dr,dr|fast-balanced-panel|panel,3,400,50,total,1.988
session-ab,base,1,dr_rc,dr|fast-repeated-cross-section|repeated-cross-section,4,400,50,setup,.2470000000000002
session-ab,base,1,dr_rc,dr|fast-repeated-cross-section|repeated-cross-section,4,400,50,cell_extract,.04
session-ab,base,1,dr_rc,dr|fast-repeated-cross-section|repeated-cross-section,4,400,50,model_fit,2.639000000000001
session-ab,base,1,dr_rc,dr|fast-repeated-cross-section|repeated-cross-section,4,400,50,if_assembly,.2020000000000001
session-ab,base,1,dr_rc,dr|fast-repeated-cross-section|repeated-cross-section,4,400,50,cache_post,.004
session-ab,base,1,dr_rc,dr|fast-repeated-cross-section|repeated-cross-section,4,400,50,cluster,0
session-ab,base,1,dr_rc,dr|fast-repeated-cross-section|repeated-cross-section,4,400,50,bootstrap,0
session-ab,base,1,dr_rc,dr|fast-repeated-cross-section|repeated-cross-section,4,400,50,aggregation,0
session-ab,base,1,dr_rc,dr|fast-repeated-cross-section|repeated-cross-section,4,400,50,unprofiled,.734
session-ab,base,1,dr_rc,dr|fast-repeated-cross-section|repeated-cross-section,4,400,50,total,3.866000000000001
session-ab,base,2,reg,reg|fast-balanced-panel|panel,1,400,50,setup,.1250000000000001
session-ab,base,2,reg,reg|fast-balanced-panel|panel,1,400,50,cell_extract,0
session-ab,base,2,reg,reg|fast-balanced-panel|panel,1,400,50,model_fit,.3430000000000002
session-ab,base,2,reg,reg|fast-balanced-panel|panel,1,400,50,if_assembly,.046
session-ab,base,2,reg,reg|fast-balanced-panel|panel,1,400,50,cache_post,.002
session-ab,base,2,reg,reg|fast-balanced-panel|panel,1,400,50,cluster,0
session-ab,base,2,reg,reg|fast-balanced-panel|panel,1,400,50,bootstrap,0
session-ab,base,2,reg,reg|fast-balanced-panel|panel,1,400,50,aggregation,0
session-ab,base,2,reg,reg|fast-balanced-panel|panel,1,400,50,unprofiled,.5560000000000006
session-ab,base,2,reg,reg|fast-balanced-panel|panel,1,400,50,total,1.072000000000001
session-ab,base,2,dr_rc,dr|fast-repeated-cross-section|repeated-cross-section,2,400,50,setup,.2510000000000001
session-ab,base,2,dr_rc,dr|fast-repeated-cross-section|repeated-cross-section,2,400,50,cell_extract,.037
session-ab,base,2,dr_rc,dr|fast-repeated-cross-section|repeated-cross-section,2,400,50,model_fit,2.868
session-ab,base,2,dr_rc,dr|fast-repeated-cross-section|repeated-cross-section,2,400,50,if_assembly,.2240000000000001
session-ab,base,2,dr_rc,dr|fast-repeated-cross-section|repeated-cross-section,2,400,50,cache_post,.005
session-ab,base,2,dr_rc,dr|fast-repeated-cross-section|repeated-cross-section,2,400,50,cluster,0
session-ab,base,2,dr_rc,dr|fast-repeated-cross-section|repeated-cross-section,2,400,50,bootstrap,0
session-ab,base,2,dr_rc,dr|fast-repeated-cross-section|repeated-cross-section,2,400,50,aggregation,0
session-ab,base,2,dr_rc,dr|fast-repeated-cross-section|repeated-cross-section,2,400,50,unprofiled,.7249999999999996
session-ab,base,2,dr_rc,dr|fast-repeated-cross-section|repeated-cross-section,2,400,50,total,4.109999999999999
session-ab,base,2,dr,dr|fast-balanced-panel|panel,3,400,50,setup,.1360000000000001
session-ab,base,2,dr,dr|fast-balanced-panel|panel,3,400,50,cell_extract,0
session-ab,base,2,dr,dr|fast-balanced-panel|panel,3,400,50,model_fit,1.477000000000001
session-ab,base,2,dr,dr|fast-balanced-panel|panel,3,400,50,if_assembly,.061
session-ab,base,2,dr,dr|fast-balanced-panel|panel,3,400,50,cache_post,.002
session-ab,base,2,dr,dr|fast-balanced-panel|panel,3,400,50,cluster,0
session-ab,base,2,dr,dr|fast-balanced-panel|panel,3,400,50,bootstrap,0
session-ab,base,2,dr,dr|fast-balanced-panel|panel,3,400,50,aggregation,0
session-ab,base,2,dr,dr|fast-balanced-panel|panel,3,400,50,unprofiled,.5979999999999981
session-ab,base,2,dr,dr|fast-balanced-panel|panel,3,400,50,total,2.273999999999999
session-ab,base,2,ipw,ipw|fast-balanced-panel|panel,4,400,50,setup,.1360000000000001
session-ab,base,2,ipw,ipw|fast-balanced-panel|panel,4,400,50,cell_extract,0
session-ab,base,2,ipw,ipw|fast-balanced-panel|panel,4,400,50,model_fit,1.065000000000001
session-ab,base,2,ipw,ipw|fast-balanced-panel|panel,4,400,50,if_assembly,.062
session-ab,base,2,ipw,ipw|fast-balanced-panel|panel,4,400,50,cache_post,.002
session-ab,base,2,ipw,ipw|fast-balanced-panel|panel,4,400,50,cluster,0
session-ab,base,2,ipw,ipw|fast-balanced-panel|panel,4,400,50,bootstrap,0
session-ab,base,2,ipw,ipw|fast-balanced-panel|panel,4,400,50,aggregation,0
session-ab,base,2,ipw,ipw|fast-balanced-panel|panel,4,400,50,unprofiled,.585999999999999
session-ab,base,2,ipw,ipw|fast-balanced-panel|panel,4,400,50,total,1.851
session-ab,head,2,reg,reg|fast-balanced-panel|panel,1,400,50,setup,.1340000000000001
session-ab,head,2,reg,reg|fast-balanced-panel|panel,1,400,50,cell_extract,0
session-ab,head,2,reg,reg|fast-balanced-panel|panel,1,400,50,model_fit,.4100000000000003
session-ab,head,2,reg,reg|fast-balanced-panel|panel,1,400,50,if_assembly,.049
session-ab,head,2,reg,reg|fast-balanced-panel|panel,1,400,50,cache_post,.003
session-ab,head,2,reg,reg|fast-balanced-panel|panel,1,400,50,cluster,0
session-ab,head,2,reg,reg|fast-balanced-panel|panel,1,400,50,bootstrap,0
session-ab,head,2,reg,reg|fast-balanced-panel|panel,1,400,50,aggregation,0
session-ab,head,2,reg,reg|fast-balanced-panel|panel,1,400,50,unprofiled,.5909999999999996
session-ab,head,2,reg,reg|fast-balanced-panel|panel,1,400,50,total,1.187
session-ab,head,2,dr_rc,dr|fast-repeated-cross-section|repeated-cross-section,2,400,50,setup,.2500000000000001
session-ab,head,2,dr_rc,dr|fast-repeated-cross-section|repeated-cross-section,2,400,50,cell_extract,.036
session-ab,head,2,dr_rc,dr|fast-repeated-cross-section|repeated-cross-section,2,400,50,model_fit,3.075000000000001
session-ab,head,2,dr_rc,dr|fast-repeated-cross-section|repeated-cross-section,2,400,50,if_assembly,.2140000000000001
session-ab,head,2,dr_rc,dr|fast-repeated-cross-section|repeated-cross-section,2,400,50,cache_post,.004
session-ab,head,2,dr_rc,dr|fast-repeated-cross-section|repeated-cross-section,2,400,50,cluster,0
session-ab,head,2,dr_rc,dr|fast-repeated-cross-section|repeated-cross-section,2,400,50,bootstrap,0
session-ab,head,2,dr_rc,dr|fast-repeated-cross-section|repeated-cross-section,2,400,50,aggregation,0
session-ab,head,2,dr_rc,dr|fast-repeated-cross-section|repeated-cross-section,2,400,50,unprofiled,.7449999999999979
session-ab,head,2,dr_rc,dr|fast-repeated-cross-section|repeated-cross-section,2,400,50,total,4.323999999999999
session-ab,head,2,dr,dr|fast-balanced-panel|panel,3,400,50,setup,.1350000000000001
session-ab,head,2,dr,dr|fast-balanced-panel|panel,3,400,50,cell_extract,0
session-ab,head,2,dr,dr|fast-balanced-panel|panel,3,400,50,model_fit,1.482
session-ab,head,2,dr,dr|fast-balanced-panel|panel,3,400,50,if_assembly,.05
session-ab,head,2,dr,dr|fast-balanced-panel|panel,3,400,50,cache_post,.004
session-ab,head,2,dr,dr|fast-balanced-panel|panel,3,400,50,cluster,0
session-ab,head,2,dr,dr|fast-balanced-panel|panel,3,400,50,bootstrap,0
session-ab,head,2,dr,dr|fast-balanced-panel|panel,3,400,50,aggregation,0
session-ab,head,2,dr,dr|fast-balanced-panel|panel,3,400,50,unprofiled,.627
session-ab,head,2,dr,dr|fast-balanced-panel|panel,3,400,50,total,2.298
session-ab,head,2,ipw,ipw|fast-balanced-panel|panel,4,400,50,setup,.1340000000000001
session-ab,head,2,ipw,ipw|fast-balanced-panel|panel,4,400,50,cell_extract,0
session-ab,head,2,ipw,ipw|fast-balanced-panel|panel,4,400,50,model_fit,1.05
session-ab,head,2,ipw,ipw|fast-balanced-panel|panel,4,400,50,if_assembly,.067
session-ab,head,2,ipw,ipw|fast-balanced-panel|panel,4,400,50,cache_post,.002
session-ab,head,2,ipw,ipw|fast-balanced-panel|panel,4,400,50,cluster,0
session-ab,head,2,ipw,ipw|fast-balanced-panel|panel,4,400,50,bootstrap,0
session-ab,head,2,ipw,ipw|fast-balanced-panel|panel,4,400,50,aggregation,0
session-ab,head,2,ipw,ipw|fast-balanced-panel|panel,4,400,50,unprofiled,.6069999999999991
session-ab,head,2,ipw,ipw|fast-balanced-panel|panel,4,400,50,total,1.859999999999999
session-ab,base,3,dr,dr|fast-balanced-panel|panel,1,400,50,setup,.1270000000000001
session-ab,base,3,dr,dr|fast-balanced-panel|panel,1,400,50,cell_extract,0
session-ab,base,3,dr,dr|fast-balanced-panel|panel,1,400,50,model_fit,1.422
session-ab,base,3,dr,dr|fast-balanced-panel|panel,1,400,50,if_assembly,.054
session-ab,base,3,dr,dr|fast-balanced-panel|panel,1,400,50,cache_post,.001
session-ab,base,3,dr,dr|fast-balanced-panel|panel,1,400,50,cluster,0
session-ab,base,3,dr,dr|fast-balanced-panel|panel,1,400,50,bootstrap,0
session-ab,base,3,dr,dr|fast-balanced-panel|panel,1,400,50,aggregation,0
session-ab,base,3,dr,dr|fast-balanced-panel|panel,1,400,50,unprofiled,.597
session-ab,base,3,dr,dr|fast-balanced-panel|panel,1,400,50,total,2.201
session-ab,base,3,dr_rc,dr|fast-repeated-cross-section|repeated-cross-section,2,400,50,setup,.2540000000000001
session-ab,base,3,dr_rc,dr|fast-repeated-cross-section|repeated-cross-section,2,400,50,cell_extract,.042
session-ab,base,3,dr_rc,dr|fast-repeated-cross-section|repeated-cross-section,2,400,50,model_fit,3.059000000000001
session-ab,base,3,dr_rc,dr|fast-repeated-cross-section|repeated-cross-section,2,400,50,if_assembly,.2340000000000001
session-ab,base,3,dr_rc,dr|fast-repeated-cross-section|repeated-cross-section,2,400,50,cache_post,.005
session-ab,base,3,dr_rc,dr|fast-repeated-cross-section|repeated-cross-section,2,400,50,cluster,0
session-ab,base,3,dr_rc,dr|fast-repeated-cross-section|repeated-cross-section,2,400,50,bootstrap,0
session-ab,base,3,dr_rc,dr|fast-repeated-cross-section|repeated-cross-section,2,400,50,aggregation,0
session-ab,base,3,dr_rc,dr|fast-repeated-cross-section|repeated-cross-section,2,400,50,unprofiled,.722999999999999
session-ab,base,3,dr_rc,dr|fast-repeated-cross-section|repeated-cross-section,2,400,50,total,4.317
session-ab,base,3,reg,reg|fast-balanced-panel|panel,3,400,50,setup,.1390000000000001
session-ab,base,3,reg,reg|fast-balanced-panel|panel,3,400,50,cell_extract,0
session-ab,base,3,reg,reg|fast-balanced-panel|panel,3,400,50,model_fit,.4140000000000003
session-ab,base,3,reg,reg|fast-balanced-panel|panel,3,400,50,if_assembly,.059
session-ab,base,3,reg,reg|fast-balanced-panel|panel,3,400,50,cache_post,.003
session-ab,base,3,reg,reg|fast-balanced-panel|panel,3,400,50,cluster,0
session-ab,base,3,reg,reg|fast-balanced-panel|panel,3,400,50,bootstrap,0
session-ab,base,3,reg,reg|fast-balanced-panel|panel,3,400,50,aggregation,0
session-ab,base,3,reg,reg|fast-balanced-panel|panel,3,400,50,unprofiled,.5899999999999997
session-ab,base,3,reg,reg|fast-balanced-panel|panel,3,400,50,total,1.205
session-ab,base,3,ipw,ipw|fast-balanced-panel|panel,4,400,50,setup,.1340000000000001
session-ab,base,3,ipw,ipw|fast-balanced-panel|panel,4,400,50,cell_extract,0
session-ab,base,3,ipw,ipw|fast-balanced-panel|panel,4,400,50,model_fit,1.049000000000001
session-ab,base,3,ipw,ipw|fast-balanced-panel|panel,4,400,50,if_assembly,.06
session-ab,base,3,ipw,ipw|fast-balanced-panel|panel,4,400,50,cache_post,0
session-ab,base,3,ipw,ipw|fast-balanced-panel|panel,4,400,50,cluster,0
session-ab,base,3,ipw,ipw|fast-balanced-panel|panel,4,400,50,bootstrap,0
session-ab,base,3,ipw,ipw|fast-balanced-panel|panel,4,400,50,aggregation,0
session-ab,base,3,ipw,ipw|fast-balanced-panel|panel,4,400,50,unprofiled,.606999999999998
session-ab,base,3,ipw,ipw|fast-balanced-panel|panel,4,400,50,total,1.849999999999999
session-ab,head,3,dr,dr|fast-balanced-panel|panel,1,400,50,setup,.1280000000000001
session-ab,head,3,dr,dr|fast-balanced-panel|panel,1,400,50,cell_extract,0
session-ab,head,3,dr,dr|fast-balanced-panel|panel,1,400,50,model_fit,1.446
session-ab,head,3,dr,dr|fast-balanced-panel|panel,1,400,50,if_assembly,.06
session-ab,head,3,dr,dr|fast-balanced-panel|panel,1,400,50,cache_post,.002
session-ab,head,3,dr,dr|fast-balanced-panel|panel,1,400,50,cluster,0
session-ab,head,3,dr,dr|fast-balanced-panel|panel,1,400,50,bootstrap,0
session-ab,head,3,dr,dr|fast-balanced-panel|panel,1,400,50,aggregation,0
session-ab,head,3,dr,dr|fast-balanced-panel|panel,1,400,50,unprofiled,.5960000000000003
session-ab,head,3,dr,dr|fast-balanced-panel|panel,1,400,50,total,2.232
session-ab,head,3,dr_rc,dr|fast-repeated-cross-section|repeated-cross-section,2,400,50,setup,.2570000000000001
session-ab,head,3,dr_rc,dr|fast-repeated-cross-section|repeated-cross-section,2,400,50,cell_extract,.04
session-ab,head,3,dr_rc,dr|fast-repeated-cross-section|repeated-cross-section,2,400,50,model_fit,3.073000000000001
session-ab,head,3,dr_rc,dr|fast-repeated-cross-section|repeated-cross-section,2,400,50,if_assembly,.2310000000000001
session-ab,head,3,dr_rc,dr|fast-repeated-cross-section|repeated-cross-section,2,400,50,cache_post,.002
session-ab,head,3,dr_rc,dr|fast-repeated-cross-section|repeated-cross-section,2,400,50,cluster,0
session-ab,head,3,dr_rc,dr|fast-repeated-cross-section|repeated-cross-section,2,400,50,bootstrap,0
session-ab,head,3,dr_rc,dr|fast-repeated-cross-section|repeated-cross-section,2,400,50,aggregation,0
session-ab,head,3,dr_rc,dr|fast-repeated-cross-section|repeated-cross-section,2,400,50,unprofiled,.7400000000000007
session-ab,head,3,dr_rc,dr|fast-repeated-cross-section|repeated-cross-section,2,400,50,total,4.343000000000002
session-ab,head,3,reg,reg|fast-balanced-panel|panel,3,400,50,setup,.1380000000000001
session-ab,head,3,reg,reg|fast-balanced-panel|panel,3,400,50,cell_extract,0
session-ab,head,3,reg,reg|fast-balanced-panel|panel,3,400,50,model_fit,.4250000000000003
session-ab,head,3,reg,reg|fast-balanced-panel|panel,3,400,50,if_assembly,.055
session-ab,head,3,reg,reg|fast-balanced-panel|panel,3,400,50,cache_post,.002
session-ab,head,3,reg,reg|fast-balanced-panel|panel,3,400,50,cluster,0
session-ab,head,3,reg,reg|fast-balanced-panel|panel,3,400,50,bootstrap,0
session-ab,head,3,reg,reg|fast-balanced-panel|panel,3,400,50,aggregation,0
session-ab,head,3,reg,reg|fast-balanced-panel|panel,3,400,50,unprofiled,.5909999999999996
session-ab,head,3,reg,reg|fast-balanced-panel|panel,3,400,50,total,1.211
session-ab,head,3,ipw,ipw|fast-balanced-panel|panel,4,400,50,setup,.1370000000000001
session-ab,head,3,ipw,ipw|fast-balanced-panel|panel,4,400,50,cell_extract,0
session-ab,head,3,ipw,ipw|fast-balanced-panel|panel,4,400,50,model_fit,1.036000000000001
session-ab,head,3,ipw,ipw|fast-balanced-panel|panel,4,400,50,if_assembly,.064
session-ab,head,3,ipw,ipw|fast-balanced-panel|panel,4,400,50,cache_post,.002
session-ab,head,3,ipw,ipw|fast-balanced-panel|panel,4,400,50,cluster,0
session-ab,head,3,ipw,ipw|fast-balanced-panel|panel,4,400,50,bootstrap,0
session-ab,head,3,ipw,ipw|fast-balanced-panel|panel,4,400,50,aggregation,0
session-ab,head,3,ipw,ipw|fast-balanced-panel|panel,4,400,50,unprofiled,.6169999999999991
session-ab,head,3,ipw,ipw|fast-balanced-panel|panel,4,400,50,total,1.856
session-ab,head,4,dr,dr|fast-balanced-panel|panel,1,400,50,setup,.1300000000000001
session-ab,head,4,dr,dr|fast-balanced-panel|panel,1,400,50,cell_extract,0
session-ab,head,4,dr,dr|fast-balanced-panel|panel,1,400,50,model_fit,1.483
session-ab,head,4,dr,dr|fast-balanced-panel|panel,1,400,50,if_assembly,.051
session-ab,head,4,dr,dr|fast-balanced-panel|panel,1,400,50,cache_post,.005
session-ab,head,4,dr,dr|fast-balanced-panel|panel,1,400,50,cluster,0
session-ab,head,4,dr,dr|fast-balanced-panel|panel,1,400,50,bootstrap,0
session-ab,head,4,dr,dr|fast-balanced-panel|panel,1,400,50,aggregation,0
session-ab,head,4,dr,dr|fast-balanced-panel|panel,1,400,50,unprofiled,.5880000000000001
session-ab,head,4,dr,dr|fast-balanced-panel|panel,1,400,50,total,2.257
session-ab,head,4,ipw,ipw|fast-balanced-panel|panel,2,400,50,setup,.1320000000000001
session-ab,head,4,ipw,ipw|fast-balanced-panel|panel,2,400,50,cell_extract,0
session-ab,head,4,ipw,ipw|fast-balanced-panel|panel,2,400,50,model_fit,1.057000000000001
session-ab,head,4,ipw,ipw|fast-balanced-panel|panel,2,400,50,if_assembly,.063
session-ab,head,4,ipw,ipw|fast-balanced-panel|panel,2,400,50,cache_post,.003
session-ab,head,4,ipw,ipw|fast-balanced-panel|panel,2,400,50,cluster,0
session-ab,head,4,ipw,ipw|fast-balanced-panel|panel,2,400,50,bootstrap,0
session-ab,head,4,ipw,ipw|fast-balanced-panel|panel,2,400,50,aggregation,0
session-ab,head,4,ipw,ipw|fast-balanced-panel|panel,2,400,50,unprofiled,.5729999999999991
session-ab,head,4,ipw,ipw|fast-balanced-panel|panel,2,400,50,total,1.828
session-ab,head,4,reg,reg|fast-balanced-panel|panel,3,400,50,setup,.1280000000000001
session-ab,head,4,reg,reg|fast-balanced-panel|panel,3,400,50,cell_extract,0
session-ab,head,4,reg,reg|fast-balanced-panel|panel,3,400,50,model_fit,.4150000000000003
session-ab,head,4,reg,reg|fast-balanced-panel|panel,3,400,50,if_assembly,.051
session-ab,head,4,reg,reg|fast-balanced-panel|panel,3,400,50,cache_post,.002
session-ab,head,4,reg,reg|fast-balanced-panel|panel,3,400,50,cluster,0
session-ab,head,4,reg,reg|fast-balanced-panel|panel,3,400,50,bootstrap,0
session-ab,head,4,reg,reg|fast-balanced-panel|panel,3,400,50,aggregation,0
session-ab,head,4,reg,reg|fast-balanced-panel|panel,3,400,50,unprofiled,.5740000000000006
session-ab,head,4,reg,reg|fast-balanced-panel|panel,3,400,50,total,1.170000000000001
session-ab,head,4,dr_rc,dr|fast-repeated-cross-section|repeated-cross-section,4,400,50,setup,.2520000000000001
session-ab,head,4,dr_rc,dr|fast-repeated-cross-section|repeated-cross-section,4,400,50,cell_extract,.039
session-ab,head,4,dr_rc,dr|fast-repeated-cross-section|repeated-cross-section,4,400,50,model_fit,3.137
session-ab,head,4,dr_rc,dr|fast-repeated-cross-section|repeated-cross-section,4,400,50,if_assembly,.2050000000000001
session-ab,head,4,dr_rc,dr|fast-repeated-cross-section|repeated-cross-section,4,400,50,cache_post,.003
session-ab,head,4,dr_rc,dr|fast-repeated-cross-section|repeated-cross-section,4,400,50,cluster,0
session-ab,head,4,dr_rc,dr|fast-repeated-cross-section|repeated-cross-section,4,400,50,bootstrap,0
session-ab,head,4,dr_rc,dr|fast-repeated-cross-section|repeated-cross-section,4,400,50,aggregation,0
session-ab,head,4,dr_rc,dr|fast-repeated-cross-section|repeated-cross-section,4,400,50,unprofiled,.7700000000000022
session-ab,head,4,dr_rc,dr|fast-repeated-cross-section|repeated-cross-section,4,400,50,total,4.406000000000002
session-ab,base,4,dr,dr|fast-balanced-panel|panel,1,400,50,setup,.1360000000000001
session-ab,base,4,dr,dr|fast-balanced-panel|panel,1,400,50,cell_extract,0
session-ab,base,4,dr,dr|fast-balanced-panel|panel,1,400,50,model_fit,1.493
session-ab,base,4,dr,dr|fast-balanced-panel|panel,1,400,50,if_assembly,.055
session-ab,base,4,dr,dr|fast-balanced-panel|panel,1,400,50,cache_post,.002
session-ab,base,4,dr,dr|fast-balanced-panel|panel,1,400,50,cluster,0
session-ab,base,4,dr,dr|fast-balanced-panel|panel,1,400,50,bootstrap,0
session-ab,base,4,dr,dr|fast-balanced-panel|panel,1,400,50,aggregation,0
session-ab,base,4,dr,dr|fast-balanced-panel|panel,1,400,50,unprofiled,.577
session-ab,base,4,dr,dr|fast-balanced-panel|panel,1,400,50,total,2.263
session-ab,base,4,ipw,ipw|fast-balanced-panel|panel,2,400,50,setup,.1350000000000001
session-ab,base,4,ipw,ipw|fast-balanced-panel|panel,2,400,50,cell_extract,0
session-ab,base,4,ipw,ipw|fast-balanced-panel|panel,2,400,50,model_fit,1.080000000000001
session-ab,base,4,ipw,ipw|fast-balanced-panel|panel,2,400,50,if_assembly,.062
session-ab,base,4,ipw,ipw|fast-balanced-panel|panel,2,400,50,cache_post,0
session-ab,base,4,ipw,ipw|fast-balanced-panel|panel,2,400,50,cluster,0
session-ab,base,4,ipw,ipw|fast-balanced-panel|panel,2,400,50,bootstrap,0
session-ab,base,4,ipw,ipw|fast-balanced-panel|panel,2,400,50,aggregation,0
session-ab,base,4,ipw,ipw|fast-balanced-panel|panel,2,400,50,unprofiled,.5969999999999991
session-ab,base,4,ipw,ipw|fast-balanced-panel|panel,2,400,50,total,1.874
session-ab,base,4,reg,reg|fast-balanced-panel|panel,3,400,50,setup,.1390000000000001
session-ab,base,4,reg,reg|fast-balanced-panel|panel,3,400,50,cell_extract,0
session-ab,base,4,reg,reg|fast-balanced-panel|panel,3,400,50,model_fit,.4220000000000003
session-ab,base,4,reg,reg|fast-balanced-panel|panel,3,400,50,if_assembly,.05
session-ab,base,4,reg,reg|fast-balanced-panel|panel,3,400,50,cache_post,.006
session-ab,base,4,reg,reg|fast-balanced-panel|panel,3,400,50,cluster,0
session-ab,base,4,reg,reg|fast-balanced-panel|panel,3,400,50,bootstrap,0
session-ab,base,4,reg,reg|fast-balanced-panel|panel,3,400,50,aggregation,0
session-ab,base,4,reg,reg|fast-balanced-panel|panel,3,400,50,unprofiled,.5739999999999996
session-ab,base,4,reg,reg|fast-balanced-panel|panel,3,400,50,total,1.191
session-ab,base,4,dr_rc,dr|fast-repeated-cross-section|repeated-cross-section,4,400,50,setup,.2540000000000002
session-ab,base,4,dr_rc,dr|fast-repeated-cross-section|repeated-cross-section,4,400,50,cell_extract,.041
session-ab,base,4,dr_rc,dr|fast-repeated-cross-section|repeated-cross-section,4,400,50,model_fit,3.110000000000001
session-ab,base,4,dr_rc,dr|fast-repeated-cross-section|repeated-cross-section,4,400,50,if_assembly,.2160000000000001
session-ab,base,4,dr_rc,dr|fast-repeated-cross-section|repeated-cross-section,4,400,50,cache_post,.003
session-ab,base,4,dr_rc,dr|fast-repeated-cross-section|repeated-cross-section,4,400,50,cluster,0
session-ab,base,4,dr_rc,dr|fast-repeated-cross-section|repeated-cross-section,4,400,50,bootstrap,0
session-ab,base,4,dr_rc,dr|fast-repeated-cross-section|repeated-cross-section,4,400,50,aggregation,0
session-ab,base,4,dr_rc,dr|fast-repeated-cross-section|repeated-cross-section,4,400,50,unprofiled,.7529999999999997
session-ab,base,4,dr_rc,dr|fast-repeated-cross-section|repeated-cross-section,4,400,50,total,4.377000000000002
session-ab,head,5,reg,reg|fast-balanced-panel|panel,1,400,50,setup,.1320000000000001
session-ab,head,5,reg,reg|fast-balanced-panel|panel,1,400,50,cell_extract,0
session-ab,head,5,reg,reg|fast-balanced-panel|panel,1,400,50,model_fit,.4060000000000003
session-ab,head,5,reg,reg|fast-balanced-panel|panel,1,400,50,if_assembly,.058
session-ab,head,5,reg,reg|fast-balanced-panel|panel,1,400,50,cache_post,.004
session-ab,head,5,reg,reg|fast-balanced-panel|panel,1,400,50,cluster,0
session-ab,head,5,reg,reg|fast-balanced-panel|panel,1,400,50,bootstrap,0
session-ab,head,5,reg,reg|fast-balanced-panel|panel,1,400,50,aggregation,0
session-ab,head,5,reg,reg|fast-balanced-panel|panel,1,400,50,unprofiled,.5639999999999995
session-ab,head,5,reg,reg|fast-balanced-panel|panel,1,400,50,total,1.164
session-ab,head,5,ipw,ipw|fast-balanced-panel|panel,2,400,50,setup,.1210000000000001
session-ab,head,5,ipw,ipw|fast-balanced-panel|panel,2,400,50,cell_extract,0
session-ab,head,5,ipw,ipw|fast-balanced-panel|panel,2,400,50,model_fit,1.049000000000001
session-ab,head,5,ipw,ipw|fast-balanced-panel|panel,2,400,50,if_assembly,.058
session-ab,head,5,ipw,ipw|fast-balanced-panel|panel,2,400,50,cache_post,.002
session-ab,head,5,ipw,ipw|fast-balanced-panel|panel,2,400,50,cluster,0
session-ab,head,5,ipw,ipw|fast-balanced-panel|panel,2,400,50,bootstrap,0
session-ab,head,5,ipw,ipw|fast-balanced-panel|panel,2,400,50,aggregation,0
session-ab,head,5,ipw,ipw|fast-balanced-panel|panel,2,400,50,unprofiled,.585999999999999
session-ab,head,5,ipw,ipw|fast-balanced-panel|panel,2,400,50,total,1.816
session-ab,head,5,dr,dr|fast-balanced-panel|panel,3,400,50,setup,.1350000000000001
session-ab,head,5,dr,dr|fast-balanced-panel|panel,3,400,50,cell_extract,0
session-ab,head,5,dr,dr|fast-balanced-panel|panel,3,400,50,model_fit,1.494
session-ab,head,5,dr,dr|fast-balanced-panel|panel,3,400,50,if_assembly,.052
session-ab,head,5,dr,dr|fast-balanced-panel|panel,3,400,50,cache_post,.001
session-ab,head,5,dr,dr|fast-balanced-panel|panel,3,400,50,cluster,0
session-ab,head,5,dr,dr|fast-balanced-panel|panel,3,400,50,bootstrap,0
session-ab,head,5,dr,dr|fast-balanced-panel|panel,3,400,50,aggregation,0
session-ab,head,5,dr,dr|fast-balanced-panel|panel,3,400,50,unprofiled,.5840000000000001
session-ab,head,5,dr,dr|fast-balanced-panel|panel,3,400,50,total,2.266
session-ab,head,5,dr_rc,dr|fast-repeated-cross-section|repeated-cross-section,4,400,50,setup,.2570000000000001
session-ab,head,5,dr_rc,dr|fast-repeated-cross-section|repeated-cross-section,4,400,50,cell_extract,.041
session-ab,head,5,dr_rc,dr|fast-repeated-cross-section|repeated-cross-section,4,400,50,model_fit,3.076000000000001
session-ab,head,5,dr_rc,dr|fast-repeated-cross-section|repeated-cross-section,4,400,50,if_assembly,.2260000000000001
session-ab,head,5,dr_rc,dr|fast-repeated-cross-section|repeated-cross-section,4,400,50,cache_post,.005
session-ab,head,5,dr_rc,dr|fast-repeated-cross-section|repeated-cross-section,4,400,50,cluster,0
session-ab,head,5,dr_rc,dr|fast-repeated-cross-section|repeated-cross-section,4,400,50,bootstrap,0
session-ab,head,5,dr_rc,dr|fast-repeated-cross-section|repeated-cross-section,4,400,50,aggregation,0
session-ab,head,5,dr_rc,dr|fast-repeated-cross-section|repeated-cross-section,4,400,50,unprofiled,.7479999999999989
session-ab,head,5,dr_rc,dr|fast-repeated-cross-section|repeated-cross-section,4,400,50,total,4.353
session-ab,base,5,reg,reg|fast-balanced-panel|panel,1,400,50,setup,.1310000000000001
session-ab,base,5,reg,reg|fast-balanced-panel|panel,1,400,50,cell_extract,0
session-ab,base,5,reg,reg|fast-balanced-panel|panel,1,400,50,model_fit,.4070000000000003
session-ab,base,5,reg,reg|fast-balanced-panel|panel,1,400,50,if_assembly,.041
session-ab,base,5,reg,reg|fast-balanced-panel|panel,1,400,50,cache_post,.003
session-ab,base,5,reg,reg|fast-balanced-panel|panel,1,400,50,cluster,0
session-ab,base,5,reg,reg|fast-balanced-panel|panel,1,400,50,bootstrap,0
session-ab,base,5,reg,reg|fast-balanced-panel|panel,1,400,50,aggregation,0
session-ab,base,5,reg,reg|fast-balanced-panel|panel,1,400,50,unprofiled,.5689999999999996
session-ab,base,5,reg,reg|fast-balanced-panel|panel,1,400,50,total,1.151
session-ab,base,5,ipw,ipw|fast-balanced-panel|panel,2,400,50,setup,.1330000000000001
session-ab,base,5,ipw,ipw|fast-balanced-panel|panel,2,400,50,cell_extract,0
session-ab,base,5,ipw,ipw|fast-balanced-panel|panel,2,400,50,model_fit,1.053000000000001
session-ab,base,5,ipw,ipw|fast-balanced-panel|panel,2,400,50,if_assembly,.063
session-ab,base,5,ipw,ipw|fast-balanced-panel|panel,2,400,50,cache_post,.002
session-ab,base,5,ipw,ipw|fast-balanced-panel|panel,2,400,50,cluster,0
session-ab,base,5,ipw,ipw|fast-balanced-panel|panel,2,400,50,bootstrap,0
session-ab,base,5,ipw,ipw|fast-balanced-panel|panel,2,400,50,aggregation,0
session-ab,base,5,ipw,ipw|fast-balanced-panel|panel,2,400,50,unprofiled,.5559999999999989
session-ab,base,5,ipw,ipw|fast-balanced-panel|panel,2,400,50,total,1.807
session-ab,base,5,dr,dr|fast-balanced-panel|panel,3,400,50,setup,.1320000000000001
session-ab,base,5,dr,dr|fast-balanced-panel|panel,3,400,50,cell_extract,0
session-ab,base,5,dr,dr|fast-balanced-panel|panel,3,400,50,model_fit,1.472
session-ab,base,5,dr,dr|fast-balanced-panel|panel,3,400,50,if_assembly,.057
session-ab,base,5,dr,dr|fast-balanced-panel|panel,3,400,50,cache_post,.003
session-ab,base,5,dr,dr|fast-balanced-panel|panel,3,400,50,cluster,0
session-ab,base,5,dr,dr|fast-balanced-panel|panel,3,400,50,bootstrap,0
session-ab,base,5,dr,dr|fast-balanced-panel|panel,3,400,50,aggregation,0
session-ab,base,5,dr,dr|fast-balanced-panel|panel,3,400,50,unprofiled,.5650000000000002
session-ab,base,5,dr,dr|fast-balanced-panel|panel,3,400,50,total,2.229
session-ab,base,5,dr_rc,dr|fast-repeated-cross-section|repeated-cross-section,4,400,50,setup,.2520000000000001
session-ab,base,5,dr_rc,dr|fast-repeated-cross-section|repeated-cross-section,4,400,50,cell_extract,.036
session-ab,base,5,dr_rc,dr|fast-repeated-cross-section|repeated-cross-section,4,400,50,model_fit,3.048000000000002
session-ab,base,5,dr_rc,dr|fast-repeated-cross-section|repeated-cross-section,4,400,50,if_assembly,.2330000000000002
session-ab,base,5,dr_rc,dr|fast-repeated-cross-section|repeated-cross-section,4,400,50,cache_post,.003
session-ab,base,5,dr_rc,dr|fast-repeated-cross-section|repeated-cross-section,4,400,50,cluster,0
session-ab,base,5,dr_rc,dr|fast-repeated-cross-section|repeated-cross-section,4,400,50,bootstrap,0
session-ab,base,5,dr_rc,dr|fast-repeated-cross-section|repeated-cross-section,4,400,50,aggregation,0
session-ab,base,5,dr_rc,dr|fast-repeated-cross-section|repeated-cross-section,4,400,50,unprofiled,.7579999999999982
session-ab,base,5,dr_rc,dr|fast-repeated-cross-section|repeated-cross-section,4,400,50,total,4.33
session-ab,base,6,reg,reg|fast-balanced-panel|panel,1,400,50,setup,.1290000000000001
session-ab,base,6,reg,reg|fast-balanced-panel|panel,1,400,50,cell_extract,0
session-ab,base,6,reg,reg|fast-balanced-panel|panel,1,400,50,model_fit,.4020000000000003
session-ab,base,6,reg,reg|fast-balanced-panel|panel,1,400,50,if_assembly,.054
session-ab,base,6,reg,reg|fast-balanced-panel|panel,1,400,50,cache_post,0
session-ab,base,6,reg,reg|fast-balanced-panel|panel,1,400,50,cluster,0
session-ab,base,6,reg,reg|fast-balanced-panel|panel,1,400,50,bootstrap,0
session-ab,base,6,reg,reg|fast-balanced-panel|panel,1,400,50,aggregation,0
session-ab,base,6,reg,reg|fast-balanced-panel|panel,1,400,50,unprofiled,.5879999999999996
session-ab,base,6,reg,reg|fast-balanced-panel|panel,1,400,50,total,1.173
session-ab,base,6,dr_rc,dr|fast-repeated-cross-section|repeated-cross-section,2,400,50,setup,.2560000000000001
session-ab,base,6,dr_rc,dr|fast-repeated-cross-section|repeated-cross-section,2,400,50,cell_extract,.035
session-ab,base,6,dr_rc,dr|fast-repeated-cross-section|repeated-cross-section,2,400,50,model_fit,3.089000000000001
session-ab,base,6,dr_rc,dr|fast-repeated-cross-section|repeated-cross-section,2,400,50,if_assembly,.2290000000000001
session-ab,base,6,dr_rc,dr|fast-repeated-cross-section|repeated-cross-section,2,400,50,cache_post,.005
session-ab,base,6,dr_rc,dr|fast-repeated-cross-section|repeated-cross-section,2,400,50,cluster,0
session-ab,base,6,dr_rc,dr|fast-repeated-cross-section|repeated-cross-section,2,400,50,bootstrap,0
session-ab,base,6,dr_rc,dr|fast-repeated-cross-section|repeated-cross-section,2,400,50,aggregation,0
session-ab,base,6,dr_rc,dr|fast-repeated-cross-section|repeated-cross-section,2,400,50,unprofiled,.7510000000000008
session-ab,base,6,dr_rc,dr|fast-repeated-cross-section|repeated-cross-section,2,400,50,total,4.365000000000002
session-ab,base,6,dr,dr|fast-balanced-panel|panel,3,400,50,setup,.1290000000000001
session-ab,base,6,dr,dr|fast-balanced-panel|panel,3,400,50,cell_extract,0
session-ab,base,6,dr,dr|fast-balanced-panel|panel,3,400,50,model_fit,1.476
session-ab,base,6,dr,dr|fast-balanced-panel|panel,3,400,50,if_assembly,.047
session-ab,base,6,dr,dr|fast-balanced-panel|panel,3,400,50,cache_post,.001
session-ab,base,6,dr,dr|fast-balanced-panel|panel,3,400,50,cluster,0
session-ab,base,6,dr,dr|fast-balanced-panel|panel,3,400,50,bootstrap,0
session-ab,base,6,dr,dr|fast-balanced-panel|panel,3,400,50,aggregation,0
session-ab,base,6,dr,dr|fast-balanced-panel|panel,3,400,50,unprofiled,.6189999999999989
session-ab,base,6,dr,dr|fast-balanced-panel|panel,3,400,50,total,2.271999999999999
session-ab,base,6,ipw,ipw|fast-balanced-panel|panel,4,400,50,setup,.1380000000000001
session-ab,base,6,ipw,ipw|fast-balanced-panel|panel,4,400,50,cell_extract,0
session-ab,base,6,ipw,ipw|fast-balanced-panel|panel,4,400,50,model_fit,1.081000000000001
session-ab,base,6,ipw,ipw|fast-balanced-panel|panel,4,400,50,if_assembly,.059
session-ab,base,6,ipw,ipw|fast-balanced-panel|panel,4,400,50,cache_post,.003
session-ab,base,6,ipw,ipw|fast-balanced-panel|panel,4,400,50,cluster,0
session-ab,base,6,ipw,ipw|fast-balanced-panel|panel,4,400,50,bootstrap,0
session-ab,base,6,ipw,ipw|fast-balanced-panel|panel,4,400,50,aggregation,0
session-ab,base,6,ipw,ipw|fast-balanced-panel|panel,4,400,50,unprofiled,.603999999999999
session-ab,base,6,ipw,ipw|fast-balanced-panel|panel,4,400,50,total,1.885
session-ab,head,6,reg,reg|fast-balanced-panel|panel,1,400,50,setup,.1270000000000001
session-ab,head,6,reg,reg|fast-balanced-panel|panel,1,400,50,cell_extract,0
session-ab,head,6,reg,reg|fast-balanced-panel|panel,1,400,50,model_fit,.4080000000000003
session-ab,head,6,reg,reg|fast-balanced-panel|panel,1,400,50,if_assembly,.042
session-ab,head,6,reg,reg|fast-balanced-panel|panel,1,400,50,cache_post,.003
session-ab,head,6,reg,reg|fast-balanced-panel|panel,1,400,50,cluster,0
session-ab,head,6,reg,reg|fast-balanced-panel|panel,1,400,50,bootstrap,0
session-ab,head,6,reg,reg|fast-balanced-panel|panel,1,400,50,aggregation,0
session-ab,head,6,reg,reg|fast-balanced-panel|panel,1,400,50,unprofiled,.5849999999999996
session-ab,head,6,reg,reg|fast-balanced-panel|panel,1,400,50,total,1.165
session-ab,head,6,dr_rc,dr|fast-repeated-cross-section|repeated-cross-section,2,400,50,setup,.2530000000000001
session-ab,head,6,dr_rc,dr|fast-repeated-cross-section|repeated-cross-section,2,400,50,cell_extract,.039
session-ab,head,6,dr_rc,dr|fast-repeated-cross-section|repeated-cross-section,2,400,50,model_fit,3.055000000000001
session-ab,head,6,dr_rc,dr|fast-repeated-cross-section|repeated-cross-section,2,400,50,if_assembly,.2450000000000002
session-ab,head,6,dr_rc,dr|fast-repeated-cross-section|repeated-cross-section,2,400,50,cache_post,.007
session-ab,head,6,dr_rc,dr|fast-repeated-cross-section|repeated-cross-section,2,400,50,cluster,0
session-ab,head,6,dr_rc,dr|fast-repeated-cross-section|repeated-cross-section,2,400,50,bootstrap,0
session-ab,head,6,dr_rc,dr|fast-repeated-cross-section|repeated-cross-section,2,400,50,aggregation,0
session-ab,head,6,dr_rc,dr|fast-repeated-cross-section|repeated-cross-section,2,400,50,unprofiled,.7560000000000002
session-ab,head,6,dr_rc,dr|fast-repeated-cross-section|repeated-cross-section,2,400,50,total,4.355000000000001
session-ab,head,6,dr,dr|fast-balanced-panel|panel,3,400,50,setup,.1520000000000001
session-ab,head,6,dr,dr|fast-balanced-panel|panel,3,400,50,cell_extract,0
session-ab,head,6,dr,dr|fast-balanced-panel|panel,3,400,50,model_fit,1.489
session-ab,head,6,dr,dr|fast-balanced-panel|panel,3,400,50,if_assembly,.059
session-ab,head,6,dr,dr|fast-balanced-panel|panel,3,400,50,cache_post,.002
session-ab,head,6,dr,dr|fast-balanced-panel|panel,3,400,50,cluster,0
session-ab,head,6,dr,dr|fast-balanced-panel|panel,3,400,50,bootstrap,0
session-ab,head,6,dr,dr|fast-balanced-panel|panel,3,400,50,aggregation,0
session-ab,head,6,dr,dr|fast-balanced-panel|panel,3,400,50,unprofiled,.6179999999999999
session-ab,head,6,dr,dr|fast-balanced-panel|panel,3,400,50,total,2.32
session-ab,head,6,ipw,ipw|fast-balanced-panel|panel,4,400,50,setup,.1390000000000001
session-ab,head,6,ipw,ipw|fast-balanced-panel|panel,4,400,50,cell_extract,0
session-ab,head,6,ipw,ipw|fast-balanced-panel|panel,4,400,50,model_fit,1.052
session-ab,head,6,ipw,ipw|fast-balanced-panel|panel,4,400,50,if_assembly,.064
session-ab,head,6,ipw,ipw|fast-balanced-panel|panel,4,400,50,cache_post,.002
session-ab,head,6,ipw,ipw|fast-balanced-panel|panel,4,400,50,cluster,0
session-ab,head,6,ipw,ipw|fast-balanced-panel|panel,4,400,50,bootstrap,0
session-ab,head,6,ipw,ipw|fast-balanced-panel|panel,4,400,50,aggregation,0
session-ab,head,6,ipw,ipw|fast-balanced-panel|panel,4,400,50,unprofiled,.619
session-ab,head,6,ipw,ipw|fast-balanced-panel|panel,4,400,50,total,1.876
session-ab,base,7,dr,dr|fast-balanced-panel|panel,1,400,50,setup,.1310000000000001
session-ab,base,7,dr,dr|fast-balanced-panel|panel,1,400,50,cell_extract,0
session-ab,base,7,dr,dr|fast-balanced-panel|panel,1,400,50,model_fit,1.479
session-ab,base,7,dr,dr|fast-balanced-panel|panel,1,400,50,if_assembly,.068
session-ab,base,7,dr,dr|fast-balanced-panel|panel,1,400,50,cache_post,.002
session-ab,base,7,dr,dr|fast-balanced-panel|panel,1,400,50,cluster,0
session-ab,base,7,dr,dr|fast-balanced-panel|panel,1,400,50,bootstrap,0
session-ab,base,7,dr,dr|fast-balanced-panel|panel,1,400,50,aggregation,0
session-ab,base,7,dr,dr|fast-balanced-panel|panel,1,400,50,unprofiled,.5699999999999992
session-ab,base,7,dr,dr|fast-balanced-panel|panel,1,400,50,total,2.249999999999999
session-ab,base,7,dr_rc,dr|fast-repeated-cross-section|repeated-cross-section,2,400,50,setup,.2570000000000001
session-ab,base,7,dr_rc,dr|fast-repeated-cross-section|repeated-cross-section,2,400,50,cell_extract,.041
session-ab,base,7,dr_rc,dr|fast-repeated-cross-section|repeated-cross-section,2,400,50,model_fit,3.121000000000001
session-ab,base,7,dr_rc,dr|fast-repeated-cross-section|repeated-cross-section,2,400,50,if_assembly,.2410000000000002
session-ab,base,7,dr_rc,dr|fast-repeated-cross-section|repeated-cross-section,2,400,50,cache_post,.005
session-ab,base,7,dr_rc,dr|fast-repeated-cross-section|repeated-cross-section,2,400,50,cluster,0
session-ab,base,7,dr_rc,dr|fast-repeated-cross-section|repeated-cross-section,2,400,50,bootstrap,0
session-ab,base,7,dr_rc,dr|fast-repeated-cross-section|repeated-cross-section,2,400,50,aggregation,0
session-ab,base,7,dr_rc,dr|fast-repeated-cross-section|repeated-cross-section,2,400,50,unprofiled,.7320000000000002
session-ab,base,7,dr_rc,dr|fast-repeated-cross-section|repeated-cross-section,2,400,50,total,4.397000000000001
session-ab,base,7,reg,reg|fast-balanced-panel|panel,3,400,50,setup,.1350000000000001
session-ab,base,7,reg,reg|fast-balanced-panel|panel,3,400,50,cell_extract,0
session-ab,base,7,reg,reg|fast-balanced-panel|panel,3,400,50,model_fit,.4190000000000003
session-ab,base,7,reg,reg|fast-balanced-panel|panel,3,400,50,if_assembly,.06
session-ab,base,7,reg,reg|fast-balanced-panel|panel,3,400,50,cache_post,.001
session-ab,base,7,reg,reg|fast-balanced-panel|panel,3,400,50,cluster,0
session-ab,base,7,reg,reg|fast-balanced-panel|panel,3,400,50,bootstrap,0
session-ab,base,7,reg,reg|fast-balanced-panel|panel,3,400,50,aggregation,0
session-ab,base,7,reg,reg|fast-balanced-panel|panel,3,400,50,unprofiled,.5909999999999996
session-ab,base,7,reg,reg|fast-balanced-panel|panel,3,400,50,total,1.206
session-ab,base,7,ipw,ipw|fast-balanced-panel|panel,4,400,50,setup,.1320000000000001
session-ab,base,7,ipw,ipw|fast-balanced-panel|panel,4,400,50,cell_extract,0
session-ab,base,7,ipw,ipw|fast-balanced-panel|panel,4,400,50,model_fit,1.059000000000001
session-ab,base,7,ipw,ipw|fast-balanced-panel|panel,4,400,50,if_assembly,.05
session-ab,base,7,ipw,ipw|fast-balanced-panel|panel,4,400,50,cache_post,.003
session-ab,base,7,ipw,ipw|fast-balanced-panel|panel,4,400,50,cluster,0
session-ab,base,7,ipw,ipw|fast-balanced-panel|panel,4,400,50,bootstrap,0
session-ab,base,7,ipw,ipw|fast-balanced-panel|panel,4,400,50,aggregation,0
session-ab,base,7,ipw,ipw|fast-balanced-panel|panel,4,400,50,unprofiled,.6109999999999989
session-ab,base,7,ipw,ipw|fast-balanced-panel|panel,4,400,50,total,1.855
session-ab,head,7,dr,dr|fast-balanced-panel|panel,1,400,50,setup,.1350000000000001
session-ab,head,7,dr,dr|fast-balanced-panel|panel,1,400,50,cell_extract,0
session-ab,head,7,dr,dr|fast-balanced-panel|panel,1,400,50,model_fit,1.481
session-ab,head,7,dr,dr|fast-balanced-panel|panel,1,400,50,if_assembly,.056
session-ab,head,7,dr,dr|fast-balanced-panel|panel,1,400,50,cache_post,.001
session-ab,head,7,dr,dr|fast-balanced-panel|panel,1,400,50,cluster,0
session-ab,head,7,dr,dr|fast-balanced-panel|panel,1,400,50,bootstrap,0
session-ab,head,7,dr,dr|fast-balanced-panel|panel,1,400,50,aggregation,0
session-ab,head,7,dr,dr|fast-balanced-panel|panel,1,400,50,unprofiled,.5639999999999992
session-ab,head,7,dr,dr|fast-balanced-panel|panel,1,400,50,total,2.236999999999999
session-ab,head,7,dr_rc,dr|fast-repeated-cross-section|repeated-cross-section,2,400,50,setup,.2550000000000001
session-ab,head,7,dr_rc,dr|fast-repeated-cross-section|repeated-cross-section,2,400,50,cell_extract,.044
session-ab,head,7,dr_rc,dr|fast-repeated-cross-section|repeated-cross-section,2,400,50,model_fit,3.219000000000001
session-ab,head,7,dr_rc,dr|fast-repeated-cross-section|repeated-cross-section,2,400,50,if_assembly,.2390000000000002
session-ab,head,7,dr_rc,dr|fast-repeated-cross-section|repeated-cross-section,2,400,50,cache_post,.005
session-ab,head,7,dr_rc,dr|fast-repeated-cross-section|repeated-cross-section,2,400,50,cluster,0
session-ab,head,7,dr_rc,dr|fast-repeated-cross-section|repeated-cross-section,2,400,50,bootstrap,0
session-ab,head,7,dr_rc,dr|fast-repeated-cross-section|repeated-cross-section,2,400,50,aggregation,0
session-ab,head,7,dr_rc,dr|fast-repeated-cross-section|repeated-cross-section,2,400,50,unprofiled,.8969999999999998
session-ab,head,7,dr_rc,dr|fast-repeated-cross-section|repeated-cross-section,2,400,50,total,4.659000000000001
session-ab,head,7,reg,reg|fast-balanced-panel|panel,3,400,50,setup,.1350000000000001
session-ab,head,7,reg,reg|fast-balanced-panel|panel,3,400,50,cell_extract,0
session-ab,head,7,reg,reg|fast-balanced-panel|panel,3,400,50,model_fit,.3950000000000003
session-ab,head,7,reg,reg|fast-balanced-panel|panel,3,400,50,if_assembly,.068
session-ab,head,7,reg,reg|fast-balanced-panel|panel,3,400,50,cache_post,.003
session-ab,head,7,reg,reg|fast-balanced-panel|panel,3,400,50,cluster,0
session-ab,head,7,reg,reg|fast-balanced-panel|panel,3,400,50,bootstrap,0
session-ab,head,7,reg,reg|fast-balanced-panel|panel,3,400,50,aggregation,0
session-ab,head,7,reg,reg|fast-balanced-panel|panel,3,400,50,unprofiled,.6129999999999997
session-ab,head,7,reg,reg|fast-balanced-panel|panel,3,400,50,total,1.214
session-ab,head,7,ipw,ipw|fast-balanced-panel|panel,4,400,50,setup,.1390000000000001
session-ab,head,7,ipw,ipw|fast-balanced-panel|panel,4,400,50,cell_extract,0
session-ab,head,7,ipw,ipw|fast-balanced-panel|panel,4,400,50,model_fit,1.064000000000001
session-ab,head,7,ipw,ipw|fast-balanced-panel|panel,4,400,50,if_assembly,.065
session-ab,head,7,ipw,ipw|fast-balanced-panel|panel,4,400,50,cache_post,.002
session-ab,head,7,ipw,ipw|fast-balanced-panel|panel,4,400,50,cluster,0
session-ab,head,7,ipw,ipw|fast-balanced-panel|panel,4,400,50,bootstrap,0
session-ab,head,7,ipw,ipw|fast-balanced-panel|panel,4,400,50,aggregation,0
session-ab,head,7,ipw,ipw|fast-balanced-panel|panel,4,400,50,unprofiled,.6199999999999981
session-ab,head,7,ipw,ipw|fast-balanced-panel|panel,4,400,50,total,1.889999999999999
session-ab,head,8,dr,dr|fast-balanced-panel|panel,1,400,50,setup,.1370000000000001
session-ab,head,8,dr,dr|fast-balanced-panel|panel,1,400,50,cell_extract,0
session-ab,head,8,dr,dr|fast-balanced-panel|panel,1,400,50,model_fit,1.479
session-ab,head,8,dr,dr|fast-balanced-panel|panel,1,400,50,if_assembly,.056
session-ab,head,8,dr,dr|fast-balanced-panel|panel,1,400,50,cache_post,.003
session-ab,head,8,dr,dr|fast-balanced-panel|panel,1,400,50,cluster,0
session-ab,head,8,dr,dr|fast-balanced-panel|panel,1,400,50,bootstrap,0
session-ab,head,8,dr,dr|fast-balanced-panel|panel,1,400,50,aggregation,0
session-ab,head,8,dr,dr|fast-balanced-panel|panel,1,400,50,unprofiled,.599999999999999
session-ab,head,8,dr,dr|fast-balanced-panel|panel,1,400,50,total,2.274999999999999
session-ab,head,8,ipw,ipw|fast-balanced-panel|panel,2,400,50,setup,.1320000000000001
session-ab,head,8,ipw,ipw|fast-balanced-panel|panel,2,400,50,cell_extract,0
session-ab,head,8,ipw,ipw|fast-balanced-panel|panel,2,400,50,model_fit,1.069000000000001
session-ab,head,8,ipw,ipw|fast-balanced-panel|panel,2,400,50,if_assembly,.053
session-ab,head,8,ipw,ipw|fast-balanced-panel|panel,2,400,50,cache_post,.002
session-ab,head,8,ipw,ipw|fast-balanced-panel|panel,2,400,50,cluster,0
session-ab,head,8,ipw,ipw|fast-balanced-panel|panel,2,400,50,bootstrap,0
session-ab,head,8,ipw,ipw|fast-balanced-panel|panel,2,400,50,aggregation,0
session-ab,head,8,ipw,ipw|fast-balanced-panel|panel,2,400,50,unprofiled,.5759999999999992
session-ab,head,8,ipw,ipw|fast-balanced-panel|panel,2,400,50,total,1.832
session-ab,head,8,reg,reg|fast-balanced-panel|panel,3,400,50,setup,.1290000000000001
session-ab,head,8,reg,reg|fast-balanced-panel|panel,3,400,50,cell_extract,0
session-ab,head,8,reg,reg|fast-balanced-panel|panel,3,400,50,model_fit,.3950000000000003
session-ab,head,8,reg,reg|fast-balanced-panel|panel,3,400,50,if_assembly,.06
session-ab,head,8,reg,reg|fast-balanced-panel|panel,3,400,50,cache_post,.004
session-ab,head,8,reg,reg|fast-balanced-panel|panel,3,400,50,cluster,0
session-ab,head,8,reg,reg|fast-balanced-panel|panel,3,400,50,bootstrap,0
session-ab,head,8,reg,reg|fast-balanced-panel|panel,3,400,50,aggregation,0
session-ab,head,8,reg,reg|fast-balanced-panel|panel,3,400,50,unprofiled,.5889999999999997
session-ab,head,8,reg,reg|fast-balanced-panel|panel,3,400,50,total,1.177
session-ab,head,8,dr_rc,dr|fast-repeated-cross-section|repeated-cross-section,4,400,50,setup,.2490000000000001
session-ab,head,8,dr_rc,dr|fast-repeated-cross-section|repeated-cross-section,4,400,50,cell_extract,.04
session-ab,head,8,dr_rc,dr|fast-repeated-cross-section|repeated-cross-section,4,400,50,model_fit,3.060999999999999
session-ab,head,8,dr_rc,dr|fast-repeated-cross-section|repeated-cross-section,4,400,50,if_assembly,.2310000000000001
session-ab,head,8,dr_rc,dr|fast-repeated-cross-section|repeated-cross-section,4,400,50,cache_post,.006
session-ab,head,8,dr_rc,dr|fast-repeated-cross-section|repeated-cross-section,4,400,50,cluster,0
session-ab,head,8,dr_rc,dr|fast-repeated-cross-section|repeated-cross-section,4,400,50,bootstrap,0
session-ab,head,8,dr_rc,dr|fast-repeated-cross-section|repeated-cross-section,4,400,50,aggregation,0
session-ab,head,8,dr_rc,dr|fast-repeated-cross-section|repeated-cross-section,4,400,50,unprofiled,.7560000000000016
session-ab,head,8,dr_rc,dr|fast-repeated-cross-section|repeated-cross-section,4,400,50,total,4.343000000000002
session-ab,base,8,dr,dr|fast-balanced-panel|panel,1,400,50,setup,.1250000000000001
session-ab,base,8,dr,dr|fast-balanced-panel|panel,1,400,50,cell_extract,0
session-ab,base,8,dr,dr|fast-balanced-panel|panel,1,400,50,model_fit,1.492
session-ab,base,8,dr,dr|fast-balanced-panel|panel,1,400,50,if_assembly,.053
session-ab,base,8,dr,dr|fast-balanced-panel|panel,1,400,50,cache_post,.003
session-ab,base,8,dr,dr|fast-balanced-panel|panel,1,400,50,cluster,0
session-ab,base,8,dr,dr|fast-balanced-panel|panel,1,400,50,bootstrap,0
session-ab,base,8,dr,dr|fast-balanced-panel|panel,1,400,50,aggregation,0
session-ab,base,8,dr,dr|fast-balanced-panel|panel,1,400,50,unprofiled,.5699999999999998
session-ab,base,8,dr,dr|fast-balanced-panel|panel,1,400,50,total,2.243
session-ab,base,8,ipw,ipw|fast-balanced-panel|panel,2,400,50,setup,.1320000000000001
session-ab,base,8,ipw,ipw|fast-balanced-panel|panel,2,400,50,cell_extract,0
session-ab,base,8,ipw,ipw|fast-balanced-panel|panel,2,400,50,model_fit,1.054000000000001
session-ab,base,8,ipw,ipw|fast-balanced-panel|panel,2,400,50,if_assembly,.056
session-ab,base,8,ipw,ipw|fast-balanced-panel|panel,2,400,50,cache_post,0
session-ab,base,8,ipw,ipw|fast-balanced-panel|panel,2,400,50,cluster,0
session-ab,base,8,ipw,ipw|fast-balanced-panel|panel,2,400,50,bootstrap,0
session-ab,base,8,ipw,ipw|fast-balanced-panel|panel,2,400,50,aggregation,0
session-ab,base,8,ipw,ipw|fast-balanced-panel|panel,2,400,50,unprofiled,.567999999999999
session-ab,base,8,ipw,ipw|fast-balanced-panel|panel,2,400,50,total,1.81
session-ab,base,8,reg,reg|fast-balanced-panel|panel,3,400,50,setup,.1330000000000001
session-ab,base,8,reg,reg|fast-balanced-panel|panel,3,400,50,cell_extract,0
session-ab,base,8,reg,reg|fast-balanced-panel|panel,3,400,50,model_fit,.4200000000000003
session-ab,base,8,reg,reg|fast-balanced-panel|panel,3,400,50,if_assembly,.048
session-ab,base,8,reg,reg|fast-balanced-panel|panel,3,400,50,cache_post,.003
session-ab,base,8,reg,reg|fast-balanced-panel|panel,3,400,50,cluster,0
session-ab,base,8,reg,reg|fast-balanced-panel|panel,3,400,50,bootstrap,0
session-ab,base,8,reg,reg|fast-balanced-panel|panel,3,400,50,aggregation,0
session-ab,base,8,reg,reg|fast-balanced-panel|panel,3,400,50,unprofiled,.5619999999999995
session-ab,base,8,reg,reg|fast-balanced-panel|panel,3,400,50,total,1.166
session-ab,base,8,dr_rc,dr|fast-repeated-cross-section|repeated-cross-section,4,400,50,setup,.2610000000000001
session-ab,base,8,dr_rc,dr|fast-repeated-cross-section|repeated-cross-section,4,400,50,cell_extract,.033
session-ab,base,8,dr_rc,dr|fast-repeated-cross-section|repeated-cross-section,4,400,50,model_fit,3.087
session-ab,base,8,dr_rc,dr|fast-repeated-cross-section|repeated-cross-section,4,400,50,if_assembly,.2390000000000002
session-ab,base,8,dr_rc,dr|fast-repeated-cross-section|repeated-cross-section,4,400,50,cache_post,.01
session-ab,base,8,dr_rc,dr|fast-repeated-cross-section|repeated-cross-section,4,400,50,cluster,0
session-ab,base,8,dr_rc,dr|fast-repeated-cross-section|repeated-cross-section,4,400,50,bootstrap,0
session-ab,base,8,dr_rc,dr|fast-repeated-cross-section|repeated-cross-section,4,400,50,aggregation,0
session-ab,base,8,dr_rc,dr|fast-repeated-cross-section|repeated-cross-section,4,400,50,unprofiled,.7380000000000004
session-ab,base,8,dr_rc,dr|fast-repeated-cross-section|repeated-cross-section,4,400,50,total,4.368
session-ab,head,9,reg,reg|fast-balanced-panel|panel,1,400,50,setup,.1310000000000001
session-ab,head,9,reg,reg|fast-balanced-panel|panel,1,400,50,cell_extract,0
session-ab,head,9,reg,reg|fast-balanced-panel|panel,1,400,50,model_fit,.4090000000000003
session-ab,head,9,reg,reg|fast-balanced-panel|panel,1,400,50,if_assembly,.053
session-ab,head,9,reg,reg|fast-balanced-panel|panel,1,400,50,cache_post,.001
session-ab,head,9,reg,reg|fast-balanced-panel|panel,1,400,50,cluster,0
session-ab,head,9,reg,reg|fast-balanced-panel|panel,1,400,50,bootstrap,0
session-ab,head,9,reg,reg|fast-balanced-panel|panel,1,400,50,aggregation,0
session-ab,head,9,reg,reg|fast-balanced-panel|panel,1,400,50,unprofiled,.5689999999999996
session-ab,head,9,reg,reg|fast-balanced-panel|panel,1,400,50,total,1.163
session-ab,head,9,ipw,ipw|fast-balanced-panel|panel,2,400,50,setup,.1260000000000001
session-ab,head,9,ipw,ipw|fast-balanced-panel|panel,2,400,50,cell_extract,0
session-ab,head,9,ipw,ipw|fast-balanced-panel|panel,2,400,50,model_fit,1.043000000000001
session-ab,head,9,ipw,ipw|fast-balanced-panel|panel,2,400,50,if_assembly,.035
session-ab,head,9,ipw,ipw|fast-balanced-panel|panel,2,400,50,cache_post,.004
session-ab,head,9,ipw,ipw|fast-balanced-panel|panel,2,400,50,cluster,0
session-ab,head,9,ipw,ipw|fast-balanced-panel|panel,2,400,50,bootstrap,0
session-ab,head,9,ipw,ipw|fast-balanced-panel|panel,2,400,50,aggregation,0
session-ab,head,9,ipw,ipw|fast-balanced-panel|panel,2,400,50,unprofiled,.5909999999999989
session-ab,head,9,ipw,ipw|fast-balanced-panel|panel,2,400,50,total,1.799
session-ab,head,9,dr,dr|fast-balanced-panel|panel,3,400,50,setup,.1350000000000001
session-ab,head,9,dr,dr|fast-balanced-panel|panel,3,400,50,cell_extract,0
session-ab,head,9,dr,dr|fast-balanced-panel|panel,3,400,50,model_fit,1.561
session-ab,head,9,dr,dr|fast-balanced-panel|panel,3,400,50,if_assembly,.058
session-ab,head,9,dr,dr|fast-balanced-panel|panel,3,400,50,cache_post,.004
session-ab,head,9,dr,dr|fast-balanced-panel|panel,3,400,50,cluster,0
session-ab,head,9,dr,dr|fast-balanced-panel|panel,3,400,50,bootstrap,0
session-ab,head,9,dr,dr|fast-balanced-panel|panel,3,400,50,aggregation,0
session-ab,head,9,dr,dr|fast-balanced-panel|panel,3,400,50,unprofiled,.5910000000000002
session-ab,head,9,dr,dr|fast-balanced-panel|panel,3,400,50,total,2.349
session-ab,head,9,dr_rc,dr|fast-repeated-cross-section|repeated-cross-section,4,400,50,setup,.2540000000000001
session-ab,head,9,dr_rc,dr|fast-repeated-cross-section|repeated-cross-section,4,400,50,cell_extract,.04
session-ab,head,9,dr_rc,dr|fast-repeated-cross-section|repeated-cross-section,4,400,50,model_fit,3.053000000000001
session-ab,head,9,dr_rc,dr|fast-repeated-cross-section|repeated-cross-section,4,400,50,if_assembly,.2610000000000002
session-ab,head,9,dr_rc,dr|fast-repeated-cross-section|repeated-cross-section,4,400,50,cache_post,.003
session-ab,head,9,dr_rc,dr|fast-repeated-cross-section|repeated-cross-section,4,400,50,cluster,0
session-ab,head,9,dr_rc,dr|fast-repeated-cross-section|repeated-cross-section,4,400,50,bootstrap,0
session-ab,head,9,dr_rc,dr|fast-repeated-cross-section|repeated-cross-section,4,400,50,aggregation,0
session-ab,head,9,dr_rc,dr|fast-repeated-cross-section|repeated-cross-section,4,400,50,unprofiled,.7580000000000013
session-ab,head,9,dr_rc,dr|fast-repeated-cross-section|repeated-cross-section,4,400,50,total,4.369000000000002
session-ab,base,9,reg,reg|fast-balanced-panel|panel,1,400,50,setup,.1260000000000001
session-ab,base,9,reg,reg|fast-balanced-panel|panel,1,400,50,cell_extract,0
session-ab,base,9,reg,reg|fast-balanced-panel|panel,1,400,50,model_fit,.4260000000000003
session-ab,base,9,reg,reg|fast-balanced-panel|panel,1,400,50,if_assembly,.052
session-ab,base,9,reg,reg|fast-balanced-panel|panel,1,400,50,cache_post,.002
session-ab,base,9,reg,reg|fast-balanced-panel|panel,1,400,50,cluster,0
session-ab,base,9,reg,reg|fast-balanced-panel|panel,1,400,50,bootstrap,0
session-ab,base,9,reg,reg|fast-balanced-panel|panel,1,400,50,aggregation,0
session-ab,base,9,reg,reg|fast-balanced-panel|panel,1,400,50,unprofiled,.5589999999999995
session-ab,base,9,reg,reg|fast-balanced-panel|panel,1,400,50,total,1.165
session-ab,base,9,ipw,ipw|fast-balanced-panel|panel,2,400,50,setup,.1380000000000001
session-ab,base,9,ipw,ipw|fast-balanced-panel|panel,2,400,50,cell_extract,0
session-ab,base,9,ipw,ipw|fast-balanced-panel|panel,2,400,50,model_fit,1.092000000000001
session-ab,base,9,ipw,ipw|fast-balanced-panel|panel,2,400,50,if_assembly,.061
session-ab,base,9,ipw,ipw|fast-balanced-panel|panel,2,400,50,cache_post,.001
session-ab,base,9,ipw,ipw|fast-balanced-panel|panel,2,400,50,cluster,0
session-ab,base,9,ipw,ipw|fast-balanced-panel|panel,2,400,50,bootstrap,0
session-ab,base,9,ipw,ipw|fast-balanced-panel|panel,2,400,50,aggregation,0
session-ab,base,9,ipw,ipw|fast-balanced-panel|panel,2,400,50,unprofiled,.6049999999999991
session-ab,base,9,ipw,ipw|fast-balanced-panel|panel,2,400,50,total,1.897
session-ab,base,9,dr,dr|fast-balanced-panel|panel,3,400,50,setup,.1360000000000001
session-ab,base,9,dr,dr|fast-balanced-panel|panel,3,400,50,cell_extract,0
session-ab,base,9,dr,dr|fast-balanced-panel|panel,3,400,50,model_fit,1.478
session-ab,base,9,dr,dr|fast-balanced-panel|panel,3,400,50,if_assembly,.058
session-ab,base,9,dr,dr|fast-balanced-panel|panel,3,400,50,cache_post,.002
session-ab,base,9,dr,dr|fast-balanced-panel|panel,3,400,50,cluster,0
session-ab,base,9,dr,dr|fast-balanced-panel|panel,3,400,50,bootstrap,0
session-ab,base,9,dr,dr|fast-balanced-panel|panel,3,400,50,aggregation,0
session-ab,base,9,dr,dr|fast-balanced-panel|panel,3,400,50,unprofiled,.5790000000000002
session-ab,base,9,dr,dr|fast-balanced-panel|panel,3,400,50,total,2.253
session-ab,base,9,dr_rc,dr|fast-repeated-cross-section|repeated-cross-section,4,400,50,setup,.2550000000000001
session-ab,base,9,dr_rc,dr|fast-repeated-cross-section|repeated-cross-section,4,400,50,cell_extract,.046
session-ab,base,9,dr_rc,dr|fast-repeated-cross-section|repeated-cross-section,4,400,50,model_fit,3.166
session-ab,base,9,dr_rc,dr|fast-repeated-cross-section|repeated-cross-section,4,400,50,if_assembly,.2170000000000001
session-ab,base,9,dr_rc,dr|fast-repeated-cross-section|repeated-cross-section,4,400,50,cache_post,.003
session-ab,base,9,dr_rc,dr|fast-repeated-cross-section|repeated-cross-section,4,400,50,cluster,0
session-ab,base,9,dr_rc,dr|fast-repeated-cross-section|repeated-cross-section,4,400,50,bootstrap,0
session-ab,base,9,dr_rc,dr|fast-repeated-cross-section|repeated-cross-section,4,400,50,aggregation,0
session-ab,base,9,dr_rc,dr|fast-repeated-cross-section|repeated-cross-section,4,400,50,unprofiled,.7600000000000011
session-ab,base,9,dr_rc,dr|fast-repeated-cross-section|repeated-cross-section,4,400,50,total,4.447000000000001
session-ab,base,10,reg,reg|fast-balanced-panel|panel,1,400,50,setup,.1390000000000001
session-ab,base,10,reg,reg|fast-balanced-panel|panel,1,400,50,cell_extract,0
session-ab,base,10,reg,reg|fast-balanced-panel|panel,1,400,50,model_fit,.4140000000000003
session-ab,base,10,reg,reg|fast-balanced-panel|panel,1,400,50,if_assembly,.058
session-ab,base,10,reg,reg|fast-balanced-panel|panel,1,400,50,cache_post,.004
session-ab,base,10,reg,reg|fast-balanced-panel|panel,1,400,50,cluster,0
session-ab,base,10,reg,reg|fast-balanced-panel|panel,1,400,50,bootstrap,0
session-ab,base,10,reg,reg|fast-balanced-panel|panel,1,400,50,aggregation,0
session-ab,base,10,reg,reg|fast-balanced-panel|panel,1,400,50,unprofiled,.5909999999999995
session-ab,base,10,reg,reg|fast-balanced-panel|panel,1,400,50,total,1.206
session-ab,base,10,dr_rc,dr|fast-repeated-cross-section|repeated-cross-section,2,400,50,setup,.2560000000000001
session-ab,base,10,dr_rc,dr|fast-repeated-cross-section|repeated-cross-section,2,400,50,cell_extract,.04
session-ab,base,10,dr_rc,dr|fast-repeated-cross-section|repeated-cross-section,2,400,50,model_fit,3.099
session-ab,base,10,dr_rc,dr|fast-repeated-cross-section|repeated-cross-section,2,400,50,if_assembly,.2220000000000001
session-ab,base,10,dr_rc,dr|fast-repeated-cross-section|repeated-cross-section,2,400,50,cache_post,.006
session-ab,base,10,dr_rc,dr|fast-repeated-cross-section|repeated-cross-section,2,400,50,cluster,0
session-ab,base,10,dr_rc,dr|fast-repeated-cross-section|repeated-cross-section,2,400,50,bootstrap,0
session-ab,base,10,dr_rc,dr|fast-repeated-cross-section|repeated-cross-section,2,400,50,aggregation,0
session-ab,base,10,dr_rc,dr|fast-repeated-cross-section|repeated-cross-section,2,400,50,unprofiled,.7540000000000004
session-ab,base,10,dr_rc,dr|fast-repeated-cross-section|repeated-cross-section,2,400,50,total,4.377000000000001
session-ab,base,10,dr,dr|fast-balanced-panel|panel,3,400,50,setup,.1440000000000001
session-ab,base,10,dr,dr|fast-balanced-panel|panel,3,400,50,cell_extract,0
session-ab,base,10,dr,dr|fast-balanced-panel|panel,3,400,50,model_fit,1.555000000000001
session-ab,base,10,dr,dr|fast-balanced-panel|panel,3,400,50,if_assembly,.058
session-ab,base,10,dr,dr|fast-balanced-panel|panel,3,400,50,cache_post,.002
session-ab,base,10,dr,dr|fast-balanced-panel|panel,3,400,50,cluster,0
session-ab,base,10,dr,dr|fast-balanced-panel|panel,3,400,50,bootstrap,0
session-ab,base,10,dr,dr|fast-balanced-panel|panel,3,400,50,aggregation,0
session-ab,base,10,dr,dr|fast-balanced-panel|panel,3,400,50,unprofiled,.624999999999998
session-ab,base,10,dr,dr|fast-balanced-panel|panel,3,400,50,total,2.383999999999999
session-ab,base,10,ipw,ipw|fast-balanced-panel|panel,4,400,50,setup,.1340000000000001
session-ab,base,10,ipw,ipw|fast-balanced-panel|panel,4,400,50,cell_extract,0
session-ab,base,10,ipw,ipw|fast-balanced-panel|panel,4,400,50,model_fit,1.084000000000001
session-ab,base,10,ipw,ipw|fast-balanced-panel|panel,4,400,50,if_assembly,.063
session-ab,base,10,ipw,ipw|fast-balanced-panel|panel,4,400,50,cache_post,.002
session-ab,base,10,ipw,ipw|fast-balanced-panel|panel,4,400,50,cluster,0
session-ab,base,10,ipw,ipw|fast-balanced-panel|panel,4,400,50,bootstrap,0
session-ab,base,10,ipw,ipw|fast-balanced-panel|panel,4,400,50,aggregation,0
session-ab,base,10,ipw,ipw|fast-balanced-panel|panel,4,400,50,unprofiled,.637999999999999
session-ab,base,10,ipw,ipw|fast-balanced-panel|panel,4,400,50,total,1.921
session-ab,head,10,reg,reg|fast-balanced-panel|panel,1,400,50,setup,.1320000000000001
session-ab,head,10,reg,reg|fast-balanced-panel|panel,1,400,50,cell_extract,0
session-ab,head,10,reg,reg|fast-balanced-panel|panel,1,400,50,model_fit,.4140000000000003
session-ab,head,10,reg,reg|fast-balanced-panel|panel,1,400,50,if_assembly,.061
session-ab,head,10,reg,reg|fast-balanced-panel|panel,1,400,50,cache_post,0
session-ab,head,10,reg,reg|fast-balanced-panel|panel,1,400,50,cluster,0
session-ab,head,10,reg,reg|fast-balanced-panel|panel,1,400,50,bootstrap,0
session-ab,head,10,reg,reg|fast-balanced-panel|panel,1,400,50,aggregation,0
session-ab,head,10,reg,reg|fast-balanced-panel|panel,1,400,50,unprofiled,.5779999999999996
session-ab,head,10,reg,reg|fast-balanced-panel|panel,1,400,50,total,1.185
session-ab,head,10,dr_rc,dr|fast-repeated-cross-section|repeated-cross-section,2,400,50,setup,.2490000000000001
session-ab,head,10,dr_rc,dr|fast-repeated-cross-section|repeated-cross-section,2,400,50,cell_extract,.037
session-ab,head,10,dr_rc,dr|fast-repeated-cross-section|repeated-cross-section,2,400,50,model_fit,3.084
session-ab,head,10,dr_rc,dr|fast-repeated-cross-section|repeated-cross-section,2,400,50,if_assembly,.2120000000000001
session-ab,head,10,dr_rc,dr|fast-repeated-cross-section|repeated-cross-section,2,400,50,cache_post,.005
session-ab,head,10,dr_rc,dr|fast-repeated-cross-section|repeated-cross-section,2,400,50,cluster,0
session-ab,head,10,dr_rc,dr|fast-repeated-cross-section|repeated-cross-section,2,400,50,bootstrap,0
session-ab,head,10,dr_rc,dr|fast-repeated-cross-section|repeated-cross-section,2,400,50,aggregation,0
session-ab,head,10,dr_rc,dr|fast-repeated-cross-section|repeated-cross-section,2,400,50,unprofiled,.7309999999999994
session-ab,head,10,dr_rc,dr|fast-repeated-cross-section|repeated-cross-section,2,400,50,total,4.318
session-ab,head,10,dr,dr|fast-balanced-panel|panel,3,400,50,setup,.1370000000000001
session-ab,head,10,dr,dr|fast-balanced-panel|panel,3,400,50,cell_extract,0
session-ab,head,10,dr,dr|fast-balanced-panel|panel,3,400,50,model_fit,1.487
session-ab,head,10,dr,dr|fast-balanced-panel|panel,3,400,50,if_assembly,.062
session-ab,head,10,dr,dr|fast-balanced-panel|panel,3,400,50,cache_post,0
session-ab,head,10,dr,dr|fast-balanced-panel|panel,3,400,50,cluster,0
session-ab,head,10,dr,dr|fast-balanced-panel|panel,3,400,50,bootstrap,0
session-ab,head,10,dr,dr|fast-balanced-panel|panel,3,400,50,aggregation,0
session-ab,head,10,dr,dr|fast-balanced-panel|panel,3,400,50,unprofiled,.629
session-ab,head,10,dr,dr|fast-balanced-panel|panel,3,400,50,total,2.315
session-ab,head,10,ipw,ipw|fast-balanced-panel|panel,4,400,50,setup,.1350000000000001
session-ab,head,10,ipw,ipw|fast-balanced-panel|panel,4,400,50,cell_extract,0
session-ab,head,10,ipw,ipw|fast-balanced-panel|panel,4,400,50,model_fit,1.054000000000001
session-ab,head,10,ipw,ipw|fast-balanced-panel|panel,4,400,50,if_assembly,.053
session-ab,head,10,ipw,ipw|fast-balanced-panel|panel,4,400,50,cache_post,.007
session-ab,head,10,ipw,ipw|fast-balanced-panel|panel,4,400,50,cluster,0
session-ab,head,10,ipw,ipw|fast-balanced-panel|panel,4,400,50,bootstrap,0
session-ab,head,10,ipw,ipw|fast-balanced-panel|panel,4,400,50,aggregation,0
session-ab,head,10,ipw,ipw|fast-balanced-panel|panel,4,400,50,unprofiled,.6209999999999991
session-ab,head,10,ipw,ipw|fast-balanced-panel|panel,4,400,50,total,1.87
session-ab,base,11,dr,dr|fast-balanced-panel|panel,1,400,50,setup,.1330000000000001
session-ab,base,11,dr,dr|fast-balanced-panel|panel,1,400,50,cell_extract,0
session-ab,base,11,dr,dr|fast-balanced-panel|panel,1,400,50,model_fit,1.47
session-ab,base,11,dr,dr|fast-balanced-panel|panel,1,400,50,if_assembly,.055
session-ab,base,11,dr,dr|fast-balanced-panel|panel,1,400,50,cache_post,.002
session-ab,base,11,dr,dr|fast-balanced-panel|panel,1,400,50,cluster,0
session-ab,base,11,dr,dr|fast-balanced-panel|panel,1,400,50,bootstrap,0
session-ab,base,11,dr,dr|fast-balanced-panel|panel,1,400,50,aggregation,0
session-ab,base,11,dr,dr|fast-balanced-panel|panel,1,400,50,unprofiled,.571
session-ab,base,11,dr,dr|fast-balanced-panel|panel,1,400,50,total,2.231
session-ab,base,11,dr_rc,dr|fast-repeated-cross-section|repeated-cross-section,2,400,50,setup,.2500000000000001
session-ab,base,11,dr_rc,dr|fast-repeated-cross-section|repeated-cross-section,2,400,50,cell_extract,.042
session-ab,base,11,dr_rc,dr|fast-repeated-cross-section|repeated-cross-section,2,400,50,model_fit,3.088000000000001
session-ab,base,11,dr_rc,dr|fast-repeated-cross-section|repeated-cross-section,2,400,50,if_assembly,.2460000000000002
session-ab,base,11,dr_rc,dr|fast-repeated-cross-section|repeated-cross-section,2,400,50,cache_post,.003
session-ab,base,11,dr_rc,dr|fast-repeated-cross-section|repeated-cross-section,2,400,50,cluster,0
session-ab,base,11,dr_rc,dr|fast-repeated-cross-section|repeated-cross-section,2,400,50,bootstrap,0
session-ab,base,11,dr_rc,dr|fast-repeated-cross-section|repeated-cross-section,2,400,50,aggregation,0
session-ab,base,11,dr_rc,dr|fast-repeated-cross-section|repeated-cross-section,2,400,50,unprofiled,.7309999999999994
session-ab,base,11,dr_rc,dr|fast-repeated-cross-section|repeated-cross-section,2,400,50,total,4.36
session-ab,base,11,reg,reg|fast-balanced-panel|panel,3,400,50,setup,.1390000000000001
session-ab,base,11,reg,reg|fast-balanced-panel|panel,3,400,50,cell_extract,0
session-ab,base,11,reg,reg|fast-balanced-panel|panel,3,400,50,model_fit,.4290000000000003
session-ab,base,11,reg,reg|fast-balanced-panel|panel,3,400,50,if_assembly,.052
session-ab,base,11,reg,reg|fast-balanced-panel|panel,3,400,50,cache_post,.001
session-ab,base,11,reg,reg|fast-balanced-panel|panel,3,400,50,cluster,0
session-ab,base,11,reg,reg|fast-balanced-panel|panel,3,400,50,bootstrap,0
session-ab,base,11,reg,reg|fast-balanced-panel|panel,3,400,50,aggregation,0
session-ab,base,11,reg,reg|fast-balanced-panel|panel,3,400,50,unprofiled,.5980000000000005
session-ab,base,11,reg,reg|fast-balanced-panel|panel,3,400,50,total,1.219000000000001
session-ab,base,11,ipw,ipw|fast-balanced-panel|panel,4,400,50,setup,.1370000000000001
session-ab,base,11,ipw,ipw|fast-balanced-panel|panel,4,400,50,cell_extract,0
session-ab,base,11,ipw,ipw|fast-balanced-panel|panel,4,400,50,model_fit,1.065000000000001
session-ab,base,11,ipw,ipw|fast-balanced-panel|panel,4,400,50,if_assembly,.048
session-ab,base,11,ipw,ipw|fast-balanced-panel|panel,4,400,50,cache_post,.002
session-ab,base,11,ipw,ipw|fast-balanced-panel|panel,4,400,50,cluster,0
session-ab,base,11,ipw,ipw|fast-balanced-panel|panel,4,400,50,bootstrap,0
session-ab,base,11,ipw,ipw|fast-balanced-panel|panel,4,400,50,aggregation,0
session-ab,base,11,ipw,ipw|fast-balanced-panel|panel,4,400,50,unprofiled,.6079999999999981
session-ab,base,11,ipw,ipw|fast-balanced-panel|panel,4,400,50,total,1.859999999999999
session-ab,head,11,dr,dr|fast-balanced-panel|panel,1,400,50,setup,.1290000000000001
session-ab,head,11,dr,dr|fast-balanced-panel|panel,1,400,50,cell_extract,0
session-ab,head,11,dr,dr|fast-balanced-panel|panel,1,400,50,model_fit,1.483
session-ab,head,11,dr,dr|fast-balanced-panel|panel,1,400,50,if_assembly,.051
session-ab,head,11,dr,dr|fast-balanced-panel|panel,1,400,50,cache_post,.001
session-ab,head,11,dr,dr|fast-balanced-panel|panel,1,400,50,cluster,0
session-ab,head,11,dr,dr|fast-balanced-panel|panel,1,400,50,bootstrap,0
session-ab,head,11,dr,dr|fast-balanced-panel|panel,1,400,50,aggregation,0
session-ab,head,11,dr,dr|fast-balanced-panel|panel,1,400,50,unprofiled,.5650000000000002
session-ab,head,11,dr,dr|fast-balanced-panel|panel,1,400,50,total,2.229
session-ab,head,11,dr_rc,dr|fast-repeated-cross-section|repeated-cross-section,2,400,50,setup,.2500000000000001
session-ab,head,11,dr_rc,dr|fast-repeated-cross-section|repeated-cross-section,2,400,50,cell_extract,.037
session-ab,head,11,dr_rc,dr|fast-repeated-cross-section|repeated-cross-section,2,400,50,model_fit,3.068000000000001
session-ab,head,11,dr_rc,dr|fast-repeated-cross-section|repeated-cross-section,2,400,50,if_assembly,.2510000000000002
session-ab,head,11,dr_rc,dr|fast-repeated-cross-section|repeated-cross-section,2,400,50,cache_post,.007
session-ab,head,11,dr_rc,dr|fast-repeated-cross-section|repeated-cross-section,2,400,50,cluster,0
session-ab,head,11,dr_rc,dr|fast-repeated-cross-section|repeated-cross-section,2,400,50,bootstrap,0
session-ab,head,11,dr_rc,dr|fast-repeated-cross-section|repeated-cross-section,2,400,50,aggregation,0
session-ab,head,11,dr_rc,dr|fast-repeated-cross-section|repeated-cross-section,2,400,50,unprofiled,.7249999999999992
session-ab,head,11,dr_rc,dr|fast-repeated-cross-section|repeated-cross-section,2,400,50,total,4.338
session-ab,head,11,reg,reg|fast-balanced-panel|panel,3,400,50,setup,.1380000000000001
session-ab,head,11,reg,reg|fast-balanced-panel|panel,3,400,50,cell_extract,0
session-ab,head,11,reg,reg|fast-balanced-panel|panel,3,400,50,model_fit,.4190000000000003
session-ab,head,11,reg,reg|fast-balanced-panel|panel,3,400,50,if_assembly,.065
session-ab,head,11,reg,reg|fast-balanced-panel|panel,3,400,50,cache_post,.003
session-ab,head,11,reg,reg|fast-balanced-panel|panel,3,400,50,cluster,0
session-ab,head,11,reg,reg|fast-balanced-panel|panel,3,400,50,bootstrap,0
session-ab,head,11,reg,reg|fast-balanced-panel|panel,3,400,50,aggregation,0
session-ab,head,11,reg,reg|fast-balanced-panel|panel,3,400,50,unprofiled,.6139999999999998
session-ab,head,11,reg,reg|fast-balanced-panel|panel,3,400,50,total,1.239
session-ab,head,11,ipw,ipw|fast-balanced-panel|panel,4,400,50,setup,.1330000000000001
session-ab,head,11,ipw,ipw|fast-balanced-panel|panel,4,400,50,cell_extract,0
session-ab,head,11,ipw,ipw|fast-balanced-panel|panel,4,400,50,model_fit,1.050000000000001
session-ab,head,11,ipw,ipw|fast-balanced-panel|panel,4,400,50,if_assembly,.059
session-ab,head,11,ipw,ipw|fast-balanced-panel|panel,4,400,50,cache_post,.004
session-ab,head,11,ipw,ipw|fast-balanced-panel|panel,4,400,50,cluster,0
session-ab,head,11,ipw,ipw|fast-balanced-panel|panel,4,400,50,bootstrap,0
session-ab,head,11,ipw,ipw|fast-balanced-panel|panel,4,400,50,aggregation,0
session-ab,head,11,ipw,ipw|fast-balanced-panel|panel,4,400,50,unprofiled,.6279999999999979
session-ab,head,11,ipw,ipw|fast-balanced-panel|panel,4,400,50,total,1.873999999999999
session-ab,head,12,dr,dr|fast-balanced-panel|panel,1,400,50,setup,.1340000000000001
session-ab,head,12,dr,dr|fast-balanced-panel|panel,1,400,50,cell_extract,0
session-ab,head,12,dr,dr|fast-balanced-panel|panel,1,400,50,model_fit,1.51
session-ab,head,12,dr,dr|fast-balanced-panel|panel,1,400,50,if_assembly,.052
session-ab,head,12,dr,dr|fast-balanced-panel|panel,1,400,50,cache_post,.001
session-ab,head,12,dr,dr|fast-balanced-panel|panel,1,400,50,cluster,0
session-ab,head,12,dr,dr|fast-balanced-panel|panel,1,400,50,bootstrap,0
session-ab,head,12,dr,dr|fast-balanced-panel|panel,1,400,50,aggregation,0
session-ab,head,12,dr,dr|fast-balanced-panel|panel,1,400,50,unprofiled,.5909999999999997
session-ab,head,12,dr,dr|fast-balanced-panel|panel,1,400,50,total,2.288
session-ab,head,12,ipw,ipw|fast-balanced-panel|panel,2,400,50,setup,.1300000000000001
session-ab,head,12,ipw,ipw|fast-balanced-panel|panel,2,400,50,cell_extract,0
session-ab,head,12,ipw,ipw|fast-balanced-panel|panel,2,400,50,model_fit,1.056000000000001
session-ab,head,12,ipw,ipw|fast-balanced-panel|panel,2,400,50,if_assembly,.065
session-ab,head,12,ipw,ipw|fast-balanced-panel|panel,2,400,50,cache_post,.002
session-ab,head,12,ipw,ipw|fast-balanced-panel|panel,2,400,50,cluster,0
session-ab,head,12,ipw,ipw|fast-balanced-panel|panel,2,400,50,bootstrap,0
session-ab,head,12,ipw,ipw|fast-balanced-panel|panel,2,400,50,aggregation,0
session-ab,head,12,ipw,ipw|fast-balanced-panel|panel,2,400,50,unprofiled,.595999999999999
session-ab,head,12,ipw,ipw|fast-balanced-panel|panel,2,400,50,total,1.849
session-ab,head,12,reg,reg|fast-balanced-panel|panel,3,400,50,setup,.1360000000000001
session-ab,head,12,reg,reg|fast-balanced-panel|panel,3,400,50,cell_extract,0
session-ab,head,12,reg,reg|fast-balanced-panel|panel,3,400,50,model_fit,.4220000000000003
session-ab,head,12,reg,reg|fast-balanced-panel|panel,3,400,50,if_assembly,.051
session-ab,head,12,reg,reg|fast-balanced-panel|panel,3,400,50,cache_post,.001
session-ab,head,12,reg,reg|fast-balanced-panel|panel,3,400,50,cluster,0
session-ab,head,12,reg,reg|fast-balanced-panel|panel,3,400,50,bootstrap,0
session-ab,head,12,reg,reg|fast-balanced-panel|panel,3,400,50,aggregation,0
session-ab,head,12,reg,reg|fast-balanced-panel|panel,3,400,50,unprofiled,.5699999999999995
session-ab,head,12,reg,reg|fast-balanced-panel|panel,3,400,50,total,1.18
session-ab,head,12,dr_rc,dr|fast-repeated-cross-section|repeated-cross-section,4,400,50,setup,.2570000000000001
session-ab,head,12,dr_rc,dr|fast-repeated-cross-section|repeated-cross-section,4,400,50,cell_extract,.037
session-ab,head,12,dr_rc,dr|fast-repeated-cross-section|repeated-cross-section,4,400,50,model_fit,3.100000000000001
session-ab,head,12,dr_rc,dr|fast-repeated-cross-section|repeated-cross-section,4,400,50,if_assembly,.2460000000000002
session-ab,head,12,dr_rc,dr|fast-repeated-cross-section|repeated-cross-section,4,400,50,cache_post,.006
session-ab,head,12,dr_rc,dr|fast-repeated-cross-section|repeated-cross-section,4,400,50,cluster,0
session-ab,head,12,dr_rc,dr|fast-repeated-cross-section|repeated-cross-section,4,400,50,bootstrap,0
session-ab,head,12,dr_rc,dr|fast-repeated-cross-section|repeated-cross-section,4,400,50,aggregation,0
session-ab,head,12,dr_rc,dr|fast-repeated-cross-section|repeated-cross-section,4,400,50,unprofiled,.7379999999999995
session-ab,head,12,dr_rc,dr|fast-repeated-cross-section|repeated-cross-section,4,400,50,total,4.384
session-ab,base,12,dr,dr|fast-balanced-panel|panel,1,400,50,setup,.1310000000000001
session-ab,base,12,dr,dr|fast-balanced-panel|panel,1,400,50,cell_extract,0
session-ab,base,12,dr,dr|fast-balanced-panel|panel,1,400,50,model_fit,1.492
session-ab,base,12,dr,dr|fast-balanced-panel|panel,1,400,50,if_assembly,.063
session-ab,base,12,dr,dr|fast-balanced-panel|panel,1,400,50,cache_post,.004
session-ab,base,12,dr,dr|fast-balanced-panel|panel,1,400,50,cluster,0
session-ab,base,12,dr,dr|fast-balanced-panel|panel,1,400,50,bootstrap,0
session-ab,base,12,dr,dr|fast-balanced-panel|panel,1,400,50,aggregation,0
session-ab,base,12,dr,dr|fast-balanced-panel|panel,1,400,50,unprofiled,.5989999999999989
session-ab,base,12,dr,dr|fast-balanced-panel|panel,1,400,50,total,2.288999999999999
session-ab,base,12,ipw,ipw|fast-balanced-panel|panel,2,400,50,setup,.1300000000000001
session-ab,base,12,ipw,ipw|fast-balanced-panel|panel,2,400,50,cell_extract,0
session-ab,base,12,ipw,ipw|fast-balanced-panel|panel,2,400,50,model_fit,1.057000000000001
session-ab,base,12,ipw,ipw|fast-balanced-panel|panel,2,400,50,if_assembly,.053
session-ab,base,12,ipw,ipw|fast-balanced-panel|panel,2,400,50,cache_post,.001
session-ab,base,12,ipw,ipw|fast-balanced-panel|panel,2,400,50,cluster,0
session-ab,base,12,ipw,ipw|fast-balanced-panel|panel,2,400,50,bootstrap,0
session-ab,base,12,ipw,ipw|fast-balanced-panel|panel,2,400,50,aggregation,0
session-ab,base,12,ipw,ipw|fast-balanced-panel|panel,2,400,50,unprofiled,.5869999999999991
session-ab,base,12,ipw,ipw|fast-balanced-panel|panel,2,400,50,total,1.828
session-ab,base,12,reg,reg|fast-balanced-panel|panel,3,400,50,setup,.1320000000000001
session-ab,base,12,reg,reg|fast-balanced-panel|panel,3,400,50,cell_extract,0
session-ab,base,12,reg,reg|fast-balanced-panel|panel,3,400,50,model_fit,.4220000000000003
session-ab,base,12,reg,reg|fast-balanced-panel|panel,3,400,50,if_assembly,.061
session-ab,base,12,reg,reg|fast-balanced-panel|panel,3,400,50,cache_post,.001
session-ab,base,12,reg,reg|fast-balanced-panel|panel,3,400,50,cluster,0
session-ab,base,12,reg,reg|fast-balanced-panel|panel,3,400,50,bootstrap,0
session-ab,base,12,reg,reg|fast-balanced-panel|panel,3,400,50,aggregation,0
session-ab,base,12,reg,reg|fast-balanced-panel|panel,3,400,50,unprofiled,.5680000000000006
session-ab,base,12,reg,reg|fast-balanced-panel|panel,3,400,50,total,1.184000000000001
session-ab,base,12,dr_rc,dr|fast-repeated-cross-section|repeated-cross-section,4,400,50,setup,.2540000000000001
session-ab,base,12,dr_rc,dr|fast-repeated-cross-section|repeated-cross-section,4,400,50,cell_extract,.042
session-ab,base,12,dr_rc,dr|fast-repeated-cross-section|repeated-cross-section,4,400,50,model_fit,3.094
session-ab,base,12,dr_rc,dr|fast-repeated-cross-section|repeated-cross-section,4,400,50,if_assembly,.2370000000000002
session-ab,base,12,dr_rc,dr|fast-repeated-cross-section|repeated-cross-section,4,400,50,cache_post,.005
session-ab,base,12,dr_rc,dr|fast-repeated-cross-section|repeated-cross-section,4,400,50,cluster,0
session-ab,base,12,dr_rc,dr|fast-repeated-cross-section|repeated-cross-section,4,400,50,bootstrap,0
session-ab,base,12,dr_rc,dr|fast-repeated-cross-section|repeated-cross-section,4,400,50,aggregation,0
session-ab,base,12,dr_rc,dr|fast-repeated-cross-section|repeated-cross-section,4,400,50,unprofiled,.765000000000001
session-ab,base,12,dr_rc,dr|fast-repeated-cross-section|repeated-cross-section,4,400,50,total,4.397000000000001
